ISO-10303-21;
HEADER;
FILE_DESCRIPTION (( 'STEP AP203' ),
    '1' );
FILE_NAME ('FIXED-BASE_Défaut_sldprt.STEP',
    '2025-05-01T13:41:18',
    ( '' ),
    ( '' ),
    'SwSTEP 2.0',
    'SolidWorks 2022',
    '' );
FILE_SCHEMA (( 'CONFIG_CONTROL_DESIGN' ));
ENDSEC;

DATA;
#1 = DIRECTION ( 'NONE',  ( 1.000000000000000000, -0.000000000000000000, -0.000000000000000000 ) ) ;
#2 = DIRECTION ( 'NONE',  ( -0.000000000000000000, -0.000000000000000000, -1.000000000000000000 ) ) ;
#3 = VERTEX_POINT ( 'NONE', #2420 ) ;
#4 = DIRECTION ( 'NONE',  ( 1.000000000000000000, 0.000000000000000000, 0.000000000000000000 ) ) ;
#5 = ADVANCED_FACE ( 'NONE', ( #982, #1330, #149, #966, #1233, #2671, #2159, #2691, #3252, #2070, #781, #2857, #1044, #1311, #1770, #1085, #1786, #800, #3164, #496 ), #2401, .F. ) ;
#6 = EDGE_CURVE ( 'NONE', #2345, #1127, #1471, .T. ) ;
#7 = AXIS2_PLACEMENT_3D ( 'NONE', #820, #1910, #2215 ) ;
#8 = ORIENTED_EDGE ( 'NONE', *, *, #1577, .F. ) ;
#9 = EDGE_CURVE ( 'NONE', #3284, #868, #2050, .T. ) ;
#10 = LINE ( 'NONE', #2450, #177 ) ;
#11 = VECTOR ( 'NONE', #1527, 1000.000000000000000 ) ;
#12 = DIRECTION ( 'NONE',  ( 0.4999999999999992228, 0.8660254037844390407, 0.000000000000000000 ) ) ;
#13 = ORIENTED_EDGE ( 'NONE', *, *, #1163, .F. ) ;
#14 = CARTESIAN_POINT ( 'NONE',  ( -234.5654448419555536, -159.9858359136488559, 0.000000000000000000 ) ) ;
#15 = EDGE_LOOP ( 'NONE', ( #198, #752, #1191, #3452 ) ) ;
#16 = CARTESIAN_POINT ( 'NONE',  ( -122.0303720796953968, 102.9306277435934049, -59.00000000000000711 ) ) ;
#17 = CARTESIAN_POINT ( 'NONE',  ( 172.4441741012873592, -152.4858359136431432, 8.000000000000000000 ) ) ;
#18 = EDGE_CURVE ( 'NONE', #2924, #876, #2722, .T. ) ;
#19 = CARTESIAN_POINT ( 'NONE',  ( -56.08148988191288709, -49.20329330367697906, 0.000000000000000000 ) ) ;
#20 = CARTESIAN_POINT ( 'NONE',  ( -77.24823929375726550, 127.4955570005870698, 8.000000000000000000 ) ) ;
#21 = ORIENTED_EDGE ( 'NONE', *, *, #386, .F. ) ;
#22 = CARTESIAN_POINT ( 'NONE',  ( -33.22569887979242509, 193.7448336758284029, 8.000000000000000000 ) ) ;
#23 = CARTESIAN_POINT ( 'NONE',  ( 107.1749362148916589, 10.56380027665532673, 0.000000000000000000 ) ) ;
#24 = EDGE_LOOP ( 'NONE', ( #2330, #729, #455, #1008 ) ) ;
#25 = DIRECTION ( 'NONE',  ( -1.000000000000000000, 0.000000000000000000, 0.000000000000000000 ) ) ;
#26 = ORIENTED_EDGE ( 'NONE', *, *, #780, .F. ) ;
#27 = APPROVAL_DATE_TIME ( #1601, #872 ) ;
#28 = AXIS2_PLACEMENT_3D ( 'NONE', #969, #2056, #705 ) ;
#29 = DIRECTION ( 'NONE',  ( -0.000000000000000000, -0.000000000000000000, 1.000000000000000000 ) ) ;
#30 = CARTESIAN_POINT ( 'NONE',  ( 26.72079804829775540, 89.91445526059696647, 8.000000000000000000 ) ) ;
#31 = VECTOR ( 'NONE', #3106, 1000.000000000000227 ) ;
#32 = CIRCLE ( 'NONE', #3058, 5.000000000000004441 ) ;
#33 = VECTOR ( 'NONE', #2236, 1000.000000000000000 ) ;
#34 = ORIENTED_EDGE ( 'NONE', *, *, #690, .F. ) ;
#35 = VECTOR ( 'NONE', #750, 1000.000000000000000 ) ;
#36 = DIRECTION ( 'NONE',  ( -1.000000000000000000, 0.000000000000000000, 0.000000000000000000 ) ) ;
#37 = LINE ( 'NONE', #2251, #3324 ) ;
#38 = EDGE_CURVE ( 'NONE', #156, #1634, #1852, .T. ) ;
#39 = PLANE ( 'NONE',  #1645 ) ;
#40 = CARTESIAN_POINT ( 'NONE',  ( -117.1037935601527096, 108.4637120469668474, 0.000000000000000000 ) ) ;
#41 = VERTEX_POINT ( 'NONE', #2942 ) ;
#42 = LINE ( 'NONE', #1060, #2202 ) ;
#43 = DIRECTION ( 'NONE',  ( 1.000000000000000000, 0.000000000000000000, 0.000000000000000000 ) ) ;
#44 = ORIENTED_EDGE ( 'NONE', *, *, #3235, .T. ) ;
#45 = VERTEX_POINT ( 'NONE', #3524 ) ;
#46 = CARTESIAN_POINT ( 'NONE',  ( -146.1263339740401648, 58.19519748539269699, 8.000000000000000000 ) ) ;
#47 = DIRECTION ( 'NONE',  ( -1.000000000000000000, 0.000000000000000000, 0.000000000000000000 ) ) ;
#48 = ORIENTED_EDGE ( 'NONE', *, *, #3453, .T. ) ;
#49 = AXIS2_PLACEMENT_3D ( 'NONE', #2635, #2372, #999 ) ;
#50 = LINE ( 'NONE', #2209, #3353 ) ;
#51 = CARTESIAN_POINT ( 'NONE',  ( 0.4975139712178797691, -130.7583913984942399, 0.000000000000000000 ) ) ;
#52 = EDGE_CURVE ( 'NONE', #473, #3125, #3183, .T. ) ;
#53 = ADVANCED_FACE ( 'NONE', ( #532 ), #3236, .F. ) ;
#54 = EDGE_LOOP ( 'NONE', ( #1235, #2178, #2507, #104 ) ) ;
#55 = PLANE ( 'NONE',  #2197 ) ;
#56 = EDGE_CURVE ( 'NONE', #1417, #2818, #245, .T. ) ;
#57 = DIRECTION ( 'NONE',  ( 0.000000000000000000, 0.000000000000000000, 1.000000000000000000 ) ) ;
#58 = DIRECTION ( 'NONE',  ( -0.000000000000000000, -0.000000000000000000, -1.000000000000000000 ) ) ;
#59 = CARTESIAN_POINT ( 'NONE',  ( -30.22569887979242154, 186.4492173093101712, 8.000000000000000000 ) ) ;
#60 = VERTEX_POINT ( 'NONE', #2709 ) ;
#61 = DIRECTION ( 'NONE',  ( -1.000000000000000000, 0.000000000000000000, 0.000000000000000000 ) ) ;
#62 = VECTOR ( 'NONE', #1884, 1000.000000000000000 ) ;
#63 = DIRECTION ( 'NONE',  ( -0.000000000000000000, -0.000000000000000000, -1.000000000000000000 ) ) ;
#64 = ORIENTED_EDGE ( 'NONE', *, *, #3153, .F. ) ;
#65 = ORIENTED_EDGE ( 'NONE', *, *, #1011, .T. ) ;
#66 = LINE ( 'NONE', #1995, #3290 ) ;
#67 = CARTESIAN_POINT ( 'NONE',  ( 34.59704207852223590, 36.27240042738326053, 8.000000000000000000 ) ) ;
#68 = VERTEX_POINT ( 'NONE', #2441 ) ;
#69 = EDGE_CURVE ( 'NONE', #231, #1560, #1500, .T. ) ;
#70 = FACE_OUTER_BOUND ( 'NONE', #2986, .T. ) ;
#71 = CYLINDRICAL_SURFACE ( 'NONE', #1156, 5.000000000000614619 ) ;
#72 = EDGE_LOOP ( 'NONE', ( #1819, #1005, #2831, #2488 ) ) ;
#73 = CARTESIAN_POINT ( 'NONE',  ( -155.1806180518505869, -164.9858359136503054, 8.000000000000000000 ) ) ;
#74 = VECTOR ( 'NONE', #628, 1000.000000000000000 ) ;
#75 = LINE ( 'NONE', #3332, #642 ) ;
#76 = AXIS2_PLACEMENT_3D ( 'NONE', #2491, #2174, #47 ) ;
#77 = CARTESIAN_POINT ( 'NONE',  ( 45.67464607720025782, -146.9254863691283219, 8.000000000000000000 ) ) ;
#78 = DIRECTION ( 'NONE',  ( -0.000000000000000000, -0.000000000000000000, -1.000000000000000000 ) ) ;
#79 = ORIENTED_EDGE ( 'NONE', *, *, #651, .T. ) ;
#80 = LINE ( 'NONE', #2571, #2998 ) ;
#81 = CARTESIAN_POINT ( 'NONE',  ( -129.7755958674761985, -21.93938240269056195, 0.000000000000000000 ) ) ;
#82 = ORIENTED_EDGE ( 'NONE', *, *, #6, .F. ) ;
#83 = ORIENTED_EDGE ( 'NONE', *, *, #2043, .T. ) ;
#84 = CARTESIAN_POINT ( 'NONE',  ( 141.0749691346427142, -40.80474467253314685, 8.000000000000000000 ) ) ;
#85 = LINE ( 'NONE', #1713, #1158 ) ;
#86 = ORIENTED_EDGE ( 'NONE', *, *, #3286, .T. ) ;
#87 = LINE ( 'NONE', #1715, #264 ) ;
#88 = EDGE_CURVE ( 'NONE', #68, #3243, #434, .T. ) ;
#89 = CARTESIAN_POINT ( 'NONE',  ( -231.2472557322428486, -151.3380277304354138, 8.000000000000000000 ) ) ;
#90 = AXIS2_PLACEMENT_3D ( 'NONE', #2431, #2, #2183 ) ;
#91 = ORIENTED_EDGE ( 'NONE', *, *, #3440, .T. ) ;
#92 = CARTESIAN_POINT ( 'NONE',  ( -86.51569888017382937, -141.4858359134302646, 8.000000000000000000 ) ) ;
#93 = CIRCLE ( 'NONE', #2568, 4.999999999999976907 ) ;
#94 = AXIS2_PLACEMENT_3D ( 'NONE', #1741, #3424, #2827 ) ;
#95 = CIRCLE ( 'NONE', #551, 5.000000000000004441 ) ;
#96 = CIRCLE ( 'NONE', #3232, 4.999999999999990230 ) ;
#97 = CARTESIAN_POINT ( 'NONE',  ( 51.67464607720026493, -146.9254863691283219, 0.000000000000000000 ) ) ;
#98 = LINE ( 'NONE', #576, #1939 ) ;
#99 = ORIENTED_EDGE ( 'NONE', *, *, #2769, .F. ) ;
#100 = PLANE ( 'NONE',  #833 ) ;
#101 = CARTESIAN_POINT ( 'NONE',  ( -33.22569887979242509, 186.4492173093101712, 8.000000000000000000 ) ) ;
#102 = EDGE_CURVE ( 'NONE', #1492, #2682, #2745, .T. ) ;
#103 = VERTEX_POINT ( 'NONE', #2229 ) ;
#104 = ORIENTED_EDGE ( 'NONE', *, *, #355, .F. ) ;
#105 = DIRECTION ( 'NONE',  ( 0.4999999999999997224, -0.8660254037844387076, 0.000000000000000000 ) ) ;
#106 = EDGE_CURVE ( 'NONE', #2643, #1288, #1925, .T. ) ;
#107 = EDGE_LOOP ( 'NONE', ( #2987, #3280 ) ) ;
#108 = DIRECTION ( 'NONE',  ( 0.4999999999999722999, -0.8660254037844544728, 0.000000000000000000 ) ) ;
#109 = CARTESIAN_POINT ( 'NONE',  ( 10.01238656605107913, 181.8542728611859900, 0.000000000000000000 ) ) ;
#110 = ORIENTED_EDGE ( 'NONE', *, *, #259, .T. ) ;
#111 = AXIS2_PLACEMENT_3D ( 'NONE', #3130, #2253, #1768 ) ;
#112 = ADVANCED_FACE ( 'NONE', ( #3015 ), #3271, .T. ) ;
#113 = CYLINDRICAL_SURFACE ( 'NONE', #1708, 3.000000000000002665 ) ;
#114 = DIRECTION ( 'NONE',  ( -0.000000000000000000, -0.000000000000000000, 1.000000000000000000 ) ) ;
#115 = FACE_OUTER_BOUND ( 'NONE', #2894, .T. ) ;
#116 = PLANE ( 'NONE',  #2881 ) ;
#117 = ORIENTED_EDGE ( 'NONE', *, *, #2147, .F. ) ;
#118 = VERTEX_POINT ( 'NONE', #3035 ) ;
#119 = CARTESIAN_POINT ( 'NONE',  ( -238.8955718608775385, -152.4858359136485433, 8.000000000000000000 ) ) ;
#120 = EDGE_CURVE ( 'NONE', #756, #736, #817, .T. ) ;
#121 = VECTOR ( 'NONE', #943, 1000.000000000000000 ) ;
#122 = ORIENTED_EDGE ( 'NONE', *, *, #3441, .T. ) ;
#123 = ORIENTED_EDGE ( 'NONE', *, *, #3335, .F. ) ;
#124 = EDGE_CURVE ( 'NONE', #904, #3329, #1673, .T. ) ;
#125 = DIRECTION ( 'NONE',  ( -0.8660254037844383745, 0.5000000000000006661, 0.000000000000000000 ) ) ;
#126 = VECTOR ( 'NONE', #2615, 1000.000000000000000 ) ;
#127 = PLANE ( 'NONE',  #3206 ) ;
#128 = VECTOR ( 'NONE', #679, 1000.000000000000000 ) ;
#129 = LINE ( 'NONE', #1231, #731 ) ;
#130 = VECTOR ( 'NONE', #1716, 1000.000000000000000 ) ;
#131 = DIRECTION ( 'NONE',  ( -0.000000000000000000, -0.000000000000000000, -1.000000000000000000 ) ) ;
#132 = EDGE_CURVE ( 'NONE', #2447, #621, #606, .T. ) ;
#133 = CARTESIAN_POINT ( 'NONE',  ( -95.55922890939582715, 58.77999264898231502, -59.00000000000000711 ) ) ;
#134 = EDGE_CURVE ( 'NONE', #2515, #322, #2763, .T. ) ;
#135 = CARTESIAN_POINT ( 'NONE',  ( 19.51353415389858625, 86.27710342024667511, 0.000000000000000000 ) ) ;
#136 = ORIENTED_EDGE ( 'NONE', *, *, #1621, .F. ) ;
#137 = CARTESIAN_POINT ( 'NONE',  ( 6.752794194299069019, -106.0621907958616674, 0.000000000000000000 ) ) ;
#138 = ORIENTED_EDGE ( 'NONE', *, *, #2266, .T. ) ;
#139 = ORIENTED_EDGE ( 'NONE', *, *, #3111, .T. ) ;
#140 = CARTESIAN_POINT ( 'NONE',  ( -111.5156988801738152, -186.4858359134302646, 8.000000000000000000 ) ) ;
#141 = DIRECTION ( 'NONE',  ( -0.000000000000000000, -0.000000000000000000, -1.000000000000000000 ) ) ;
#142 = ADVANCED_FACE ( 'NONE', ( #1905 ), #1159, .F. ) ;
#143 = CIRCLE ( 'NONE', #3349, 3.000000000000002665 ) ;
#144 = VECTOR ( 'NONE', #2930, 1000.000000000000000 ) ;
#145 = CIRCLE ( 'NONE', #2138, 3.000000000000002665 ) ;
#146 = DIRECTION ( 'NONE',  ( -0.000000000000000000, -0.000000000000000000, -1.000000000000000000 ) ) ;
#147 = CIRCLE ( 'NONE', #2421, 3.000000000000002665 ) ;
#148 = CARTESIAN_POINT ( 'NONE',  ( -133.2313339740396714, 80.52999264899440846, 0.000000000000000000 ) ) ;
#149 = FACE_BOUND ( 'NONE', #107, .T. ) ;
#150 = CARTESIAN_POINT ( 'NONE',  ( -86.51569888017382937, -141.4858359134302646, -59.00000000000000711 ) ) ;
#151 = AXIS2_PLACEMENT_3D ( 'NONE', #3079, #3352, #2194 ) ;
#152 = EDGE_LOOP ( 'NONE', ( #3050, #65 ) ) ;
#153 = VECTOR ( 'NONE', #1077, 1000.000000000000000 ) ;
#154 = AXIS2_PLACEMENT_3D ( 'NONE', #517, #2406, #2636 ) ;
#155 = DIRECTION ( 'NONE',  ( 0.000000000000000000, 1.000000000000000000, 0.000000000000000000 ) ) ;
#156 = VERTEX_POINT ( 'NONE', #875 ) ;
#157 = ORIENTED_EDGE ( 'NONE', *, *, #1534, .T. ) ;
#158 = DIRECTION ( 'NONE',  ( 1.000000000000000000, 0.000000000000000000, 0.000000000000000000 ) ) ;
#159 = DIRECTION ( 'NONE',  ( 0.8660254037844432595, 0.4999999999999920064, 0.000000000000000000 ) ) ;
#160 = DIRECTION ( 'NONE',  ( -0.000000000000000000, -0.000000000000000000, -1.000000000000000000 ) ) ;
#161 = EDGE_CURVE ( 'NONE', #356, #1555, #2994, .T. ) ;
#162 = ORIENTED_EDGE ( 'NONE', *, *, #1903, .F. ) ;
#163 = EDGE_CURVE ( 'NONE', #297, #2643, #852, .T. ) ;
#164 = VECTOR ( 'NONE', #1450, 1000.000000000000000 ) ;
#165 = ADVANCED_FACE ( 'NONE', ( #1385 ), #3052, .F. ) ;
#166 = CYLINDRICAL_SURFACE ( 'NONE', #3228, 3.000000000000002665 ) ;
#167 = CARTESIAN_POINT ( 'NONE',  ( 140.5276036475652859, -37.20471428497963018, 8.000000000000000000 ) ) ;
#168 = DIRECTION ( 'NONE',  ( -1.000000000000000000, 0.000000000000000000, 0.000000000000000000 ) ) ;
#169 = CARTESIAN_POINT ( 'NONE',  ( 4.816234143344352958, 178.8542728611860468, 0.000000000000000000 ) ) ;
#170 = ORIENTED_EDGE ( 'NONE', *, *, #839, .F. ) ;
#171 = CARTESIAN_POINT ( 'NONE',  ( -234.5654448419555536, -159.9858359136494812, 8.000000000000000000 ) ) ;
#172 = ORIENTED_EDGE ( 'NONE', *, *, #685, .T. ) ;
#173 = EDGE_LOOP ( 'NONE', ( #1633, #1026, #1675, #428 ) ) ;
#174 = FACE_OUTER_BOUND ( 'NONE', #393, .T. ) ;
#175 = CARTESIAN_POINT ( 'NONE',  ( -77.24823929375726550, 127.4955570005870698, 8.000000000000000000 ) ) ;
#176 = EDGE_CURVE ( 'NONE', #524, #1887, #2474, .T. ) ;
#177 = VECTOR ( 'NONE', #1097, 1000.000000000000000 ) ;
#178 = DIRECTION ( 'NONE',  ( -0.5000000000000000000, 0.8660254037844385966, 0.000000000000000000 ) ) ;
#179 = VERTEX_POINT ( 'NONE', #1446 ) ;
#180 = AXIS2_PLACEMENT_3D ( 'NONE', #2732, #612, #1702 ) ;
#181 = EDGE_LOOP ( 'NONE', ( #2482, #454, #243, #441 ) ) ;
#182 = DIRECTION ( 'NONE',  ( 0.000000000000000000, 0.000000000000000000, 1.000000000000000000 ) ) ;
#183 = DIRECTION ( 'NONE',  ( -0.7348034446276150433, 0.6782801027329282695, 0.000000000000000000 ) ) ;
#184 = CARTESIAN_POINT ( 'NONE',  ( -129.3342196569888927, 78.27999264898247134, 0.000000000000000000 ) ) ;
#185 = ORIENTED_EDGE ( 'NONE', *, *, #38, .T. ) ;
#186 = DIRECTION ( 'NONE',  ( 0.5000000000000004441, -0.8660254037844383745, 0.000000000000000000 ) ) ;
#187 = CARTESIAN_POINT ( 'NONE',  ( -29.35730718265930506, -16.31615300382608069, 0.000000000000000000 ) ) ;
#188 = EDGE_LOOP ( 'NONE', ( #1459, #2665, #333, #2511 ) ) ;
#189 = EDGE_LOOP ( 'NONE', ( #968, #3110, #757, #1437 ) ) ;
#190 = CARTESIAN_POINT ( 'NONE',  ( 137.0818877250694356, -81.23655923823309877, 8.000000000000000000 ) ) ;
#191 = CYLINDRICAL_SURFACE ( 'NONE', #429, 4.999999999999976907 ) ;
#192 = CARTESIAN_POINT ( 'NONE',  ( -88.25538133210238811, 83.43062774359324862, 0.000000000000000000 ) ) ;
#193 = EDGE_CURVE ( 'NONE', #594, #2899, #2403, .T. ) ;
#194 = ORIENTED_EDGE ( 'NONE', *, *, #2211, .F. ) ;
#195 = CARTESIAN_POINT ( 'NONE',  ( 16.51353415389858625, 86.27710342024667511, 8.000000000000000000 ) ) ;
#196 = CARTESIAN_POINT ( 'NONE',  ( -95.55922890939582715, 58.77999264898231502, 8.000000000000000000 ) ) ;
#197 = DIRECTION ( 'NONE',  ( 0.000000000000000000, 0.000000000000000000, 1.000000000000000000 ) ) ;
#198 = ORIENTED_EDGE ( 'NONE', *, *, #792, .T. ) ;
#199 = VECTOR ( 'NONE', #2164, 1000.000000000000000 ) ;
#200 = CARTESIAN_POINT ( 'NONE',  ( 133.8689743205029856, -32.67162998164252485, 0.000000000000000000 ) ) ;
#201 = DIRECTION ( 'NONE',  ( -0.000000000000000000, -0.000000000000000000, -1.000000000000000000 ) ) ;
#202 = ORIENTED_EDGE ( 'NONE', *, *, #2904, .T. ) ;
#203 = VECTOR ( 'NONE', #1661, 1000.000000000000000 ) ;
#204 = AXIS2_PLACEMENT_3D ( 'NONE', #2315, #1749, #2031 ) ;
#205 = ADVANCED_FACE ( 'NONE', ( #3289 ), #71, .T. ) ;
#206 = VERTEX_POINT ( 'NONE', #2532 ) ;
#207 = ORIENTED_EDGE ( 'NONE', *, *, #1209, .F. ) ;
#208 = CIRCLE ( 'NONE', #1695, 3.000000000000002665 ) ;
#209 = VECTOR ( 'NONE', #734, 1000.000000000000114 ) ;
#210 = ADVANCED_FACE ( 'NONE', ( #2192 ), #2177, .F. ) ;
#211 = DIRECTION ( 'NONE',  ( -1.000000000000000000, 0.000000000000000000, 0.000000000000000000 ) ) ;
#212 = ORIENTED_EDGE ( 'NONE', *, *, #2100, .T. ) ;
#213 = CARTESIAN_POINT ( 'NONE',  ( -31.09409057691692269, -61.16840576382615069, -23.00000000000000355 ) ) ;
#214 = PERSON_AND_ORGANIZATION_ROLE ( 'design_owner' ) ;
#215 = ORIENTED_EDGE ( 'NONE', *, *, #2704, .T. ) ;
#216 = CARTESIAN_POINT ( 'NONE',  ( 57.04353900683022260, -12.60607270437632721, 8.000000000000000000 ) ) ;
#217 = CARTESIAN_POINT ( 'NONE',  ( -127.7715607132973759, -20.01340266518897693, 0.000000000000000000 ) ) ;
#218 = CARTESIAN_POINT ( 'NONE',  ( -33.22569887979242509, 186.4492173093101712, 8.000000000000000000 ) ) ;
#219 = EDGE_CURVE ( 'NONE', #2912, #524, #2456, .T. ) ;
#220 = ORIENTED_EDGE ( 'NONE', *, *, #3111, .F. ) ;
#221 = CARTESIAN_POINT ( 'NONE',  ( -118.4028316658085345, 109.2137120469548393, 0.000000000000000000 ) ) ;
#222 = CYLINDRICAL_SURFACE ( 'NONE', #2309, 3.000000000000002665 ) ;
#223 = ORIENTED_EDGE ( 'NONE', *, *, #914, .T. ) ;
#224 = ORIENTED_EDGE ( 'NONE', *, *, #1390, .T. ) ;
#225 = ORIENTED_EDGE ( 'NONE', *, *, #3401, .T. ) ;
#226 = DIRECTION ( 'NONE',  ( -1.000000000000000000, 0.000000000000000000, 0.000000000000000000 ) ) ;
#227 = DIRECTION ( 'NONE',  ( -0.000000000000000000, -0.000000000000000000, -1.000000000000000000 ) ) ;
#228 = CALENDAR_DATE ( 2025, 1, 5 ) ;
#229 = ADVANCED_FACE ( 'NONE', ( #3367 ), #2287, .F. ) ;
#230 = AXIS2_PLACEMENT_3D ( 'NONE', #2114, #1899, #777 ) ;
#231 = VERTEX_POINT ( 'NONE', #1778 ) ;
#232 = VERTEX_POINT ( 'NONE', #1212 ) ;
#233 = CARTESIAN_POINT ( 'NONE',  ( -86.51569888017381516, 108.4637120469668474, 0.000000000000000000 ) ) ;
#234 = FACE_OUTER_BOUND ( 'NONE', #2502, .T. ) ;
#235 = CARTESIAN_POINT ( 'NONE',  ( -118.5898855524994531, 113.2377596577770760, 0.000000000000000000 ) ) ;
#236 = CARTESIAN_POINT ( 'NONE',  ( -55.21309818478390952, -26.77716692367690499, -23.00000000000000355 ) ) ;
#237 = ADVANCED_FACE ( 'NONE', ( #1481 ), #1464, .F. ) ;
#238 = CYLINDRICAL_SURFACE ( 'NONE', #2993, 4.999999999999735323 ) ;
#239 = EDGE_CURVE ( 'NONE', #2954, #995, #3384, .T. ) ;
#240 = ORIENTED_EDGE ( 'NONE', *, *, #456, .F. ) ;
#241 = DIRECTION ( 'NONE',  ( -0.000000000000000000, -0.000000000000000000, 1.000000000000000000 ) ) ;
#242 = VERTEX_POINT ( 'NONE', #1197 ) ;
#243 = ORIENTED_EDGE ( 'NONE', *, *, #511, .F. ) ;
#244 = CARTESIAN_POINT ( 'NONE',  ( 82.39783115020325965, -33.52099488703108676, -59.00000000000000711 ) ) ;
#245 = CIRCLE ( 'NONE', #3154, 4.999999999996125766 ) ;
#246 = ORIENTED_EDGE ( 'NONE', *, *, #2624, .T. ) ;
#247 = DIRECTION ( 'NONE',  ( 0.000000000000000000, 0.000000000000000000, 1.000000000000000000 ) ) ;
#248 = ORIENTED_EDGE ( 'NONE', *, *, #18, .F. ) ;
#249 = AXIS2_PLACEMENT_3D ( 'NONE', #2529, #2799, #359 ) ;
#250 = VERTEX_POINT ( 'NONE', #1226 ) ;
#251 = EDGE_CURVE ( 'NONE', #3462, #2059, #2009, .T. ) ;
#252 = ORIENTED_EDGE ( 'NONE', *, *, #3176, .F. ) ;
#253 = FACE_OUTER_BOUND ( 'NONE', #181, .T. ) ;
#254 = DIRECTION ( 'NONE',  ( -1.000000000000000000, 0.000000000000000000, 0.000000000000000000 ) ) ;
#255 = CARTESIAN_POINT ( 'NONE',  ( 161.7958579727627466, -151.3380277303767230, 8.000000000000000000 ) ) ;
#256 = CARTESIAN_POINT ( 'NONE',  ( -49.21309818478390952, -26.77716692367690499, 8.000000000000000000 ) ) ;
#257 = ORIENTED_EDGE ( 'NONE', *, *, #2908, .F. ) ;
#258 = CARTESIAN_POINT ( 'NONE',  ( -129.7755958674761985, -21.93938240269056905, 8.000000000000000000 ) ) ;
#259 = EDGE_CURVE ( 'NONE', #2561, #1803, #2269, .T. ) ;
#260 = AXIS2_PLACEMENT_3D ( 'NONE', #1308, #3231, #2348 ) ;
#261 = ORIENTED_EDGE ( 'NONE', *, *, #318, .T. ) ;
#262 = VECTOR ( 'NONE', #2504, 1000.000000000000000 ) ;
#263 = ORIENTED_EDGE ( 'NONE', *, *, #684, .F. ) ;
#264 = VECTOR ( 'NONE', #1119, 1000.000000000000000 ) ;
#265 = FACE_OUTER_BOUND ( 'NONE', #1171, .T. ) ;
#266 = AXIS2_PLACEMENT_3D ( 'NONE', #751, #1571, #502 ) ;
#267 = DIRECTION ( 'NONE',  ( -0.000000000000000000, -0.000000000000000000, -1.000000000000000000 ) ) ;
#268 = EDGE_LOOP ( 'NONE', ( #2280, #363, #1638, #377 ) ) ;
#269 = DATE_AND_TIME ( #228, #2971 ) ;
#270 = AXIS2_PLACEMENT_3D ( 'NONE', #501, #2926, #2659 ) ;
#271 = DIRECTION ( 'NONE',  ( -0.000000000000000000, -0.000000000000000000, -1.000000000000000000 ) ) ;
#272 = ORIENTED_EDGE ( 'NONE', *, *, #2088, .T. ) ;
#273 = ADVANCED_FACE ( 'NONE', ( #3094 ), #2317, .F. ) ;
#274 = EDGE_CURVE ( 'NONE', #322, #3150, #3388, .T. ) ;
#275 = CARTESIAN_POINT ( 'NONE',  ( -52.21309818478390952, -26.77716692367690499, 0.000000000000000000 ) ) ;
#276 = CARTESIAN_POINT ( 'NONE',  ( -148.6263339740401932, 62.52532450431490219, 0.000000000000000000 ) ) ;
#277 = ADVANCED_FACE ( 'NONE', ( #2600 ), #127, .F. ) ;
#278 = DIRECTION ( 'NONE',  ( 0.000000000000000000, 0.000000000000000000, 1.000000000000000000 ) ) ;
#279 = DIRECTION ( 'NONE',  ( 0.000000000000000000, 0.000000000000000000, 1.000000000000000000 ) ) ;
#280 = ORIENTED_EDGE ( 'NONE', *, *, #1039, .F. ) ;
#281 = CARTESIAN_POINT ( 'NONE',  ( -148.6263339740401932, 62.52532450431490219, 8.000000000000000000 ) ) ;
#282 = EDGE_LOOP ( 'NONE', ( #1914, #2193 ) ) ;
#283 = VECTOR ( 'NONE', #2163, 1000.000000000000000 ) ;
#284 = DIRECTION ( 'NONE',  ( -0.000000000000000000, -0.000000000000000000, -1.000000000000000000 ) ) ;
#285 = ORIENTED_EDGE ( 'NONE', *, *, #690, .T. ) ;
#286 = DIRECTION ( 'NONE',  ( 1.000000000000000000, 0.000000000000000000, 0.000000000000000000 ) ) ;
#287 = VERTEX_POINT ( 'NONE', #662 ) ;
#288 = CC_DESIGN_DATE_AND_TIME_ASSIGNMENT ( #495, #2937, ( #2741 ) ) ;
#289 = ADVANCED_FACE ( 'NONE', ( #398 ), #2332, .T. ) ;
#290 = DIRECTION ( 'NONE',  ( -1.110223024625156146E-15, 1.000000000000000000, 0.000000000000000000 ) ) ;
#291 = ORIENTED_EDGE ( 'NONE', *, *, #2844, .F. ) ;
#292 = CYLINDRICAL_SURFACE ( 'NONE', #607, 3.000000000000002665 ) ;
#293 = LINE ( 'NONE', #2789, #1489 ) ;
#294 = VECTOR ( 'NONE', #2923, 1000.000000000000000 ) ;
#295 = CARTESIAN_POINT ( 'NONE',  ( -95.55922890939582715, 58.77999264898231502, 8.000000000000000000 ) ) ;
#296 = DIRECTION ( 'NONE',  ( -0.8660254037844387076, -0.5000000000000001110, 0.000000000000000000 ) ) ;
#297 = VERTEX_POINT ( 'NONE', #3400 ) ;
#298 = LINE ( 'NONE', #1666, #2064 ) ;
#299 = CARTESIAN_POINT ( 'NONE',  ( 168.1140470823707460, -159.9858359136488559, 8.000000000000000000 ) ) ;
#300 = EDGE_LOOP ( 'NONE', ( #686, #1542, #2297, #2397 ) ) ;
#301 = AXIS2_PLACEMENT_3D ( 'NONE', #379, #2033, #3127 ) ;
#302 = LINE ( 'NONE', #340, #367 ) ;
#303 = ORIENTED_EDGE ( 'NONE', *, *, #2285, .F. ) ;
#304 = CALENDAR_DATE ( 2025, 1, 5 ) ;
#305 = LINE ( 'NONE', #1998, #714 ) ;
#306 = CARTESIAN_POINT ( 'NONE',  ( -146.1263339740401648, 58.19519748539271120, 8.000000000000000000 ) ) ;
#307 = ORIENTED_EDGE ( 'NONE', *, *, #3323, .F. ) ;
#308 = DIRECTION ( 'NONE',  ( 1.000000000000000000, 0.000000000000000000, 0.000000000000000000 ) ) ;
#309 = DIRECTION ( 'NONE',  ( -0.000000000000000000, -0.000000000000000000, 1.000000000000000000 ) ) ;
#310 = DIRECTION ( 'NONE',  ( 1.000000000000000000, 0.000000000000000000, 0.000000000000000000 ) ) ;
#311 = LINE ( 'NONE', #2006, #459 ) ;
#312 = ORIENTED_EDGE ( 'NONE', *, *, #1997, .T. ) ;
#313 = DIRECTION ( 'NONE',  ( -1.000000000000000000, 0.000000000000000000, 0.000000000000000000 ) ) ;
#314 = CARTESIAN_POINT ( 'NONE',  ( -60.72569888017383022, -134.9858359136491401, 8.000000000000000000 ) ) ;
#315 = ORIENTED_EDGE ( 'NONE', *, *, #589, .F. ) ;
#316 = EDGE_LOOP ( 'NONE', ( #853, #2720, #79, #419 ) ) ;
#317 = PLANE ( 'NONE',  #2651 ) ;
#318 = EDGE_CURVE ( 'NONE', #736, #978, #2118, .T. ) ;
#319 = VECTOR ( 'NONE', #2096, 1000.000000000000000 ) ;
#320 = DIRECTION ( 'NONE',  ( 0.2200060775348740560, 0.9754985012021900603, 0.000000000000000000 ) ) ;
#321 = VECTOR ( 'NONE', #3426, 1000.000000000000000 ) ;
#322 = VERTEX_POINT ( 'NONE', #2866 ) ;
#323 = EDGE_CURVE ( 'NONE', #933, #768, #2458, .T. ) ;
#324 = CIRCLE ( 'NONE', #28, 4.999999999999976907 ) ;
#325 = DIRECTION ( 'NONE',  ( 0.8660254037844378194, -0.5000000000000015543, 0.000000000000000000 ) ) ;
#326 = DIRECTION ( 'NONE',  ( 1.000000000000000000, -3.496332578644470119E-16, 0.000000000000000000 ) ) ;
#327 = VECTOR ( 'NONE', #1719, 1000.000000000000000 ) ;
#328 = ORIENTED_EDGE ( 'NONE', *, *, #2783, .T. ) ;
#329 = LINE ( 'NONE', #1183, #2314 ) ;
#330 = CARTESIAN_POINT ( 'NONE',  ( 132.7517607062221145, -83.73655923836275861, 0.000000000000000000 ) ) ;
#331 = DIRECTION ( 'NONE',  ( 0.5000000000000001110, -0.8660254037844385966, 0.000000000000000000 ) ) ;
#332 = LINE ( 'NONE', #1704, #1655 ) ;
#333 = ORIENTED_EDGE ( 'NONE', *, *, #2293, .T. ) ;
#334 = DIRECTION ( 'NONE',  ( 0.8660254037844385966, -0.5000000000000001110, 0.000000000000000000 ) ) ;
#335 = ADVANCED_FACE ( 'NONE', ( #412 ), #426, .F. ) ;
#336 = DIRECTION ( 'NONE',  ( 0.000000000000000000, 0.000000000000000000, 1.000000000000000000 ) ) ;
#337 = ORIENTED_EDGE ( 'NONE', *, *, #2952, .F. ) ;
#338 = ORIENTED_EDGE ( 'NONE', *, *, #1767, .F. ) ;
#339 = CARTESIAN_POINT ( 'NONE',  ( -123.9372866340505084, 104.5183929812465067, 0.000000000000000000 ) ) ;
#340 = CARTESIAN_POINT ( 'NONE',  ( -151.7892175381861364, -161.3118186905114158, 0.000000000000000000 ) ) ;
#341 = ORIENTED_EDGE ( 'NONE', *, *, #1493, .T. ) ;
#342 = AXIS2_PLACEMENT_3D ( 'NONE', #3529, #3275, #1125 ) ;
#343 = FACE_OUTER_BOUND ( 'NONE', #1194, .T. ) ;
#344 = DIRECTION ( 'NONE',  ( -0.000000000000000000, -0.000000000000000000, -1.000000000000000000 ) ) ;
#345 = ORIENTED_EDGE ( 'NONE', *, *, #3484, .T. ) ;
#346 = CARTESIAN_POINT ( 'NONE',  ( 168.1140470823681881, -154.9858359136486854, 8.000000000000000000 ) ) ;
#347 = LINE ( 'NONE', #3039, #518 ) ;
#348 = CARTESIAN_POINT ( 'NONE',  ( -14.23829957479208552, -50.70739184397518784, 0.000000000000000000 ) ) ;
#349 = FACE_BOUND ( 'NONE', #3417, .T. ) ;
#350 = VERTEX_POINT ( 'NONE', #1495 ) ;
#351 = DIRECTION ( 'NONE',  ( 0.000000000000000000, 0.000000000000000000, 1.000000000000000000 ) ) ;
#352 = CIRCLE ( 'NONE', #854, 5.000000000000004441 ) ;
#353 = CARTESIAN_POINT ( 'NONE',  ( 121.3689743205031846, -11.02099488703144026, 0.000000000000000000 ) ) ;
#354 = ORIENTED_EDGE ( 'NONE', *, *, #498, .T. ) ;
#355 = EDGE_CURVE ( 'NONE', #933, #2796, #1242, .T. ) ;
#356 = VERTEX_POINT ( 'NONE', #3431 ) ;
#357 = EDGE_CURVE ( 'NONE', #474, #1474, #2061, .T. ) ;
#358 = FACE_OUTER_BOUND ( 'NONE', #268, .T. ) ;
#359 = DIRECTION ( 'NONE',  ( 1.000000000000000000, 0.000000000000000000, 0.000000000000000000 ) ) ;
#360 = ORIENTED_EDGE ( 'NONE', *, *, #2134, .F. ) ;
#361 = LINE ( 'NONE', #2552, #2829 ) ;
#362 = CARTESIAN_POINT ( 'NONE',  ( -86.51569888017382937, -141.4858359134302646, 8.000000000000000000 ) ) ;
#363 = ORIENTED_EDGE ( 'NONE', *, *, #2385, .T. ) ;
#364 = DIRECTION ( 'NONE',  ( 0.5000000000000002220, 0.8660254037844384856, 0.000000000000000000 ) ) ;
#365 = EDGE_CURVE ( 'NONE', #3268, #2447, #3517, .T. ) ;
#366 = COORDINATED_UNIVERSAL_TIME_OFFSET ( 1, 0, .AHEAD. ) ;
#367 = VECTOR ( 'NONE', #1381, 999.9999999999998863 ) ;
#368 = EDGE_CURVE ( 'NONE', #2564, #356, #2629, .T. ) ;
#369 = DIRECTION ( 'NONE',  ( -0.000000000000000000, -0.000000000000000000, -1.000000000000000000 ) ) ;
#370 = DIRECTION ( 'NONE',  ( 0.5000000000000000000, -0.8660254037844385966, 0.000000000000000000 ) ) ;
#371 = ORIENTED_EDGE ( 'NONE', *, *, #368, .T. ) ;
#372 = CARTESIAN_POINT ( 'NONE',  ( -121.4339205790749077, 110.9637120469668474, 8.000000000000000000 ) ) ;
#373 = CARTESIAN_POINT ( 'NONE',  ( -13.36990787766326250, -28.28126546397511021, -23.00000000000000355 ) ) ;
#374 = ORIENTED_EDGE ( 'NONE', *, *, #3176, .T. ) ;
#375 = ORIENTED_EDGE ( 'NONE', *, *, #2016, .F. ) ;
#376 = DIRECTION ( 'NONE',  ( -0.4999999999999924505, 0.8660254037844429265, 0.000000000000000000 ) ) ;
#377 = ORIENTED_EDGE ( 'NONE', *, *, #2537, .F. ) ;
#378 = DIRECTION ( 'NONE',  ( 0.000000000000000000, 0.000000000000000000, 1.000000000000000000 ) ) ;
#379 = CARTESIAN_POINT ( 'NONE',  ( 109.6749362147632922, 6.233673257659029687, 0.000000000000000000 ) ) ;
#380 = ORIENTED_EDGE ( 'NONE', *, *, #3453, .F. ) ;
#381 = AXIS2_PLACEMENT_3D ( 'NONE', #2373, #1333, #1018 ) ;
#382 = AXIS2_PLACEMENT_3D ( 'NONE', #2744, #2245, #3014 ) ;
#383 = VECTOR ( 'NONE', #618, 1000.000000000000000 ) ;
#384 = VECTOR ( 'NONE', #3330, 1000.000000000000000 ) ;
#385 = EDGE_CURVE ( 'NONE', #899, #1030, #2687, .T. ) ;
#386 = EDGE_CURVE ( 'NONE', #2175, #864, #494, .T. ) ;
#387 = LINE ( 'NONE', #2048, #164 ) ;
#388 = PLANE ( 'NONE',  #1284 ) ;
#389 = DIRECTION ( 'NONE',  ( -0.5000000000000019984, -0.8660254037844375974, 0.000000000000000000 ) ) ;
#390 = DIRECTION ( 'NONE',  ( 0.7348034446276150433, -0.6782801027329282695, 0.000000000000000000 ) ) ;
#391 = EDGE_CURVE ( 'NONE', #2299, #2206, #143, .T. ) ;
#392 = EDGE_LOOP ( 'NONE', ( #3205, #1096, #3479, #1172 ) ) ;
#393 = EDGE_LOOP ( 'NONE', ( #3207, #2807, #157, #3208 ) ) ;
#394 = LINE ( 'NONE', #2281, #1747 ) ;
#395 = ORIENTED_EDGE ( 'NONE', *, *, #2804, .T. ) ;
#396 = AXIS2_PLACEMENT_3D ( 'NONE', #3132, #2960, #2324 ) ;
#397 = DIRECTION ( 'NONE',  ( -1.000000000000000000, 0.000000000000000000, 0.000000000000000000 ) ) ;
#398 = FACE_OUTER_BOUND ( 'NONE', #1615, .T. ) ;
#399 = ORIENTED_EDGE ( 'NONE', *, *, #3291, .F. ) ;
#400 = ADVANCED_FACE ( 'NONE', ( #527 ), #1599, .F. ) ;
#401 = FACE_OUTER_BOUND ( 'NONE', #24, .T. ) ;
#402 = CARTESIAN_POINT ( 'NONE',  ( -129.7755958674761985, -21.93938240269056905, 0.000000000000000000 ) ) ;
#403 = CARTESIAN_POINT ( 'NONE',  ( -117.1037935601527096, -180.4858359134302646, 0.000000000000000000 ) ) ;
#404 = CARTESIAN_POINT ( 'NONE',  ( 29.60098525684358606, 36.47093564974498037, 8.000000000000000000 ) ) ;
#405 = ORIENTED_EDGE ( 'NONE', *, *, #938, .T. ) ;
#406 = LINE ( 'NONE', #1490, #601 ) ;
#407 = CIRCLE ( 'NONE', #2203, 4.999999999999736211 ) ;
#408 = VERTEX_POINT ( 'NONE', #2365 ) ;
#409 = VERTEX_POINT ( 'NONE', #2132 ) ;
#410 = DIRECTION ( 'NONE',  ( -0.000000000000000000, -0.000000000000000000, -1.000000000000000000 ) ) ;
#411 = AXIS2_PLACEMENT_3D ( 'NONE', #3003, #2715, #1144 ) ;
#412 = FACE_OUTER_BOUND ( 'NONE', #1070, .T. ) ;
#413 = EDGE_CURVE ( 'NONE', #2039, #3089, #3482, .T. ) ;
#414 = LINE ( 'NONE', #216, #1415 ) ;
#415 = CARTESIAN_POINT ( 'NONE',  ( -14.23829957479208552, -50.70739184397518784, 8.000000000000000000 ) ) ;
#416 = DIRECTION ( 'NONE',  ( 1.000000000000000000, 2.287426547298449792E-16, 0.000000000000000000 ) ) ;
#417 = VECTOR ( 'NONE', #600, 1000.000000000000000 ) ;
#418 = CARTESIAN_POINT ( 'NONE',  ( -16.36990787766326605, -28.28126546397511021, 0.000000000000000000 ) ) ;
#419 = ORIENTED_EDGE ( 'NONE', *, *, #2748, .F. ) ;
#420 = FACE_OUTER_BOUND ( 'NONE', #2275, .T. ) ;
#421 = VERTEX_POINT ( 'NONE', #2669 ) ;
#422 = VERTEX_POINT ( 'NONE', #1869 ) ;
#423 = EDGE_CURVE ( 'NONE', #1192, #232, #2135, .T. ) ;
#424 = EDGE_CURVE ( 'NONE', #963, #1016, #1582, .T. ) ;
#425 = DIRECTION ( 'NONE',  ( -0.000000000000000000, -0.000000000000000000, -1.000000000000000000 ) ) ;
#426 = PLANE ( 'NONE',  #2917 ) ;
#427 = ADVANCED_FACE ( 'NONE', ( #1618 ), #3249, .F. ) ;
#428 = ORIENTED_EDGE ( 'NONE', *, *, #2783, .F. ) ;
#429 = AXIS2_PLACEMENT_3D ( 'NONE', #512, #2416, #1274 ) ;
#430 = AXIS2_PLACEMENT_3D ( 'NONE', #373, #1918, #1726 ) ;
#431 = CARTESIAN_POINT ( 'NONE',  ( -117.1037935601527096, 108.4637120469668474, 0.000000000000000000 ) ) ;
#432 = VECTOR ( 'NONE', #703, 1000.000000000000000 ) ;
#433 = DIRECTION ( 'NONE',  ( 0.8660254037844382635, -0.5000000000000005551, -0.000000000000000000 ) ) ;
#434 = LINE ( 'NONE', #835, #1953 ) ;
#435 = CARTESIAN_POINT ( 'NONE',  ( -225.2472557322428486, -151.3380277304354138, 0.000000000000000000 ) ) ;
#436 = VERTEX_POINT ( 'NONE', #1545 ) ;
#437 = VECTOR ( 'NONE', #1556, 999.9999999999998863 ) ;
#438 = CARTESIAN_POINT ( 'NONE',  ( 132.7517607062221145, -83.73655923836275861, 8.000000000000000000 ) ) ;
#439 = ADVANCED_FACE ( 'NONE', ( #2958 ), #191, .F. ) ;
#440 = ORIENTED_EDGE ( 'NONE', *, *, #2692, .T. ) ;
#441 = ORIENTED_EDGE ( 'NONE', *, *, #2133, .F. ) ;
#442 = CARTESIAN_POINT ( 'NONE',  ( 0.4975139712178797691, -130.7583913984942399, 8.000000000000000000 ) ) ;
#443 = DIRECTION ( 'NONE',  ( -0.4999999999999920064, 0.8660254037844432595, 0.000000000000000000 ) ) ;
#444 = APPROVAL_STATUS ( 'not_yet_approved' ) ;
#445 = EDGE_LOOP ( 'NONE', ( #2413, #1295, #2094, #706 ) ) ;
#446 = VECTOR ( 'NONE', #2303, 999.9999999999998863 ) ;
#447 = EDGE_LOOP ( 'NONE', ( #1754, #3411, #136, #2326 ) ) ;
#448 = CARTESIAN_POINT ( 'NONE',  ( 128.6728218977963252, -35.67162998164247512, -59.00000000000000711 ) ) ;
#449 = CARTESIAN_POINT ( 'NONE',  ( -11.23829957479208197, -50.70739184397518784, 0.000000000000000000 ) ) ;
#450 = CYLINDRICAL_SURFACE ( 'NONE', #3172, 3.000000000000002665 ) ;
#451 = EDGE_LOOP ( 'NONE', ( #1094, #659, #1180, #713 ) ) ;
#452 = CARTESIAN_POINT ( 'NONE',  ( -41.22569887978898606, -38.74227938382608727, 8.000000000000000000 ) ) ;
#453 = DIRECTION ( 'NONE',  ( -0.000000000000000000, -0.000000000000000000, -1.000000000000000000 ) ) ;
#454 = ORIENTED_EDGE ( 'NONE', *, *, #456, .T. ) ;
#455 = ORIENTED_EDGE ( 'NONE', *, *, #163, .F. ) ;
#456 = EDGE_CURVE ( 'NONE', #1319, #639, #1066, .T. ) ;
#457 = CARTESIAN_POINT ( 'NONE',  ( 140.5276036475652859, -37.20471428497963018, 8.000000000000000000 ) ) ;
#458 = CARTESIAN_POINT ( 'NONE',  ( -86.51569888017382937, -141.4858359134302646, 8.000000000000000000 ) ) ;
#459 = VECTOR ( 'NONE', #3300, 1000.000000000000000 ) ;
#460 = CARTESIAN_POINT ( 'NONE',  ( -86.51569888017381516, -186.4858359134302646, 0.000000000000000000 ) ) ;
#461 = EDGE_LOOP ( 'NONE', ( #2376, #3068, #371, #1285 ) ) ;
#462 = LOCAL_TIME ( 14, 41, 18.00000000000000000, #366 ) ;
#463 = ORIENTED_EDGE ( 'NONE', *, *, #323, .F. ) ;
#464 = EDGE_CURVE ( 'NONE', #3425, #1160, #1815, .T. ) ;
#465 = DIRECTION ( 'NONE',  ( -0.000000000000000000, -0.000000000000000000, 1.000000000000000000 ) ) ;
#466 = VECTOR ( 'NONE', #2553, 1000.000000000000000 ) ;
#467 = CYLINDRICAL_SURFACE ( 'NONE', #3122, 3.000000000000002665 ) ;
#468 = DIRECTION ( 'NONE',  ( 1.000000000000000000, 0.000000000000000000, 0.000000000000000000 ) ) ;
#469 = ORIENTED_EDGE ( 'NONE', *, *, #836, .F. ) ;
#470 = EDGE_CURVE ( 'NONE', #2313, #2912, #797, .T. ) ;
#471 = LINE ( 'NONE', #221, #437 ) ;
#472 = DIRECTION ( 'NONE',  ( -0.000000000000000000, -0.000000000000000000, -1.000000000000000000 ) ) ;
#473 = VERTEX_POINT ( 'NONE', #2079 ) ;
#474 = VERTEX_POINT ( 'NONE', #2974 ) ;
#475 = ORIENTED_EDGE ( 'NONE', *, *, #2181, .T. ) ;
#476 = CARTESIAN_POINT ( 'NONE',  ( -32.35730718265930506, -16.31615300382608069, 0.000000000000000000 ) ) ;
#477 = CARTESIAN_POINT ( 'NONE',  ( -167.8652768703705078, -55.57845520262037553, 8.000000000000000000 ) ) ;
#478 = LINE ( 'NONE', #2650, #1659 ) ;
#479 = EDGE_CURVE ( 'NONE', #1634, #179, #3054, .T. ) ;
#480 = ORIENTED_EDGE ( 'NONE', *, *, #1737, .F. ) ;
#481 = FACE_OUTER_BOUND ( 'NONE', #3091, .T. ) ;
#482 = CYLINDRICAL_SURFACE ( 'NONE', #1916, 3.000000000000002665 ) ;
#483 = CYLINDRICAL_SURFACE ( 'NONE', #3230, 3.000000000000002665 ) ;
#484 = ORIENTED_EDGE ( 'NONE', *, *, #2768, .F. ) ;
#485 = DIRECTION ( 'NONE',  ( 1.387778780787521137E-16, 1.000000000000000000, 0.000000000000000000 ) ) ;
#486 = DIRECTION ( 'NONE',  ( -0.8660254037844377084, 0.5000000000000015543, 0.000000000000000000 ) ) ;
#487 = EDGE_LOOP ( 'NONE', ( #2465, #3295, #597, #2075 ) ) ;
#488 = VECTOR ( 'NONE', #2223, 999.9999999999998863 ) ;
#489 = ADVANCED_FACE ( 'NONE', ( #743 ), #2921, .F. ) ;
#490 = VERTEX_POINT ( 'NONE', #2383 ) ;
#491 = EDGE_LOOP ( 'NONE', ( #2905, #2928, #1524, #2680 ) ) ;
#492 = AXIS2_PLACEMENT_3D ( 'NONE', #2217, #3082, #593 ) ;
#493 = CARTESIAN_POINT ( 'NONE',  ( -143.6263339740401648, 62.52532450431490219, 0.000000000000000000 ) ) ;
#494 = LINE ( 'NONE', #213, #3098 ) ;
#495 = DATE_AND_TIME ( #304, #2055 ) ;
#496 = FACE_BOUND ( 'NONE', #1854, .T. ) ;
#497 = ADVANCED_FACE ( 'NONE', ( #2224 ), #1922, .F. ) ;
#498 = EDGE_CURVE ( 'NONE', #2175, #474, #1965, .T. ) ;
#499 = ORIENTED_EDGE ( 'NONE', *, *, #511, .T. ) ;
#500 = DIRECTION ( 'NONE',  ( -0.4999999999999998890, 0.8660254037844385966, 0.000000000000000000 ) ) ;
#501 = CARTESIAN_POINT ( 'NONE',  ( 161.7958579727627466, -151.3380277303767230, 8.000000000000000000 ) ) ;
#502 = DIRECTION ( 'NONE',  ( -1.000000000000000000, 0.000000000000000000, 0.000000000000000000 ) ) ;
#503 = AXIS2_PLACEMENT_3D ( 'NONE', #2500, #331, #1628 ) ;
#504 = VERTEX_POINT ( 'NONE', #814 ) ;
#505 = LINE ( 'NONE', #236, #2144 ) ;
#506 = CARTESIAN_POINT ( 'NONE',  ( 29.60098525684358606, 36.47093564974498037, 8.000000000000000000 ) ) ;
#507 = ORIENTED_EDGE ( 'NONE', *, *, #1641, .T. ) ;
#508 = ORIENTED_EDGE ( 'NONE', *, *, #1646, .F. ) ;
#509 = ORIENTED_EDGE ( 'NONE', *, *, #3017, .T. ) ;
#510 = DIRECTION ( 'NONE',  ( -0.000000000000000000, -0.000000000000000000, -1.000000000000000000 ) ) ;
#511 = EDGE_CURVE ( 'NONE', #3213, #639, #1332, .T. ) ;
#512 = CARTESIAN_POINT ( 'NONE',  ( -132.1016877322195455, -17.51340266518897693, 8.000000000000000000 ) ) ;
#513 = PERSON_AND_ORGANIZATION_ROLE ( 'design_supplier' ) ;
#514 = VECTOR ( 'NONE', #3139, 1000.000000000000000 ) ;
#515 = DIRECTION ( 'NONE',  ( -1.000000000000000000, 0.000000000000000000, 0.000000000000000000 ) ) ;
#516 = VERTEX_POINT ( 'NONE', #1115 ) ;
#517 = CARTESIAN_POINT ( 'NONE',  ( -105.3250637849936311, 28.86507046657179032, 0.000000000000000000 ) ) ;
#518 = VECTOR ( 'NONE', #2196, 1000.000000000000000 ) ;
#519 = CARTESIAN_POINT ( 'NONE',  ( -129.3342196569888927, 78.27999264898247134, -59.00000000000000711 ) ) ;
#520 = CARTESIAN_POINT ( 'NONE',  ( -86.51569888017382937, 108.4637120469668474, 0.000000000000000000 ) ) ;
#521 = DIRECTION ( 'NONE',  ( -0.000000000000000000, -0.000000000000000000, -1.000000000000000000 ) ) ;
#522 = ORIENTED_EDGE ( 'NONE', *, *, #3045, .T. ) ;
#523 = DIRECTION ( 'NONE',  ( -1.000000000000000000, 0.000000000000000000, 0.000000000000000000 ) ) ;
#524 = VERTEX_POINT ( 'NONE', #2207 ) ;
#525 = ORIENTED_EDGE ( 'NONE', *, *, #424, .F. ) ;
#526 = DIRECTION ( 'NONE',  ( -1.000000000000000000, 0.000000000000000000, 0.000000000000000000 ) ) ;
#527 = FACE_OUTER_BOUND ( 'NONE', #1818, .T. ) ;
#528 = ORIENTED_EDGE ( 'NONE', *, *, #2088, .F. ) ;
#529 = AXIS2_PLACEMENT_3D ( 'NONE', #565, #1154, #2243 ) ;
#530 = EDGE_CURVE ( 'NONE', #3541, #1160, #848, .T. ) ;
#531 = EDGE_CURVE ( 'NONE', #504, #2489, #3325, .T. ) ;
#532 = FACE_OUTER_BOUND ( 'NONE', #2442, .T. ) ;
#533 = ADVANCED_FACE ( 'NONE', ( #3030 ), #2760, .F. ) ;
#534 = ORIENTED_EDGE ( 'NONE', *, *, #1851, .F. ) ;
#535 = LINE ( 'NONE', #1891, #35 ) ;
#536 = CARTESIAN_POINT ( 'NONE',  ( 87.59398357290992010, -30.52099488703112584, 0.000000000000000000 ) ) ;
#537 = FACE_OUTER_BOUND ( 'NONE', #3031, .T. ) ;
#538 = DIRECTION ( 'NONE',  ( 0.000000000000000000, 0.000000000000000000, 1.000000000000000000 ) ) ;
#539 = ORIENTED_EDGE ( 'NONE', *, *, #2579, .F. ) ;
#540 = FACE_OUTER_BOUND ( 'NONE', #189, .T. ) ;
#541 = ORIENTED_EDGE ( 'NONE', *, *, #1906, .T. ) ;
#542 = VECTOR ( 'NONE', #201, 1000.000000000000000 ) ;
#543 = ORIENTED_EDGE ( 'NONE', *, *, #2395, .T. ) ;
#544 = EDGE_CURVE ( 'NONE', #3475, #1261, #3345, .T. ) ;
#545 = VECTOR ( 'NONE', #870, 1000.000000000000227 ) ;
#546 = CARTESIAN_POINT ( 'NONE',  ( -100.9949367660714472, 26.36507046657180098, 0.000000000000000000 ) ) ;
#547 = ORIENTED_EDGE ( 'NONE', *, *, #1239, .F. ) ;
#548 = CIRCLE ( 'NONE', #1461, 3.000000000000002665 ) ;
#549 = CARTESIAN_POINT ( 'NONE',  ( 22.51353415389858981, 86.27710342024667511, 0.000000000000000000 ) ) ;
#550 = VERTEX_POINT ( 'NONE', #3537 ) ;
#551 = AXIS2_PLACEMENT_3D ( 'NONE', #3261, #3532, #790 ) ;
#552 = CIRCLE ( 'NONE', #897, 4.999999999999976907 ) ;
#553 = CARTESIAN_POINT ( 'NONE',  ( -86.51569888017382937, -141.4858359134302646, -59.00000000000000711 ) ) ;
#554 = EDGE_LOOP ( 'NONE', ( #2753, #664, #2025, #2128 ) ) ;
#555 = FACE_OUTER_BOUND ( 'NONE', #2736, .T. ) ;
#556 = CARTESIAN_POINT ( 'NONE',  ( -95.55922890939582715, 58.77999264898231502, 0.000000000000000000 ) ) ;
#557 = PLANE ( 'NONE',  #3369 ) ;
#558 = CARTESIAN_POINT ( 'NONE',  ( -37.22569887978897185, -31.81407615355055896, -2.000000000000000000 ) ) ;
#559 = EDGE_LOOP ( 'NONE', ( #1897, #2244, #252, #585 ) ) ;
#560 = CARTESIAN_POINT ( 'NONE',  ( -228.2472557322428486, -151.3380277304354138, 8.000000000000000000 ) ) ;
#561 = DIRECTION ( 'NONE',  ( -0.4999999999999997224, 0.8660254037844387076, 0.000000000000000000 ) ) ;
#562 = ORIENTED_EDGE ( 'NONE', *, *, #2486, .F. ) ;
#563 = VECTOR ( 'NONE', #1185, 1000.000000000000227 ) ;
#564 = ADVANCED_FACE ( 'NONE', ( #2452 ), #1346, .F. ) ;
#565 = CARTESIAN_POINT ( 'NONE',  ( 136.1974766286153340, -39.70471428493158328, 0.000000000000000000 ) ) ;
#566 = ORIENTED_EDGE ( 'NONE', *, *, #2260, .T. ) ;
#567 = CARTESIAN_POINT ( 'NONE',  ( -118.7707797079486767, -184.9858359134302361, 0.000000000000000000 ) ) ;
#568 = CARTESIAN_POINT ( 'NONE',  ( 141.0749691346427142, -40.80474467253314685, 8.000000000000000000 ) ) ;
#569 = VERTEX_POINT ( 'NONE', #2510 ) ;
#570 = CIRCLE ( 'NONE', #1718, 3.000000000000002665 ) ;
#571 = DIRECTION ( 'NONE',  ( -0.000000000000000000, -0.000000000000000000, -1.000000000000000000 ) ) ;
#572 = CARTESIAN_POINT ( 'NONE',  ( -37.55582589871461607, 196.2448336758284029, 8.000000000000000000 ) ) ;
#573 = EDGE_CURVE ( 'NONE', #811, #1288, #1693, .T. ) ;
#574 = PRODUCT_DEFINITION_FORMATION_WITH_SPECIFIED_SOURCE ( 'ANY', '', #1423, .NOT_KNOWN. ) ;
#575 = LINE ( 'NONE', #1074, #283 ) ;
#576 = CARTESIAN_POINT ( 'NONE',  ( -111.5156988801744120, 108.4637120469668616, 0.000000000000000000 ) ) ;
#577 = ORIENTED_EDGE ( 'NONE', *, *, #3497, .F. ) ;
#578 = FACE_OUTER_BOUND ( 'NONE', #2284, .T. ) ;
#579 = CARTESIAN_POINT ( 'NONE',  ( -25.22569887978897540, -38.74227938382606595, 8.000000000000000000 ) ) ;
#580 = ADVANCED_FACE ( 'NONE', ( #1082 ), #2724, .F. ) ;
#581 = VERTEX_POINT ( 'NONE', #549 ) ;
#582 = DIRECTION ( 'NONE',  ( 3.496332578644470119E-16, 1.000000000000000000, -0.000000000000000000 ) ) ;
#583 = VECTOR ( 'NONE', #141, 1000.000000000000000 ) ;
#584 = CARTESIAN_POINT ( 'NONE',  ( -29.22569887978897896, -45.67048261410159427, 8.000000000000000000 ) ) ;
#585 = ORIENTED_EDGE ( 'NONE', *, *, #176, .F. ) ;
#586 = DIRECTION ( 'NONE',  ( -0.8660254037844545838, -0.4999999999999723554, 0.000000000000000000 ) ) ;
#587 = DIRECTION ( 'NONE',  ( -1.000000000000000000, -1.110223024625156146E-15, 0.000000000000000000 ) ) ;
#588 = VERTEX_POINT ( 'NONE', #3011 ) ;
#589 = EDGE_CURVE ( 'NONE', #1288, #206, #2864, .T. ) ;
#590 = DIRECTION ( 'NONE',  ( 0.8660254037844383745, -0.5000000000000004441, 0.000000000000000000 ) ) ;
#591 = CARTESIAN_POINT ( 'NONE',  ( -29.22569887978897896, -45.67048261410159427, 8.000000000000000000 ) ) ;
#592 = LINE ( 'NONE', #919, #3535 ) ;
#593 = DIRECTION ( 'NONE',  ( -1.000000000000000000, 0.000000000000000000, 0.000000000000000000 ) ) ;
#594 = VERTEX_POINT ( 'NONE', #3267 ) ;
#595 = DIRECTION ( 'NONE',  ( 0.000000000000000000, 0.000000000000000000, 1.000000000000000000 ) ) ;
#596 = LINE ( 'NONE', #81, #2877 ) ;
#597 = ORIENTED_EDGE ( 'NONE', *, *, #1707, .T. ) ;
#598 = ORIENTED_EDGE ( 'NONE', *, *, #613, .F. ) ;
#599 = LINE ( 'NONE', #3028, #1631 ) ;
#600 = DIRECTION ( 'NONE',  ( -0.8660254037844424824, -0.4999999999999932832, -0.000000000000000000 ) ) ;
#601 = VECTOR ( 'NONE', #1236, 1000.000000000000000 ) ;
#602 = VERTEX_POINT ( 'NONE', #867 ) ;
#603 = CIRCLE ( 'NONE', #1114, 4.999999999996125766 ) ;
#604 = CIRCLE ( 'NONE', #266, 3.000000000000002665 ) ;
#605 = CARTESIAN_POINT ( 'NONE',  ( -116.8342196569887790, 99.93062774359337652, 8.000000000000000000 ) ) ;
#606 = LINE ( 'NONE', #362, #2238 ) ;
#607 = AXIS2_PLACEMENT_3D ( 'NONE', #877, #3001, #2516 ) ;
#608 = VECTOR ( 'NONE', #186, 1000.000000000000114 ) ;
#609 = ORIENTED_EDGE ( 'NONE', *, *, #193, .T. ) ;
#610 = CIRCLE ( 'NONE', #492, 3.000000000000002665 ) ;
#611 = FACE_OUTER_BOUND ( 'NONE', #1612, .T. ) ;
#612 = DIRECTION ( 'NONE',  ( 0.000000000000000000, 0.000000000000000000, 1.000000000000000000 ) ) ;
#613 = EDGE_CURVE ( 'NONE', #2471, #2235, #1957, .T. ) ;
#614 = EDGE_CURVE ( 'NONE', #1560, #550, #1653, .T. ) ;
#615 = CARTESIAN_POINT ( 'NONE',  ( -16.36990787766326605, -28.28126546397511021, 8.000000000000000000 ) ) ;
#616 = FACE_BOUND ( 'NONE', #3027, .T. ) ;
#617 = EDGE_LOOP ( 'NONE', ( #1270, #172, #1746, #2311 ) ) ;
#618 = DIRECTION ( 'NONE',  ( -0.000000000000000000, -0.000000000000000000, -1.000000000000000000 ) ) ;
#619 = LINE ( 'NONE', #314, #2824 ) ;
#620 = ORIENTED_EDGE ( 'NONE', *, *, #745, .F. ) ;
#621 = VERTEX_POINT ( 'NONE', #890 ) ;
#622 = LINE ( 'NONE', #658, #1341 ) ;
#623 = CARTESIAN_POINT ( 'NONE',  ( -95.55922890939582715, 58.77999264898231502, 8.000000000000000000 ) ) ;
#624 = ORIENTED_EDGE ( 'NONE', *, *, #1945, .F. ) ;
#625 = AXIS2_PLACEMENT_3D ( 'NONE', #1930, #2751, #310 ) ;
#626 = EDGE_CURVE ( 'NONE', #2611, #2847, #302, .T. ) ;
#627 = DIRECTION ( 'NONE',  ( 1.000000000000000000, 0.000000000000000000, 0.000000000000000000 ) ) ;
#628 = DIRECTION ( 'NONE',  ( -0.000000000000000000, -0.000000000000000000, -1.000000000000000000 ) ) ;
#629 = ORIENTED_EDGE ( 'NONE', *, *, #2058, .T. ) ;
#630 = CYLINDRICAL_SURFACE ( 'NONE', #2264, 5.000000000000142997 ) ;
#631 = CARTESIAN_POINT ( 'NONE',  ( -134.5303720796954963, 81.27999264898247134, 8.000000000000000000 ) ) ;
#632 = EDGE_CURVE ( 'NONE', #2041, #409, #2694, .T. ) ;
#633 = DIRECTION ( 'NONE',  ( -0.4999999999999932832, 0.8660254037844425934, 0.000000000000000000 ) ) ;
#634 = FACE_OUTER_BOUND ( 'NONE', #2633, .T. ) ;
#635 = ORIENTED_EDGE ( 'NONE', *, *, #1068, .T. ) ;
#636 = DIRECTION ( 'NONE',  ( 0.8660254037844371533, -0.5000000000000026645, 0.000000000000000000 ) ) ;
#637 = AXIS2_PLACEMENT_3D ( 'NONE', #2581, #726, #2850 ) ;
#638 = LINE ( 'NONE', #299, #1565 ) ;
#639 = VERTEX_POINT ( 'NONE', #2470 ) ;
#640 = ORIENTED_EDGE ( 'NONE', *, *, #3486, .F. ) ;
#641 = CARTESIAN_POINT ( 'NONE',  ( -234.5654448419555536, -159.9858359136488559, 8.000000000000000000 ) ) ;
#642 = VECTOR ( 'NONE', #309, 1000.000000000000000 ) ;
#643 = ORIENTED_EDGE ( 'NONE', *, *, #2282, .T. ) ;
#644 = AXIS2_PLACEMENT_3D ( 'NONE', #2884, #3416, #646 ) ;
#645 = PLANE ( 'NONE',  #3171 ) ;
#646 = DIRECTION ( 'NONE',  ( 1.000000000000000000, 0.000000000000000000, 0.000000000000000000 ) ) ;
#647 = EDGE_CURVE ( 'NONE', #2023, #2218, #2241, .T. ) ;
#648 = EDGE_CURVE ( 'NONE', #232, #3525, #85, .T. ) ;
#649 = ORIENTED_EDGE ( 'NONE', *, *, #2393, .F. ) ;
#650 = CARTESIAN_POINT ( 'NONE',  ( -28.89557186087014884, 196.2448336758282608, 8.000000000000000000 ) ) ;
#651 = EDGE_CURVE ( 'NONE', #3193, #1788, #2737, .T. ) ;
#652 = FACE_OUTER_BOUND ( 'NONE', #3016, .T. ) ;
#653 = DIRECTION ( 'NONE',  ( -0.000000000000000000, -0.000000000000000000, 1.000000000000000000 ) ) ;
#654 = CARTESIAN_POINT ( 'NONE',  ( -41.22569887978898606, -38.74227938382608727, -2.000000000000000000 ) ) ;
#655 = CARTESIAN_POINT ( 'NONE',  ( -77.24823929375726550, 127.4955570005870698, 0.000000000000000000 ) ) ;
#656 = ORIENTED_EDGE ( 'NONE', *, *, #1611, .T. ) ;
#657 = VERTEX_POINT ( 'NONE', #258 ) ;
#658 = CARTESIAN_POINT ( 'NONE',  ( 16.51353415389858625, 86.27710342024667511, 8.000000000000000000 ) ) ;
#659 = ORIENTED_EDGE ( 'NONE', *, *, #2459, .T. ) ;
#660 = ADVANCED_FACE ( 'NONE', ( #540 ), #2219, .F. ) ;
#661 = LINE ( 'NONE', #442, #1748 ) ;
#662 = CARTESIAN_POINT ( 'NONE',  ( -60.72569888017383022, -184.9858359134302361, 0.000000000000000000 ) ) ;
#663 = CIRCLE ( 'NONE', #1112, 3.000000000000002665 ) ;
#664 = ORIENTED_EDGE ( 'NONE', *, *, #791, .F. ) ;
#665 = CIRCLE ( 'NONE', #151, 3.000000000000002665 ) ;
#666 = CIRCLE ( 'NONE', #1685, 3.000000000000000888 ) ;
#667 = CIRCLE ( 'NONE', #2369, 3.000000000000002665 ) ;
#668 = AXIS2_PLACEMENT_3D ( 'NONE', #3041, #296, #370 ) ;
#669 = DIRECTION ( 'NONE',  ( 1.000000000000000000, 0.000000000000000000, 0.000000000000000000 ) ) ;
#670 = CARTESIAN_POINT ( 'NONE',  ( 132.0818877250694641, -81.23655923823309877, 0.000000000000000000 ) ) ;
#671 = DIRECTION ( 'NONE',  ( 1.000000000000000000, 2.287426547298449792E-16, 0.000000000000000000 ) ) ;
#672 = DIRECTION ( 'NONE',  ( -0.000000000000000000, -0.000000000000000000, -1.000000000000000000 ) ) ;
#673 = EDGE_LOOP ( 'NONE', ( #484, #2380, #1762, #2547 ) ) ;
#674 = CARTESIAN_POINT ( 'NONE',  ( -111.5156988801738152, -186.4858359134302646, -59.00000000000000711 ) ) ;
#675 = EDGE_LOOP ( 'NONE', ( #1874, #83, #1932, #1993 ) ) ;
#676 = ORIENTED_EDGE ( 'NONE', *, *, #163, .T. ) ;
#677 = EDGE_CURVE ( 'NONE', #1996, #2352, #298, .T. ) ;
#678 = CARTESIAN_POINT ( 'NONE',  ( -55.21309818478390952, -26.77716692367690499, 0.000000000000000000 ) ) ;
#679 = DIRECTION ( 'NONE',  ( -0.000000000000000000, -0.000000000000000000, -1.000000000000000000 ) ) ;
#680 = FACE_OUTER_BOUND ( 'NONE', #2702, .T. ) ;
#681 = CARTESIAN_POINT ( 'NONE',  ( -29.22569887978897185, -31.81407615355055896, -2.000000000000000000 ) ) ;
#682 = ORIENTED_EDGE ( 'NONE', *, *, #1265, .T. ) ;
#683 = LINE ( 'NONE', #1234, #1176 ) ;
#684 = EDGE_CURVE ( 'NONE', #2191, #1919, #3278, .T. ) ;
#685 = EDGE_CURVE ( 'NONE', #971, #524, #825, .T. ) ;
#686 = ORIENTED_EDGE ( 'NONE', *, *, #3266, .F. ) ;
#687 = CARTESIAN_POINT ( 'NONE',  ( -79.43168849550887956, 86.71371204695471135, 0.000000000000000000 ) ) ;
#688 = VECTOR ( 'NONE', #410, 1000.000000000000000 ) ;
#689 = VERTEX_POINT ( 'NONE', #3302 ) ;
#690 = EDGE_CURVE ( 'NONE', #971, #422, #2433, .T. ) ;
#691 = EDGE_LOOP ( 'NONE', ( #3124, #1717 ) ) ;
#692 = DIRECTION ( 'NONE',  ( 1.000000000000000000, 0.000000000000000000, 0.000000000000000000 ) ) ;
#693 = ORGANIZATION ( 'UNSPECIFIED', 'UNSPECIFIED', '' ) ;
#694 = DIRECTION ( 'NONE',  ( -1.000000000000000000, 2.312964634635740689E-15, 0.000000000000000000 ) ) ;
#695 =( NAMED_UNIT ( * ) SI_UNIT ( $, .STERADIAN. ) SOLID_ANGLE_UNIT ( ) );
#696 = ORIENTED_EDGE ( 'NONE', *, *, #120, .T. ) ;
#697 = EDGE_CURVE ( 'NONE', #1137, #2564, #1376, .T. ) ;
#698 = CARTESIAN_POINT ( 'NONE',  ( -100.7553813321024876, 61.77999264898234344, 0.000000000000000000 ) ) ;
#699 = VECTOR ( 'NONE', #1120, 1000.000000000000000 ) ;
#700 = DIRECTION ( 'NONE',  ( -0.4999999999999722999, 0.8660254037844544728, 0.000000000000000000 ) ) ;
#701 = ORIENTED_EDGE ( 'NONE', *, *, #2066, .F. ) ;
#702 = AXIS2_PLACEMENT_3D ( 'NONE', #1901, #3283, #831 ) ;
#703 = DIRECTION ( 'NONE',  ( -0.000000000000000000, -0.000000000000000000, -1.000000000000000000 ) ) ;
#704 = ORIENTED_EDGE ( 'NONE', *, *, #651, .F. ) ;
#705 = DIRECTION ( 'NONE',  ( 1.000000000000000000, 0.000000000000000000, 0.000000000000000000 ) ) ;
#706 = ORIENTED_EDGE ( 'NONE', *, *, #795, .T. ) ;
#707 = VERTEX_POINT ( 'NONE', #862 ) ;
#708 = DIRECTION ( 'NONE',  ( -0.000000000000000000, -0.000000000000000000, -1.000000000000000000 ) ) ;
#709 = DIRECTION ( 'NONE',  ( -1.000000000000000000, 0.000000000000000000, 0.000000000000000000 ) ) ;
#710 = CARTESIAN_POINT ( 'NONE',  ( -60.72569888017383022, -184.9858359134302361, 8.000000000000000000 ) ) ;
#711 = VERTEX_POINT ( 'NONE', #1632 ) ;
#712 = AXIS2_PLACEMENT_3D ( 'NONE', #1667, #1169, #2755 ) ;
#713 = ORIENTED_EDGE ( 'NONE', *, *, #1098, .F. ) ;
#714 = VECTOR ( 'NONE', #1405, 1000.000000000000000 ) ;
#715 = CARTESIAN_POINT ( 'NONE',  ( -228.2472557322428486, -151.3380277304354138, 0.000000000000000000 ) ) ;
#716 = DIRECTION ( 'NONE',  ( -0.8660254037844375974, 0.5000000000000019984, 0.000000000000000000 ) ) ;
#717 = EDGE_CURVE ( 'NONE', #569, #516, #3448, .T. ) ;
#718 = ORIENTED_EDGE ( 'NONE', *, *, #2689, .F. ) ;
#719 = DIRECTION ( 'NONE',  ( 1.000000000000000000, 0.000000000000000000, 0.000000000000000000 ) ) ;
#720 = AXIS2_PLACEMENT_3D ( 'NONE', #1457, #2780, #1744 ) ;
#721 = VERTEX_POINT ( 'NONE', #2719 ) ;
#722 = DIRECTION ( 'NONE',  ( -0.000000000000000000, -0.000000000000000000, 1.000000000000000000 ) ) ;
#723 = DIRECTION ( 'NONE',  ( -1.000000000000000000, 0.000000000000000000, 0.000000000000000000 ) ) ;
#724 = ORIENTED_EDGE ( 'NONE', *, *, #3020, .T. ) ;
#725 = ORIENTED_EDGE ( 'NONE', *, *, #1997, .F. ) ;
#726 = DIRECTION ( 'NONE',  ( 0.000000000000000000, 0.000000000000000000, 1.000000000000000000 ) ) ;
#727 = CARTESIAN_POINT ( 'NONE',  ( 164.7958579727627466, -151.3380277303767230, 8.000000000000000000 ) ) ;
#728 = ADVANCED_FACE ( 'NONE', ( #3024 ), #1950, .F. ) ;
#729 = ORIENTED_EDGE ( 'NONE', *, *, #106, .F. ) ;
#730 = EDGE_CURVE ( 'NONE', #3277, #3407, #95, .T. ) ;
#731 = VECTOR ( 'NONE', #3081, 1000.000000000000114 ) ;
#732 = ORIENTED_EDGE ( 'NONE', *, *, #3440, .F. ) ;
#733 = CARTESIAN_POINT ( 'NONE',  ( 63.87366602574992669, -14.43619972329837609, 8.000000000000000000 ) ) ;
#734 = DIRECTION ( 'NONE',  ( -0.5000000000000004441, -0.8660254037844383745, 0.000000000000000000 ) ) ;
#735 = CARTESIAN_POINT ( 'NONE',  ( -86.51569888017382937, -147.4858359134302930, 8.000000000000000000 ) ) ;
#736 = VERTEX_POINT ( 'NONE', #2466 ) ;
#737 = CARTESIAN_POINT ( 'NONE',  ( -32.35730718265930506, -16.31615300382608069, 0.000000000000000000 ) ) ;
#738 = CYLINDRICAL_SURFACE ( 'NONE', #1853, 4.999999999999997335 ) ;
#739 = ORIENTED_EDGE ( 'NONE', *, *, #498, .F. ) ;
#740 = ORIENTED_EDGE ( 'NONE', *, *, #1296, .F. ) ;
#741 = ADVANCED_FACE ( 'NONE', ( #1321 ), #3043, .T. ) ;
#742 = CARTESIAN_POINT ( 'NONE',  ( 137.0818877250694356, -81.23655923823309877, 8.000000000000000000 ) ) ;
#743 = FACE_OUTER_BOUND ( 'NONE', #54, .T. ) ;
#744 =( LENGTH_UNIT ( ) NAMED_UNIT ( * ) SI_UNIT ( .MILLI., .METRE. ) );
#745 = EDGE_CURVE ( 'NONE', #1016, #3193, #3317, .T. ) ;
#746 = ORIENTED_EDGE ( 'NONE', *, *, #3287, .T. ) ;
#747 = EDGE_CURVE ( 'NONE', #3407, #3350, #2166, .T. ) ;
#748 = DIRECTION ( 'NONE',  ( -0.000000000000000000, -0.000000000000000000, 1.000000000000000000 ) ) ;
#749 = AXIS2_PLACEMENT_3D ( 'NONE', #1733, #974, #2567 ) ;
#750 = DIRECTION ( 'NONE',  ( -0.000000000000000000, -0.000000000000000000, -1.000000000000000000 ) ) ;
#751 = CARTESIAN_POINT ( 'NONE',  ( -13.36990787766326250, -28.28126546397511021, 0.000000000000000000 ) ) ;
#752 = ORIENTED_EDGE ( 'NONE', *, *, #1841, .T. ) ;
#753 = DIRECTION ( 'NONE',  ( 0.000000000000000000, 0.000000000000000000, 1.000000000000000000 ) ) ;
#754 = DIRECTION ( 'NONE',  ( -0.000000000000000000, -0.000000000000000000, 1.000000000000000000 ) ) ;
#755 = ORIENTED_EDGE ( 'NONE', *, *, #1182, .F. ) ;
#756 = VERTEX_POINT ( 'NONE', #844 ) ;
#757 = ORIENTED_EDGE ( 'NONE', *, *, #274, .F. ) ;
#758 = DIRECTION ( 'NONE',  ( -0.5000000000000002220, -0.8660254037844384856, 0.000000000000000000 ) ) ;
#759 = DIRECTION ( 'NONE',  ( 1.000000000000000000, 0.000000000000000000, 0.000000000000000000 ) ) ;
#760 = EDGE_CURVE ( 'NONE', #2398, #978, #42, .T. ) ;
#761 = ADVANCED_FACE ( 'NONE', ( #578 ), #1896, .T. ) ;
#762 = EDGE_LOOP ( 'NONE', ( #3036, #1802, #1364, #2999 ) ) ;
#763 = LINE ( 'NONE', #2142, #2594 ) ;
#764 = VECTOR ( 'NONE', #1937, 1000.000000000000000 ) ;
#765 = LINE ( 'NONE', #196, #3234 ) ;
#766 = VECTOR ( 'NONE', #3123, 1000.000000000000000 ) ;
#767 = DIRECTION ( 'NONE',  ( 0.5000000000000038858, 0.8660254037844363761, 0.000000000000000000 ) ) ;
#768 = VERTEX_POINT ( 'NONE', #3007 ) ;
#769 = VECTOR ( 'NONE', #767, 1000.000000000000114 ) ;
#770 = CARTESIAN_POINT ( 'NONE',  ( -37.55582589871461607, 196.2448336758284029, 8.000000000000000000 ) ) ;
#771 = CYLINDRICAL_SURFACE ( 'NONE', #3055, 3.000000000000002665 ) ;
#772 = ORIENTED_EDGE ( 'NONE', *, *, #1296, .T. ) ;
#773 = ORIENTED_EDGE ( 'NONE', *, *, #836, .T. ) ;
#774 = EDGE_LOOP ( 'NONE', ( #240, #405, #1260, #1507 ) ) ;
#775 = AXIS2_PLACEMENT_3D ( 'NONE', #2794, #351, #1683 ) ;
#776 = CIRCLE ( 'NONE', #1980, 3.000000000000002665 ) ;
#777 = DIRECTION ( 'NONE',  ( 1.000000000000000000, 0.000000000000000000, 0.000000000000000000 ) ) ;
#778 = DIRECTION ( 'NONE',  ( -1.000000000000000000, 0.000000000000000000, 0.000000000000000000 ) ) ;
#779 = APPROVAL_ROLE ( '' ) ;
#780 = EDGE_CURVE ( 'NONE', #3494, #504, #1394, .T. ) ;
#781 = FACE_BOUND ( 'NONE', #2152, .T. ) ;
#782 = EDGE_LOOP ( 'NONE', ( #818, #1357 ) ) ;
#783 = CARTESIAN_POINT ( 'NONE',  ( 140.5276036475652859, -37.20471428497963018, 8.000000000000000000 ) ) ;
#784 = DIRECTION ( 'NONE',  ( -0.000000000000000000, -0.000000000000000000, -1.000000000000000000 ) ) ;
#785 = DIRECTION ( 'NONE',  ( -0.000000000000000000, -0.000000000000000000, -1.000000000000000000 ) ) ;
#786 = VECTOR ( 'NONE', #1317, 1000.000000000000000 ) ;
#787 = CARTESIAN_POINT ( 'NONE',  ( -10.36990787766325894, -28.28126546397511021, 8.000000000000000000 ) ) ;
#788 = PLANE ( 'NONE',  #2935 ) ;
#789 = VERTEX_POINT ( 'NONE', #2542 ) ;
#790 = DIRECTION ( 'NONE',  ( -1.000000000000000000, 0.000000000000000000, 0.000000000000000000 ) ) ;
#791 = EDGE_CURVE ( 'NONE', #45, #963, #2503, .T. ) ;
#792 = EDGE_CURVE ( 'NONE', #1323, #3513, #2305, .T. ) ;
#793 = ORIENTED_EDGE ( 'NONE', *, *, #1010, .F. ) ;
#794 = ORIENTED_EDGE ( 'NONE', *, *, #3220, .F. ) ;
#795 = EDGE_CURVE ( 'NONE', #3478, #250, #3066, .T. ) ;
#796 = PLANE ( 'NONE',  #799 ) ;
#797 = LINE ( 'NONE', #2155, #1049 ) ;
#798 = ORIENTED_EDGE ( 'NONE', *, *, #2768, .T. ) ;
#799 = AXIS2_PLACEMENT_3D ( 'NONE', #2647, #1028, #812 ) ;
#800 = FACE_BOUND ( 'NONE', #3393, .T. ) ;
#801 = ORIENTED_EDGE ( 'NONE', *, *, #1906, .F. ) ;
#802 = CARTESIAN_POINT ( 'NONE',  ( -50.08148988191287998, -49.20329330367697906, 0.000000000000000000 ) ) ;
#803 = CIRCLE ( 'NONE', #2004, 3.000000000000002665 ) ;
#804 = DIRECTION ( 'NONE',  ( -0.4999999999999998890, -0.8660254037844385966, 0.000000000000000000 ) ) ;
#805 = ADVANCED_FACE ( 'NONE', ( #1414 ), #1486, .F. ) ;
#806 = CARTESIAN_POINT ( 'NONE',  ( -239.5654448419547009, -154.9858359136488559, 8.000000000000000000 ) ) ;
#807 = DIRECTION ( 'NONE',  ( 1.000000000000000000, 0.000000000000000000, 0.000000000000000000 ) ) ;
#808 = ORIENTED_EDGE ( 'NONE', *, *, #132, .T. ) ;
#809 = DIRECTION ( 'NONE',  ( -0.000000000000000000, -0.000000000000000000, -1.000000000000000000 ) ) ;
#810 = ORIENTED_EDGE ( 'NONE', *, *, #2283, .F. ) ;
#811 = VERTEX_POINT ( 'NONE', #2523 ) ;
#812 = DIRECTION ( 'NONE',  ( 0.000000000000000000, -0.000000000000000000, 1.000000000000000000 ) ) ;
#813 = ORIENTED_EDGE ( 'NONE', *, *, #1532, .T. ) ;
#814 = CARTESIAN_POINT ( 'NONE',  ( -37.22569887978897896, -45.67048261410159427, 0.000000000000000000 ) ) ;
#815 = ORIENTED_EDGE ( 'NONE', *, *, #239, .F. ) ;
#816 = APPROVAL_DATE_TIME ( #269, #1546 ) ;
#817 = LINE ( 'NONE', #3328, #2063 ) ;
#818 = ORIENTED_EDGE ( 'NONE', *, *, #3351, .F. ) ;
#819 = PLANE ( 'NONE',  #946 ) ;
#820 = CARTESIAN_POINT ( 'NONE',  ( 109.6749362147632922, 6.233673257659029687, 8.000000000000000000 ) ) ;
#821 = FACE_OUTER_BOUND ( 'NONE', #1255, .T. ) ;
#822 = EDGE_CURVE ( 'NONE', #1304, #3301, #80, .T. ) ;
#823 = DIRECTION ( 'NONE',  ( 0.4999999999999932832, -0.8660254037844425934, 0.000000000000000000 ) ) ;
#824 = ORIENTED_EDGE ( 'NONE', *, *, #647, .T. ) ;
#825 = LINE ( 'NONE', #2204, #2977 ) ;
#826 = CARTESIAN_POINT ( 'NONE',  ( -50.08148988191287998, -49.20329330367697906, 8.000000000000000000 ) ) ;
#827 = AXIS2_PLACEMENT_3D ( 'NONE', #101, #3067, #2186 ) ;
#828 = ORIENTED_EDGE ( 'NONE', *, *, #1827, .T. ) ;
#829 = AXIS2_PLACEMENT_3D ( 'NONE', #838, #3018, #308 ) ;
#830 = AXIS2_PLACEMENT_3D ( 'NONE', #448, #2658, #2603 ) ;
#831 = DIRECTION ( 'NONE',  ( 0.000000000000000000, 0.000000000000000000, -1.000000000000000000 ) ) ;
#832 = ORIENTED_EDGE ( 'NONE', *, *, #219, .T. ) ;
#833 = AXIS2_PLACEMENT_3D ( 'NONE', #133, #636, #953 ) ;
#834 = VECTOR ( 'NONE', #2604, 1000.000000000000000 ) ;
#835 = CARTESIAN_POINT ( 'NONE',  ( -118.5898855524994531, 113.2377596577770760, 8.000000000000000000 ) ) ;
#836 = EDGE_CURVE ( 'NONE', #2262, #41, #1148, .T. ) ;
#837 = EDGE_LOOP ( 'NONE', ( #1813, #1348, #3531, #1694 ) ) ;
#838 = CARTESIAN_POINT ( 'NONE',  ( -174.6189479138433569, -51.15545749838690170, 0.000000000000000000 ) ) ;
#839 = EDGE_CURVE ( 'NONE', #1292, #2352, #667, .T. ) ;
#840 = CARTESIAN_POINT ( 'NONE',  ( -37.22569887978897185, -31.81407615355055896, 8.000000000000000000 ) ) ;
#841 = DIRECTION ( 'NONE',  ( 0.5000000000000049960, 0.8660254037844358210, 0.000000000000000000 ) ) ;
#842 = DIRECTION ( 'NONE',  ( 0.8660254037844391517, -0.4999999999999992784, 0.000000000000000000 ) ) ;
#843 = ORIENTED_EDGE ( 'NONE', *, *, #760, .T. ) ;
#844 = CARTESIAN_POINT ( 'NONE',  ( 114.0050632336408682, 8.733673257736285223, 8.000000000000000000 ) ) ;
#845 = DIRECTION ( 'NONE',  ( -0.000000000000000000, -0.000000000000000000, -1.000000000000000000 ) ) ;
#846 = ORIENTED_EDGE ( 'NONE', *, *, #1163, .T. ) ;
#847 = CARTESIAN_POINT ( 'NONE',  ( -155.1806180518514964, -159.9858359136488843, 8.000000000000000000 ) ) ;
#848 = LINE ( 'NONE', #623, #2252 ) ;
#849 = VERTEX_POINT ( 'NONE', #3404 ) ;
#850 = EDGE_CURVE ( 'NONE', #2899, #594, #2653, .T. ) ;
#851 = FACE_OUTER_BOUND ( 'NONE', #1360, .T. ) ;
#852 = LINE ( 'NONE', #1960, #2577 ) ;
#853 = ORIENTED_EDGE ( 'NONE', *, *, #947, .T. ) ;
#854 = AXIS2_PLACEMENT_3D ( 'NONE', #2173, #284, #3515 ) ;
#855 = CYLINDRICAL_SURFACE ( 'NONE', #1278, 5.000000000000948575 ) ;
#856 = DIRECTION ( 'NONE',  ( 1.000000000000000000, 0.000000000000000000, 0.000000000000000000 ) ) ;
#857 = ADVANCED_FACE ( 'NONE', ( #1435 ), #1725, .F. ) ;
#858 = VECTOR ( 'NONE', #2963, 1000.000000000000000 ) ;
#859 = DIRECTION ( 'NONE',  ( 1.000000000000000000, 0.000000000000000000, 0.000000000000000000 ) ) ;
#860 = CARTESIAN_POINT ( 'NONE',  ( -116.8342196569887790, 99.93062774359337652, -59.00000000000000711 ) ) ;
#861 = ORIENTED_EDGE ( 'NONE', *, *, #1753, .T. ) ;
#862 = CARTESIAN_POINT ( 'NONE',  ( -49.21309818478390952, -26.77716692367690499, 0.000000000000000000 ) ) ;
#863 = CARTESIAN_POINT ( 'NONE',  ( -80.09227432033269167, 125.2215093897768270, 8.000000000000000000 ) ) ;
#864 = VERTEX_POINT ( 'NONE', #1216 ) ;
#865 = ORIENTED_EDGE ( 'NONE', *, *, #3179, .F. ) ;
#866 = LINE ( 'NONE', #339, #3406 ) ;
#867 = CARTESIAN_POINT ( 'NONE',  ( -176.9450397785867324, -46.72947776088530958, 0.000000000000000000 ) ) ;
#868 = VERTEX_POINT ( 'NONE', #1453 ) ;
#869 = AXIS2_PLACEMENT_3D ( 'NONE', #3077, #2248, #1699 ) ;
#870 = DIRECTION ( 'NONE',  ( -0.8660254037844358210, 0.5000000000000049960, 0.000000000000000000 ) ) ;
#871 = ADVANCED_FACE ( 'NONE', ( #115 ), #100, .F. ) ;
#872 = APPROVAL ( #2670, 'UNSPECIFIED' ) ;
#873 = EDGE_CURVE ( 'NONE', #2206, #941, #921, .T. ) ;
#874 = VECTOR ( 'NONE', #2485, 999.9999999999998863 ) ;
#875 = CARTESIAN_POINT ( 'NONE',  ( -234.5654448419555536, -159.9858359136494812, 8.000000000000000000 ) ) ;
#876 = VERTEX_POINT ( 'NONE', #3339 ) ;
#877 = CARTESIAN_POINT ( 'NONE',  ( -32.35730718265930506, -16.31615300382608069, -23.00000000000000355 ) ) ;
#878 = CYLINDRICAL_SURFACE ( 'NONE', #973, 5.000000000000004441 ) ;
#879 = LINE ( 'NONE', #2182, #2897 ) ;
#880 = FACE_BOUND ( 'NONE', #3487, .T. ) ;
#881 = EDGE_LOOP ( 'NONE', ( #2042, #2120, #1078, #291 ) ) ;
#882 = DIRECTION ( 'NONE',  ( -0.000000000000000000, -0.000000000000000000, -1.000000000000000000 ) ) ;
#883 = DIRECTION ( 'NONE',  ( -0.8851959475003204902, -0.4652183729486723540, 0.000000000000000000 ) ) ;
#884 = ADVANCED_FACE ( 'NONE', ( #1168 ), #2257, .F. ) ;
#885 = EDGE_LOOP ( 'NONE', ( #285, #2879, #832, #1087 ) ) ;
#886 = ORIENTED_EDGE ( 'NONE', *, *, #1499, .F. ) ;
#887 = PRODUCT_DEFINITION_SHAPE ( 'NONE', 'NONE',  #1501 ) ;
#888 = CARTESIAN_POINT ( 'NONE',  ( -239.5654448419547009, -154.9858359136488559, 0.000000000000000000 ) ) ;
#889 = AXIS2_PLACEMENT_3D ( 'NONE', #993, #247, #1293 ) ;
#890 = CARTESIAN_POINT ( 'NONE',  ( -111.5156988801738294, -141.4858359134302930, 8.000000000000000000 ) ) ;
#891 = VECTOR ( 'NONE', #3303, 1000.000000000000000 ) ;
#892 = ORIENTED_EDGE ( 'NONE', *, *, #2769, .T. ) ;
#893 = VECTOR ( 'NONE', #29, 1000.000000000000000 ) ;
#894 = CIRCLE ( 'NONE', #94, 4.999999999999997335 ) ;
#895 = CARTESIAN_POINT ( 'NONE',  ( -52.21309818478390952, -26.77716692367690499, 0.000000000000000000 ) ) ;
#896 = DIRECTION ( 'NONE',  ( -1.000000000000000000, 0.000000000000000000, 0.000000000000000000 ) ) ;
#897 = AXIS2_PLACEMENT_3D ( 'NONE', #1088, #3239, #1281 ) ;
#898 = EDGE_CURVE ( 'NONE', #3350, #1304, #2832, .T. ) ;
#899 = VERTEX_POINT ( 'NONE', #1990 ) ;
#900 = DIRECTION ( 'NONE',  ( 0.5000000000000004441, 0.8660254037844383745, 0.000000000000000000 ) ) ;
#901 = DIRECTION ( 'NONE',  ( 0.000000000000000000, 0.000000000000000000, 1.000000000000000000 ) ) ;
#902 = PLANE ( 'NONE',  #2158 ) ;
#903 = CARTESIAN_POINT ( 'NONE',  ( 30.26691505960358697, 33.77240042738570480, 8.000000000000000000 ) ) ;
#904 = VERTEX_POINT ( 'NONE', #2813 ) ;
#905 = CARTESIAN_POINT ( 'NONE',  ( -143.6263339740401648, 62.52532450431490219, 0.000000000000000000 ) ) ;
#906 = LINE ( 'NONE', #579, #3459 ) ;
#907 = ORIENTED_EDGE ( 'NONE', *, *, #1132, .T. ) ;
#908 = EDGE_LOOP ( 'NONE', ( #1525, #635, #808, #988 ) ) ;
#909 = CARTESIAN_POINT ( 'NONE',  ( -178.9490749327655408, -48.65545749838689460, 8.000000000000000000 ) ) ;
#910 = ADVANCED_FACE ( 'NONE', ( #1740 ), #1969, .F. ) ;
#911 = EDGE_CURVE ( 'NONE', #3329, #1665, #936, .T. ) ;
#912 = EDGE_LOOP ( 'NONE', ( #643, #2057, #2361, #1062 ) ) ;
#913 = AXIS2_PLACEMENT_3D ( 'NONE', #2148, #3241, #2966 ) ;
#914 = EDGE_CURVE ( 'NONE', #287, #1506, #1757, .T. ) ;
#915 = CARTESIAN_POINT ( 'NONE',  ( 121.3689743205031846, -11.02099488703144026, 8.000000000000000000 ) ) ;
#916 = CARTESIAN_POINT ( 'NONE',  ( -238.8955718608775385, -152.4858359136485433, 8.000000000000000000 ) ) ;
#917 = VERTEX_POINT ( 'NONE', #1301 ) ;
#918 = CARTESIAN_POINT ( 'NONE',  ( -37.22569887978897896, -45.67048261410159427, 8.000000000000000000 ) ) ;
#919 = CARTESIAN_POINT ( 'NONE',  ( 29.59704207852623270, 36.27240042738326053, 8.000000000000000000 ) ) ;
#920 = DIRECTION ( 'NONE',  ( -0.000000000000000000, -0.000000000000000000, 1.000000000000000000 ) ) ;
#921 = LINE ( 'NONE', #3391, #1570 ) ;
#922 = CC_DESIGN_PERSON_AND_ORGANIZATION_ASSIGNMENT ( #1583, #1365, ( #574 ) ) ;
#923 = EDGE_CURVE ( 'NONE', #768, #1867, #2698, .T. ) ;
#924 = DIRECTION ( 'NONE',  ( 0.000000000000000000, 0.000000000000000000, 1.000000000000000000 ) ) ;
#925 = ORIENTED_EDGE ( 'NONE', *, *, #3446, .T. ) ;
#926 = ORIENTED_EDGE ( 'NONE', *, *, #2147, .T. ) ;
#927 = CARTESIAN_POINT ( 'NONE',  ( 87.59398357290992010, -30.52099488703112584, -59.00000000000000711 ) ) ;
#928 = AXIS2_PLACEMENT_3D ( 'NONE', #2080, #3142, #1548 ) ;
#929 = ORIENTED_EDGE ( 'NONE', *, *, #2000, .F. ) ;
#930 = AXIS2_PLACEMENT_3D ( 'NONE', #3140, #1765, #2851 ) ;
#931 = DIRECTION ( 'NONE',  ( -1.000000000000000000, 0.000000000000000000, 0.000000000000000000 ) ) ;
#932 = DIRECTION ( 'NONE',  ( -0.000000000000000000, -0.000000000000000000, -1.000000000000000000 ) ) ;
#933 = VERTEX_POINT ( 'NONE', #2392 ) ;
#934 = CARTESIAN_POINT ( 'NONE',  ( -34.09409057691692624, -61.16840576382615069, -23.00000000000000355 ) ) ;
#935 = LINE ( 'NONE', #2570, #1572 ) ;
#936 = LINE ( 'NONE', #3116, #3294 ) ;
#937 = DIRECTION ( 'NONE',  ( 1.000000000000000000, 0.000000000000000000, 0.000000000000000000 ) ) ;
#938 = EDGE_CURVE ( 'NONE', #1319, #3155, #208, .T. ) ;
#939 = ORIENTED_EDGE ( 'NONE', *, *, #1737, .T. ) ;
#940 = CARTESIAN_POINT ( 'NONE',  ( -86.51569888017381516, -180.4858359134302646, -59.00000000000000711 ) ) ;
#941 = VERTEX_POINT ( 'NONE', #1268 ) ;
#942 = ORIENTED_EDGE ( 'NONE', *, *, #2759, .F. ) ;
#943 = DIRECTION ( 'NONE',  ( -0.9548095221620462869, -0.2972183984693492764, 0.000000000000000000 ) ) ;
#944 = DIRECTION ( 'NONE',  ( -0.000000000000000000, -0.000000000000000000, -1.000000000000000000 ) ) ;
#945 = AXIS2_PLACEMENT_3D ( 'NONE', #3005, #2679, #2127 ) ;
#946 = AXIS2_PLACEMENT_3D ( 'NONE', #1104, #1908, #2788 ) ;
#947 = EDGE_CURVE ( 'NONE', #1538, #45, #1808, .T. ) ;
#948 = VECTOR ( 'NONE', #2626, 1000.000000000000000 ) ;
#949 = AXIS2_PLACEMENT_3D ( 'NONE', #1107, #2870, #183 ) ;
#950 = EDGE_CURVE ( 'NONE', #1942, #2756, #2316, .T. ) ;
#951 = CARTESIAN_POINT ( 'NONE',  ( -32.35730718265930506, -16.31615300382608069, 8.000000000000000000 ) ) ;
#952 = PLANE ( 'NONE',  #1404 ) ;
#953 = DIRECTION ( 'NONE',  ( 0.5000000000000026645, 0.8660254037844371533, 0.000000000000000000 ) ) ;
#954 = CARTESIAN_POINT ( 'NONE',  ( -55.72569888017383732, -129.9858359136491117, 8.000000000000000000 ) ) ;
#955 = ORIENTED_EDGE ( 'NONE', *, *, #2996, .T. ) ;
#956 = DIRECTION ( 'NONE',  ( -0.5000000000000026645, -0.8660254037844371533, 0.000000000000000000 ) ) ;
#957 = ORIENTED_EDGE ( 'NONE', *, *, #1530, .T. ) ;
#958 = ORIENTED_EDGE ( 'NONE', *, *, #530, .T. ) ;
#959 = CYLINDRICAL_SURFACE ( 'NONE', #3141, 4.999999999996007638 ) ;
#960 = CARTESIAN_POINT ( 'NONE',  ( -234.5654448419540756, -154.9858359136488559, 8.000000000000000000 ) ) ;
#961 = EDGE_CURVE ( 'NONE', #756, #2398, #2599, .T. ) ;
#962 = AXIS2_PLACEMENT_3D ( 'NONE', #1145, #3336, #2716 ) ;
#963 = VERTEX_POINT ( 'NONE', #1036 ) ;
#964 = LINE ( 'NONE', #1738, #446 ) ;
#965 = CARTESIAN_POINT ( 'NONE',  ( -129.7755958674761985, -21.93938240269056195, 8.000000000000000000 ) ) ;
#966 = FACE_BOUND ( 'NONE', #1844, .T. ) ;
#967 = DIRECTION ( 'NONE',  ( -0.4999999999999924505, 0.8660254037844430375, -0.000000000000000000 ) ) ;
#968 = ORIENTED_EDGE ( 'NONE', *, *, #2893, .T. ) ;
#969 = CARTESIAN_POINT ( 'NONE',  ( -132.1016877322195455, -17.51340266518897693, 8.000000000000000000 ) ) ;
#970 = EDGE_LOOP ( 'NONE', ( #2576, #2438, #1038, #547, #1025, #26 ) ) ;
#971 = VERTEX_POINT ( 'NONE', #1539 ) ;
#972 = CARTESIAN_POINT ( 'NONE',  ( -133.2313339740395861, 80.52999264899443688, 0.000000000000000000 ) ) ;
#973 = AXIS2_PLACEMENT_3D ( 'NONE', #1964, #3059, #3543 ) ;
#974 = DIRECTION ( 'NONE',  ( 0.8660254037844388186, 0.4999999999999997780, 0.000000000000000000 ) ) ;
#975 = DATE_AND_TIME ( #3433, #462 ) ;
#976 = EDGE_CURVE ( 'NONE', #3237, #3495, #2126, .T. ) ;
#977 = EDGE_CURVE ( 'NONE', #3478, #2039, #3221, .T. ) ;
#978 = VERTEX_POINT ( 'NONE', #1862 ) ;
#979 = ORIENTED_EDGE ( 'NONE', *, *, #479, .T. ) ;
#980 = CARTESIAN_POINT ( 'NONE',  ( -25.22569887978897540, -38.74227938382606595, -2.000000000000000000 ) ) ;
#981 = LINE ( 'NONE', #1200, #1118 ) ;
#982 = FACE_BOUND ( 'NONE', #1267, .T. ) ;
#983 = VECTOR ( 'NONE', #12, 1000.000000000000227 ) ;
#984 = DIRECTION ( 'NONE',  ( 1.000000000000000000, -5.182799681978658181E-16, 0.000000000000000000 ) ) ;
#985 = ORIENTED_EDGE ( 'NONE', *, *, #88, .F. ) ;
#986 = DIRECTION ( 'NONE',  ( -0.5000000000000001110, -0.8660254037844385966, 0.000000000000000000 ) ) ;
#987 = DIRECTION ( 'NONE',  ( -0.000000000000000000, -0.000000000000000000, -1.000000000000000000 ) ) ;
#988 = ORIENTED_EDGE ( 'NONE', *, *, #1426, .F. ) ;
#989 = ADVANCED_FACE ( 'NONE', ( #2948 ), #3476, .F. ) ;
#990 = ORIENTED_EDGE ( 'NONE', *, *, #632, .F. ) ;
#991 = EDGE_CURVE ( 'NONE', #1763, #594, #505, .T. ) ;
#992 = DIRECTION ( 'NONE',  ( -0.000000000000000000, -0.000000000000000000, -1.000000000000000000 ) ) ;
#993 = CARTESIAN_POINT ( 'NONE',  ( 26.72079804829775540, 89.91445526059696647, 0.000000000000000000 ) ) ;
#994 = PERSON_AND_ORGANIZATION ( #3418, #693 ) ;
#995 = VERTEX_POINT ( 'NONE', #200 ) ;
#996 = CIRCLE ( 'NONE', #1680, 4.999999999999997335 ) ;
#997 = ORIENTED_EDGE ( 'NONE', *, *, #1547, .F. ) ;
#998 = VECTOR ( 'NONE', #325, 999.9999999999998863 ) ;
#999 = DIRECTION ( 'NONE',  ( -1.000000000000000000, 0.000000000000000000, 0.000000000000000000 ) ) ;
#1000 = VECTOR ( 'NONE', #967, 1000.000000000000114 ) ;
#1001 = LINE ( 'NONE', #965, #3409 ) ;
#1002 = AXIS2_PLACEMENT_3D ( 'NONE', #2754, #1358, #313 ) ;
#1003 = LINE ( 'NONE', #1859, #3354 ) ;
#1004 = VECTOR ( 'NONE', #1928, 1000.000000000000000 ) ;
#1005 = ORIENTED_EDGE ( 'NONE', *, *, #2457, .F. ) ;
#1006 = DIRECTION ( 'NONE',  ( 0.000000000000000000, 0.000000000000000000, -1.000000000000000000 ) ) ;
#1007 = LINE ( 'NONE', #2642, #542 ) ;
#1008 = ORIENTED_EDGE ( 'NONE', *, *, #1213, .T. ) ;
#1009 = ORIENTED_EDGE ( 'NONE', *, *, #1621, .T. ) ;
#1010 = EDGE_CURVE ( 'NONE', #2381, #2489, #2895, .T. ) ;
#1011 = EDGE_CURVE ( 'NONE', #1187, #350, #1063, .T. ) ;
#1012 = DIRECTION ( 'NONE',  ( -0.000000000000000000, -0.000000000000000000, 1.000000000000000000 ) ) ;
#1013 = DIRECTION ( 'NONE',  ( -0.000000000000000000, 1.000000000000000000, -0.000000000000000000 ) ) ;
#1014 = CARTESIAN_POINT ( 'NONE',  ( -28.89557186087014884, 196.2448336758282608, 0.000000000000000000 ) ) ;
#1015 = ADVANCED_FACE ( 'NONE', ( #1842 ), #2929, .F. ) ;
#1016 = VERTEX_POINT ( 'NONE', #2914 ) ;
#1017 = DIRECTION ( 'NONE',  ( 1.000000000000000000, 0.000000000000000000, 0.000000000000000000 ) ) ;
#1018 = DIRECTION ( 'NONE',  ( 1.000000000000000000, 0.000000000000000000, 0.000000000000000000 ) ) ;
#1019 = DIRECTION ( 'NONE',  ( 1.000000000000000000, 0.000000000000000000, 0.000000000000000000 ) ) ;
#1020 = ORIENTED_EDGE ( 'NONE', *, *, #106, .T. ) ;
#1021 = CARTESIAN_POINT ( 'NONE',  ( -111.5156988801731330, 108.4637120469668332, 0.000000000000000000 ) ) ;
#1022 = CARTESIAN_POINT ( 'NONE',  ( 94.89783115020307491, -55.17162998164216958, -59.00000000000000711 ) ) ;
#1023 = EDGE_CURVE ( 'NONE', #3282, #3, #471, .T. ) ;
#1024 = ORIENTED_EDGE ( 'NONE', *, *, #3002, .T. ) ;
#1025 = ORIENTED_EDGE ( 'NONE', *, *, #2580, .F. ) ;
#1026 = ORIENTED_EDGE ( 'NONE', *, *, #614, .F. ) ;
#1027 = CIRCLE ( 'NONE', #637, 5.000000000000004441 ) ;
#1028 = DIRECTION ( 'NONE',  ( 0.000000000000000000, 1.000000000000000000, 0.000000000000000000 ) ) ;
#1029 = DIRECTION ( 'NONE',  ( -0.000000000000000000, -0.000000000000000000, 1.000000000000000000 ) ) ;
#1030 = VERTEX_POINT ( 'NONE', #787 ) ;
#1031 = DIRECTION ( 'NONE',  ( 0.000000000000000000, 0.000000000000000000, 1.000000000000000000 ) ) ;
#1032 = DIRECTION ( 'NONE',  ( -1.000000000000000000, 0.000000000000000000, 0.000000000000000000 ) ) ;
#1033 = CARTESIAN_POINT ( 'NONE',  ( -129.3342196569888927, 78.27999264898247134, 8.000000000000000000 ) ) ;
#1034 = ORIENTED_EDGE ( 'NONE', *, *, #2893, .F. ) ;
#1035 = AXIS2_PLACEMENT_3D ( 'NONE', #2785, #2514, #1941 ) ;
#1036 = CARTESIAN_POINT ( 'NONE',  ( -86.51569888017381516, -180.4858359134302646, 0.000000000000000000 ) ) ;
#1037 = CARTESIAN_POINT ( 'NONE',  ( -52.21309818478390952, -26.77716692367690499, -23.00000000000000355 ) ) ;
#1038 = ORIENTED_EDGE ( 'NONE', *, *, #1697, .F. ) ;
#1039 = EDGE_CURVE ( 'NONE', #2554, #1304, #2641, .T. ) ;
#1040 = EDGE_LOOP ( 'NONE', ( #3321, #2346, #2047, #2300 ) ) ;
#1041 = ORIENTED_EDGE ( 'NONE', *, *, #2739, .T. ) ;
#1042 = CARTESIAN_POINT ( 'NONE',  ( -37.22569887978897185, -31.81407615355055896, 8.000000000000000000 ) ) ;
#1043 = CARTESIAN_POINT ( 'NONE',  ( -14.23829957479208552, -50.70739184397518784, 0.000000000000000000 ) ) ;
#1044 = FACE_BOUND ( 'NONE', #1516, .T. ) ;
#1045 = ORIENTED_EDGE ( 'NONE', *, *, #898, .T. ) ;
#1046 = ADVANCED_FACE ( 'NONE', ( #2408 ), #3506, .F. ) ;
#1047 = ADVANCED_FACE ( 'NONE', ( #1251 ), #3443, .F. ) ;
#1048 = CARTESIAN_POINT ( 'NONE',  ( -34.09409057691692624, -61.16840576382615069, 8.000000000000000000 ) ) ;
#1049 = VECTOR ( 'NONE', #1886, 1000.000000000000000 ) ;
#1050 = DIRECTION ( 'NONE',  ( -0.000000000000000000, -0.000000000000000000, 1.000000000000000000 ) ) ;
#1051 = CIRCLE ( 'NONE', #2590, 3.000000000000002665 ) ;
#1052 = DIRECTION ( 'NONE',  ( -1.000000000000000000, 0.000000000000000000, 0.000000000000000000 ) ) ;
#1053 = ADVANCED_FACE ( 'NONE', ( #1679 ), #2771, .F. ) ;
#1054 = CIRCLE ( 'NONE', #2368, 5.000000000000004441 ) ;
#1055 = AXIS2_PLACEMENT_3D ( 'NONE', #150, #1822, #1264 ) ;
#1056 = DIRECTION ( 'NONE',  ( 1.000000000000000000, 0.000000000000000000, 0.000000000000000000 ) ) ;
#1057 = LINE ( 'NONE', #3222, #2078 ) ;
#1058 = EDGE_LOOP ( 'NONE', ( #1923, #2296, #958, #2460 ) ) ;
#1059 = VECTOR ( 'NONE', #3255, 999.9999999999998863 ) ;
#1060 = CARTESIAN_POINT ( 'NONE',  ( 107.1749362148916589, 10.56380027665532850, 8.000000000000000000 ) ) ;
#1061 = VERTEX_POINT ( 'NONE', #2233 ) ;
#1062 = ORIENTED_EDGE ( 'NONE', *, *, #1728, .T. ) ;
#1063 = CIRCLE ( 'NONE', #3064, 3.000000000000002665 ) ;
#1064 = AXIS2_PLACEMENT_3D ( 'NONE', #1769, #1756, #3115 ) ;
#1065 = CARTESIAN_POINT ( 'NONE',  ( -167.8652768703705078, -55.57845520262037553, 8.000000000000000000 ) ) ;
#1066 = LINE ( 'NONE', #727, #2588 ) ;
#1067 = ORIENTED_EDGE ( 'NONE', *, *, #2612, .F. ) ;
#1068 = EDGE_CURVE ( 'NONE', #3237, #2447, #879, .T. ) ;
#1069 = CARTESIAN_POINT ( 'NONE',  ( -32.35730718265930506, -16.31615300382608069, 8.000000000000000000 ) ) ;
#1070 = EDGE_LOOP ( 'NONE', ( #3465, #345, #3047, #1742 ) ) ;
#1071 = CARTESIAN_POINT ( 'NONE',  ( -34.09409057691692624, -61.16840576382615069, -23.00000000000000355 ) ) ;
#1072 = CARTESIAN_POINT ( 'NONE',  ( -134.5303720796954963, 81.27999264898247134, 0.000000000000000000 ) ) ;
#1073 = AXIS2_PLACEMENT_3D ( 'NONE', #1912, #3004, #2199 ) ;
#1074 = CARTESIAN_POINT ( 'NONE',  ( -176.9450397785867324, -46.72947776088530958, 8.000000000000000000 ) ) ;
#1075 = CARTESIAN_POINT ( 'NONE',  ( -60.72569888017383732, -184.9858359134302361, 8.000000000000000000 ) ) ;
#1076 = ORIENTED_EDGE ( 'NONE', *, *, #2580, .T. ) ;
#1077 = DIRECTION ( 'NONE',  ( -1.000000000000000000, 0.000000000000000000, 0.000000000000000000 ) ) ;
#1078 = ORIENTED_EDGE ( 'NONE', *, *, #684, .T. ) ;
#1079 = ORIENTED_EDGE ( 'NONE', *, *, #1692, .F. ) ;
#1080 = APPLICATION_CONTEXT ( 'configuration controlled 3d designs of mechanical parts and assemblies' ) ;
#1081 = FACE_OUTER_BOUND ( 'NONE', #392, .T. ) ;
#1082 = FACE_OUTER_BOUND ( 'NONE', #188, .T. ) ;
#1083 = EDGE_LOOP ( 'NONE', ( #3223, #740, #1790, #1671 ) ) ;
#1084 = AXIS2_PLACEMENT_3D ( 'NONE', #1065, #510, #1597 ) ;
#1085 = FACE_BOUND ( 'NONE', #2335, .T. ) ;
#1086 = EDGE_CURVE ( 'NONE', #3155, #1319, #2497, .T. ) ;
#1087 = ORIENTED_EDGE ( 'NONE', *, *, #685, .F. ) ;
#1088 = CARTESIAN_POINT ( 'NONE',  ( 137.0818877250694356, -81.23655923823309877, 0.000000000000000000 ) ) ;
#1089 = APPROVAL_PERSON_ORGANIZATION ( #994, #1810, #2098 ) ;
#1090 = FACE_OUTER_BOUND ( 'NONE', #3442, .T. ) ;
#1091 = VECTOR ( 'NONE', #3500, 1000.000000000000000 ) ;
#1092 = FACE_OUTER_BOUND ( 'NONE', #1835, .T. ) ;
#1093 = FACE_OUTER_BOUND ( 'NONE', #617, .T. ) ;
#1094 = ORIENTED_EDGE ( 'NONE', *, *, #6, .T. ) ;
#1095 = CARTESIAN_POINT ( 'NONE',  ( -29.22569887978897185, -31.81407615355055896, 8.000000000000000000 ) ) ;
#1096 = ORIENTED_EDGE ( 'NONE', *, *, #730, .F. ) ;
#1097 = DIRECTION ( 'NONE',  ( -0.000000000000000000, -0.000000000000000000, 1.000000000000000000 ) ) ;
#1098 = EDGE_CURVE ( 'NONE', #2345, #2924, #1411, .T. ) ;
#1099 = DIRECTION ( 'NONE',  ( -1.000000000000000000, 1.387778780787521137E-16, 0.000000000000000000 ) ) ;
#1100 = ORIENTED_EDGE ( 'NONE', *, *, #1657, .T. ) ;
#1101 = ADVANCED_FACE ( 'NONE', ( #1106 ), #1663, .F. ) ;
#1102 = CARTESIAN_POINT ( 'NONE',  ( 82.39783115020325965, -33.52099488703108676, 8.000000000000000000 ) ) ;
#1103 = EDGE_LOOP ( 'NONE', ( #2664, #1116, #374, #2522 ) ) ;
#1104 = CARTESIAN_POINT ( 'NONE',  ( 82.39783115020325965, -33.52099488703108676, -59.00000000000000711 ) ) ;
#1105 = CARTESIAN_POINT ( 'NONE',  ( 161.7958579727627466, -151.3380277303767230, 0.000000000000000000 ) ) ;
#1106 = FACE_OUTER_BOUND ( 'NONE', #1277, .T. ) ;
#1107 = CARTESIAN_POINT ( 'NONE',  ( -151.7892175381861364, -161.3118186905114158, 8.000000000000000000 ) ) ;
#1108 = ORIENTED_EDGE ( 'NONE', *, *, #470, .T. ) ;
#1109 = CARTESIAN_POINT ( 'NONE',  ( -111.5156988801738009, -180.4858359134302646, 8.000000000000000000 ) ) ;
#1110 = ADVANCED_FACE ( 'NONE', ( #821 ), #1373, .F. ) ;
#1111 = DIRECTION ( 'NONE',  ( 1.000000000000000000, 0.000000000000000000, 0.000000000000000000 ) ) ;
#1112 = AXIS2_PLACEMENT_3D ( 'NONE', #1992, #1709, #43 ) ;
#1113 = VERTEX_POINT ( 'NONE', #3299 ) ;
#1114 = AXIS2_PLACEMENT_3D ( 'NONE', #1586, #3184, #1262 ) ;
#1115 = CARTESIAN_POINT ( 'NONE',  ( 31.05092506722501611, 92.41445526059028737, 8.000000000000000000 ) ) ;
#1116 = ORIENTED_EDGE ( 'NONE', *, *, #2429, .T. ) ;
#1117 = AXIS2_PLACEMENT_3D ( 'NONE', #2776, #3375, #61 ) ;
#1118 = VECTOR ( 'NONE', #3403, 1000.000000000000000 ) ;
#1119 = DIRECTION ( 'NONE',  ( -0.8660254037844385966, -0.5000000000000001110, 0.000000000000000000 ) ) ;
#1120 = DIRECTION ( 'NONE',  ( 1.000000000000000000, 5.232450433197542540E-16, 0.000000000000000000 ) ) ;
#1121 = ADVANCED_FACE ( 'NONE', ( #537 ), #1966, .T. ) ;
#1122 = VERTEX_POINT ( 'NONE', #615 ) ;
#1123 = LINE ( 'NONE', #650, #1399 ) ;
#1124 = DIRECTION ( 'NONE',  ( -5.232450433197542540E-16, 1.000000000000000000, 0.000000000000000000 ) ) ;
#1125 = DIRECTION ( 'NONE',  ( 0.000000000000000000, -0.000000000000000000, -1.000000000000000000 ) ) ;
#1126 = DIRECTION ( 'NONE',  ( -2.312964634635740689E-15, 1.000000000000000000, 0.000000000000000000 ) ) ;
#1127 = VERTEX_POINT ( 'NONE', #19 ) ;
#1128 = CARTESIAN_POINT ( 'NONE',  ( -117.1037935601527096, -45.67048261410160137, 0.000000000000000000 ) ) ;
#1129 = VECTOR ( 'NONE', #1338, 1000.000000000000000 ) ;
#1130 = DIRECTION ( 'NONE',  ( 0.4999999999999925060, -0.8660254037844430375, 0.000000000000000000 ) ) ;
#1131 = ORIENTED_EDGE ( 'NONE', *, *, #3341, .T. ) ;
#1132 = EDGE_CURVE ( 'NONE', #1559, #602, #575, .T. ) ;
#1133 = ORIENTED_EDGE ( 'NONE', *, *, #3144, .F. ) ;
#1134 = EDGE_CURVE ( 'NONE', #409, #2859, #2955, .T. ) ;
#1135 = CARTESIAN_POINT ( 'NONE',  ( -118.7707797079486767, -189.9858359134302646, 8.000000000000000000 ) ) ;
#1136 = CARTESIAN_POINT ( 'NONE',  ( 48.67464607720026493, -146.9254863691283219, 8.000000000000000000 ) ) ;
#1137 = VERTEX_POINT ( 'NONE', #806 ) ;
#1138 = DIRECTION ( 'NONE',  ( -0.000000000000000000, -0.000000000000000000, -1.000000000000000000 ) ) ;
#1139 = CARTESIAN_POINT ( 'NONE',  ( -118.7707797079486767, -189.9858359134302646, 0.000000000000000000 ) ) ;
#1140 = ORIENTED_EDGE ( 'NONE', *, *, #1783, .F. ) ;
#1141 = VECTOR ( 'NONE', #425, 1000.000000000000000 ) ;
#1142 = DIRECTION ( 'NONE',  ( -0.000000000000000000, -0.000000000000000000, -1.000000000000000000 ) ) ;
#1143 = EDGE_CURVE ( 'NONE', #242, #3268, #2981, .T. ) ;
#1144 = DIRECTION ( 'NONE',  ( 1.000000000000000000, 0.000000000000000000, 0.000000000000000000 ) ) ;
#1145 = CARTESIAN_POINT ( 'NONE',  ( -65.72569888017383732, -184.9858359134302361, 8.000000000000000000 ) ) ;
#1146 = CARTESIAN_POINT ( 'NONE',  ( 45.67464607720025782, -146.9254863691283219, 8.000000000000000000 ) ) ;
#1147 = ORIENTED_EDGE ( 'NONE', *, *, #2266, .F. ) ;
#1148 = LINE ( 'NONE', #372, #383 ) ;
#1149 = DIRECTION ( 'NONE',  ( 1.000000000000000000, 0.000000000000000000, 0.000000000000000000 ) ) ;
#1150 = ORIENTED_EDGE ( 'NONE', *, *, #2982, .F. ) ;
#1151 = ORIENTED_EDGE ( 'NONE', *, *, #3013, .F. ) ;
#1152 = DIRECTION ( 'NONE',  ( -0.000000000000000000, -0.000000000000000000, -1.000000000000000000 ) ) ;
#1153 = ADVANCED_FACE ( 'NONE', ( #1092 ), #557, .F. ) ;
#1154 = DIRECTION ( 'NONE',  ( 0.000000000000000000, 0.000000000000000000, 1.000000000000000000 ) ) ;
#1155 = ORIENTED_EDGE ( 'NONE', *, *, #2099, .F. ) ;
#1156 = AXIS2_PLACEMENT_3D ( 'NONE', #3348, #2729, #896 ) ;
#1157 = DIRECTION ( 'NONE',  ( 0.000000000000000000, 0.000000000000000000, 1.000000000000000000 ) ) ;
#1158 = VECTOR ( 'NONE', #1440, 1000.000000000000114 ) ;
#1159 = PLANE ( 'NONE',  #1496 ) ;
#1160 = VERTEX_POINT ( 'NONE', #295 ) ;
#1161 = DIRECTION ( 'NONE',  ( -0.5000000000000042188, -0.8660254037844361541, -0.000000000000000000 ) ) ;
#1162 = CARTESIAN_POINT ( 'NONE',  ( -53.08148988191288709, -49.20329330367697906, 8.000000000000000000 ) ) ;
#1163 = EDGE_CURVE ( 'NONE', #2859, #569, #2216, .T. ) ;
#1164 = EDGE_CURVE ( 'NONE', #2235, #2067, #2787, .T. ) ;
#1165 = DIRECTION ( 'NONE',  ( -0.000000000000000000, -0.000000000000000000, -1.000000000000000000 ) ) ;
#1166 = DIRECTION ( 'NONE',  ( -0.000000000000000000, 0.000000000000000000, -1.000000000000000000 ) ) ;
#1167 = ORIENTED_EDGE ( 'NONE', *, *, #873, .F. ) ;
#1168 = FACE_OUTER_BOUND ( 'NONE', #2816, .T. ) ;
#1169 = DIRECTION ( 'NONE',  ( 0.000000000000000000, 0.000000000000000000, 1.000000000000000000 ) ) ;
#1170 = ADVANCED_FACE ( 'NONE', ( #1391 ), #39, .F. ) ;
#1171 = EDGE_LOOP ( 'NONE', ( #2943, #925, #2743, #1167 ) ) ;
#1172 = ORIENTED_EDGE ( 'NONE', *, *, #1904, .T. ) ;
#1173 = LINE ( 'NONE', #2265, #2479 ) ;
#1174 = ORIENTED_EDGE ( 'NONE', *, *, #3441, .F. ) ;
#1175 = VECTOR ( 'NONE', #3366, 999.9999999999998863 ) ;
#1176 = VECTOR ( 'NONE', #1217, 999.9999999999998863 ) ;
#1177 = LINE ( 'NONE', #783, #1175 ) ;
#1178 = DIRECTION ( 'NONE',  ( 0.4999999999999924505, -0.8660254037844430375, 0.000000000000000000 ) ) ;
#1179 = VECTOR ( 'NONE', #1821, 1000.000000000000000 ) ;
#1180 = ORIENTED_EDGE ( 'NONE', *, *, #3381, .T. ) ;
#1181 = PRODUCT_RELATED_PRODUCT_CATEGORY ( 'detail', '', ( #1423 ) ) ;
#1182 = EDGE_CURVE ( 'NONE', #409, #2093, #592, .T. ) ;
#1183 = CARTESIAN_POINT ( 'NONE',  ( -56.08148988191288709, -49.20329330367697906, -23.00000000000000355 ) ) ;
#1184 = CARTESIAN_POINT ( 'NONE',  ( -29.22569887978897896, -45.67048261410159427, 0.000000000000000000 ) ) ;
#1185 = DIRECTION ( 'NONE',  ( -0.5000000000000000000, 0.8660254037844385966, 0.000000000000000000 ) ) ;
#1186 = FACE_BOUND ( 'NONE', #2230, .T. ) ;
#1187 = VERTEX_POINT ( 'NONE', #97 ) ;
#1188 = CARTESIAN_POINT ( 'NONE',  ( -33.22569887979242509, 186.4492173093101712, 0.000000000000000000 ) ) ;
#1189 = CARTESIAN_POINT ( 'NONE',  ( -13.36990787766326250, -28.28126546397511021, 8.000000000000000000 ) ) ;
#1190 = VECTOR ( 'NONE', #416, 1000.000000000000000 ) ;
#1191 = ORIENTED_EDGE ( 'NONE', *, *, #2393, .T. ) ;
#1192 = VERTEX_POINT ( 'NONE', #1497 ) ;
#1193 = DIRECTION ( 'NONE',  ( -0.000000000000000000, -0.000000000000000000, 1.000000000000000000 ) ) ;
#1194 = EDGE_LOOP ( 'NONE', ( #926, #985, #1140, #1218 ) ) ;
#1195 = VECTOR ( 'NONE', #1165, 1000.000000000000000 ) ;
#1196 = CARTESIAN_POINT ( 'NONE',  ( -86.51569888017382937, -147.4858359134302930, -59.00000000000000711 ) ) ;
#1197 = CARTESIAN_POINT ( 'NONE',  ( -111.5156988801738152, -147.4858359134302930, 8.000000000000000000 ) ) ;
#1198 = ORIENTED_EDGE ( 'NONE', *, *, #2517, .T. ) ;
#1199 = LINE ( 'NONE', #2855, #563 ) ;
#1200 = CARTESIAN_POINT ( 'NONE',  ( -80.09227432033269167, 125.2215093897768270, 0.000000000000000000 ) ) ;
#1201 = CARTESIAN_POINT ( 'NONE',  ( 29.60098525684328763, 36.47093564974499458, 8.000000000000000000 ) ) ;
#1202 = CARTESIAN_POINT ( 'NONE',  ( 0.4975139712178797691, -130.7583913984942399, 8.000000000000000000 ) ) ;
#1203 = ORIENTED_EDGE ( 'NONE', *, *, #3017, .F. ) ;
#1204 = AXIS2_PLACEMENT_3D ( 'NONE', #2272, #3196, #1720 ) ;
#1205 = ORIENTED_EDGE ( 'NONE', *, *, #531, .T. ) ;
#1206 = DIRECTION ( 'NONE',  ( 1.000000000000000000, 0.000000000000000000, 0.000000000000000000 ) ) ;
#1207 = EDGE_LOOP ( 'NONE', ( #354, #1895, #2027, #21 ) ) ;
#1208 = ORIENTED_EDGE ( 'NONE', *, *, #2612, .T. ) ;
#1209 = EDGE_CURVE ( 'NONE', #2206, #2299, #3129, .T. ) ;
#1210 = VECTOR ( 'NONE', #1178, 1000.000000000000114 ) ;
#1211 = LINE ( 'NONE', #3415, #688 ) ;
#1212 = CARTESIAN_POINT ( 'NONE',  ( 31.05092506722501611, 92.41445526059028737, 0.000000000000000000 ) ) ;
#1213 = EDGE_CURVE ( 'NONE', #297, #811, #2322, .T. ) ;
#1214 = PLANE ( 'NONE',  #2728 ) ;
#1215 = DIRECTION ( 'NONE',  ( 1.000000000000000000, 0.000000000000000000, 0.000000000000000000 ) ) ;
#1216 = CARTESIAN_POINT ( 'NONE',  ( -31.09409057691692269, -61.16840576382615069, 8.000000000000000000 ) ) ;
#1217 = DIRECTION ( 'NONE',  ( -0.8660254037844425934, -0.4999999999999932832, 0.000000000000000000 ) ) ;
#1218 = ORIENTED_EDGE ( 'NONE', *, *, #3335, .T. ) ;
#1219 = CARTESIAN_POINT ( 'NONE',  ( -37.22569887978897185, -31.81407615355055896, 0.000000000000000000 ) ) ;
#1220 = ADVANCED_FACE ( 'NONE', ( #2840 ), #113, .F. ) ;
#1221 = EDGE_LOOP ( 'NONE', ( #2170, #810, #508, #2623 ) ) ;
#1222 = EDGE_LOOP ( 'NONE', ( #3326, #1603, #1254, #2835 ) ) ;
#1223 = AXIS2_PLACEMENT_3D ( 'NONE', #477, #1562, #2649 ) ;
#1224 = LINE ( 'NONE', #2044, #1306 ) ;
#1225 = AXIS2_PLACEMENT_3D ( 'NONE', #1761, #472, #2358 ) ;
#1226 = CARTESIAN_POINT ( 'NONE',  ( -37.55582589871461607, 196.2448336758284029, 0.000000000000000000 ) ) ;
#1227 = CIRCLE ( 'NONE', #1799, 5.000000000000031974 ) ;
#1228 = CIRCLE ( 'NONE', #3226, 5.000000000000004441 ) ;
#1229 = VECTOR ( 'NONE', #986, 1000.000000000000114 ) ;
#1230 = VECTOR ( 'NONE', #716, 999.9999999999998863 ) ;
#1231 = CARTESIAN_POINT ( 'NONE',  ( -113.2066792431019167, 106.2137120469547966, 0.000000000000000000 ) ) ;
#1232 = DIRECTION ( 'NONE',  ( 2.312964634635740689E-15, -1.000000000000000000, 0.000000000000000000 ) ) ;
#1233 = FACE_BOUND ( 'NONE', #782, .T. ) ;
#1234 = CARTESIAN_POINT ( 'NONE',  ( 6.752794194299569064, -106.0621907958616106, 0.000000000000000000 ) ) ;
#1235 = ORIENTED_EDGE ( 'NONE', *, *, #323, .T. ) ;
#1236 = DIRECTION ( 'NONE',  ( -0.000000000000000000, -0.000000000000000000, -1.000000000000000000 ) ) ;
#1237 = ORIENTED_EDGE ( 'NONE', *, *, #1946, .F. ) ;
#1238 = ORIENTED_EDGE ( 'NONE', *, *, #3520, .F. ) ;
#1239 = EDGE_CURVE ( 'NONE', #3219, #2730, #964, .T. ) ;
#1240 = ADVANCED_FACE ( 'NONE', ( #680 ), #3373, .F. ) ;
#1241 = DIRECTION ( 'NONE',  ( -0.000000000000000000, -0.000000000000000000, 1.000000000000000000 ) ) ;
#1242 = LINE ( 'NONE', #2582, #583 ) ;
#1243 = AXIS2_PLACEMENT_3D ( 'NONE', #348, #1484, #3389 ) ;
#1244 = ORIENTED_EDGE ( 'NONE', *, *, #1530, .F. ) ;
#1245 = EDGE_CURVE ( 'NONE', #45, #3193, #2556, .T. ) ;
#1246 = DIRECTION ( 'NONE',  ( 0.000000000000000000, 0.000000000000000000, 1.000000000000000000 ) ) ;
#1247 = LINE ( 'NONE', #2304, #3523 ) ;
#1248 = ORIENTED_EDGE ( 'NONE', *, *, #1098, .T. ) ;
#1249 = LINE ( 'NONE', #3117, #2312 ) ;
#1250 = ORIENTED_EDGE ( 'NONE', *, *, #3528, .T. ) ;
#1251 = FACE_OUTER_BOUND ( 'NONE', #3511, .T. ) ;
#1252 = CARTESIAN_POINT ( 'NONE',  ( -55.72569888017383732, -134.9858359136491401, 8.000000000000000000 ) ) ;
#1253 = VECTOR ( 'NONE', #2154, 1000.000000000000000 ) ;
#1254 = ORIENTED_EDGE ( 'NONE', *, *, #3104, .F. ) ;
#1255 = EDGE_LOOP ( 'NONE', ( #755, #990, #2541, #2414 ) ) ;
#1256 = EDGE_CURVE ( 'NONE', #3107, #3462, #1199, .T. ) ;
#1257 = PLANE ( 'NONE',  #3432 ) ;
#1258 = CARTESIAN_POINT ( 'NONE',  ( -234.5654448419540756, -154.9858359136488559, 0.000000000000000000 ) ) ;
#1259 = CARTESIAN_POINT ( 'NONE',  ( -86.51569888017382937, -147.4858359134302930, 0.000000000000000000 ) ) ;
#1260 = ORIENTED_EDGE ( 'NONE', *, *, #2133, .T. ) ;
#1261 = VERTEX_POINT ( 'NONE', #2273 ) ;
#1262 = DIRECTION ( 'NONE',  ( -1.000000000000000000, 0.000000000000000000, 0.000000000000000000 ) ) ;
#1263 = CARTESIAN_POINT ( 'NONE',  ( -129.3342196569888927, 78.27999264898247134, 8.000000000000000000 ) ) ;
#1264 = DIRECTION ( 'NONE',  ( 0.000000000000000000, 0.000000000000000000, -1.000000000000000000 ) ) ;
#1265 = EDGE_CURVE ( 'NONE', #3125, #473, #3419, .T. ) ;
#1266 = EDGE_CURVE ( 'NONE', #1954, #1292, #387, .T. ) ;
#1267 = EDGE_LOOP ( 'NONE', ( #1711, #2263, #725, #793, #380, #263 ) ) ;
#1268 = CARTESIAN_POINT ( 'NONE',  ( -11.23829957479208375, -50.70739184397518784, 8.000000000000000000 ) ) ;
#1269 = FACE_OUTER_BOUND ( 'NONE', #2279, .T. ) ;
#1270 = ORIENTED_EDGE ( 'NONE', *, *, #3075, .T. ) ;
#1271 = EDGE_CURVE ( 'NONE', #250, #3089, #3357, .T. ) ;
#1272 = EDGE_LOOP ( 'NONE', ( #2125, #99, #1594, #3343 ) ) ;
#1273 = LINE ( 'NONE', #1777, #514 ) ;
#1274 = DIRECTION ( 'NONE',  ( -1.000000000000000000, 0.000000000000000000, 0.000000000000000000 ) ) ;
#1275 = CIRCLE ( 'NONE', #3288, 5.000000000000004441 ) ;
#1276 = ADVANCED_FACE ( 'NONE', ( #652 ), #902, .F. ) ;
#1277 = EDGE_LOOP ( 'NONE', ( #2861, #1205, #312, #562 ) ) ;
#1278 = AXIS2_PLACEMENT_3D ( 'NONE', #73, #571, #1643 ) ;
#1279 = CIRCLE ( 'NONE', #2198, 3.000000000000002665 ) ;
#1280 = LINE ( 'NONE', #233, #3119 ) ;
#1281 = DIRECTION ( 'NONE',  ( 1.000000000000000000, 0.000000000000000000, 0.000000000000000000 ) ) ;
#1282 = AXIS2_PLACEMENT_3D ( 'NONE', #905, #3101, #3084 ) ;
#1283 = LINE ( 'NONE', #2355, #2595 ) ;
#1284 = AXIS2_PLACEMENT_3D ( 'NONE', #2557, #2388, #2714 ) ;
#1285 = ORIENTED_EDGE ( 'NONE', *, *, #2804, .F. ) ;
#1286 = CARTESIAN_POINT ( 'NONE',  ( 161.7958579727627466, -151.3380277303767230, 8.000000000000000000 ) ) ;
#1287 = CARTESIAN_POINT ( 'NONE',  ( 136.1974766286153340, -39.70471428493158328, 8.000000000000000000 ) ) ;
#1288 = VERTEX_POINT ( 'NONE', #3113 ) ;
#1289 = ORIENTED_EDGE ( 'NONE', *, *, #1164, .F. ) ;
#1290 = ORIENTED_EDGE ( 'NONE', *, *, #3486, .T. ) ;
#1291 = CARTESIAN_POINT ( 'NONE',  ( -88.25538133210238811, 83.43062774359324862, -59.00000000000000711 ) ) ;
#1292 = VERTEX_POINT ( 'NONE', #1467 ) ;
#1293 = DIRECTION ( 'NONE',  ( 1.000000000000000000, 0.000000000000000000, 0.000000000000000000 ) ) ;
#1294 = VECTOR ( 'NONE', #1584, 1000.000000000000000 ) ;
#1295 = ORIENTED_EDGE ( 'NONE', *, *, #413, .F. ) ;
#1296 = EDGE_CURVE ( 'NONE', #436, #3316, #129, .T. ) ;
#1297 = CARTESIAN_POINT ( 'NONE',  ( -118.7707797079486767, -189.9858359134302646, 0.000000000000000000 ) ) ;
#1298 = FACE_OUTER_BOUND ( 'NONE', #673, .T. ) ;
#1299 = CARTESIAN_POINT ( 'NONE',  ( 63.87366602574992669, -14.43619972329837609, 8.000000000000000000 ) ) ;
#1300 = EDGE_LOOP ( 'NONE', ( #509, #2225, #170, #1882 ) ) ;
#1301 = CARTESIAN_POINT ( 'NONE',  ( -178.9490749327655408, -48.65545749838689460, 0.000000000000000000 ) ) ;
#1302 = LINE ( 'NONE', #558, #2539 ) ;
#1303 = ORIENTED_EDGE ( 'NONE', *, *, #1312, .T. ) ;
#1304 = VERTEX_POINT ( 'NONE', #1755 ) ;
#1305 = ORIENTED_EDGE ( 'NONE', *, *, #1589, .T. ) ;
#1306 = VECTOR ( 'NONE', #2865, 1000.000000000000000 ) ;
#1307 = CARTESIAN_POINT ( 'NONE',  ( -143.6263339740401648, 62.52532450431490219, 8.000000000000000000 ) ) ;
#1308 = CARTESIAN_POINT ( 'NONE',  ( 46.77430112021315978, -159.9858359136488843, 8.000000000000000000 ) ) ;
#1309 = ADVANCED_FACE ( 'NONE', ( #401 ), #1214, .F. ) ;
#1310 = EDGE_CURVE ( 'NONE', #2023, #350, #2035, .T. ) ;
#1311 = FACE_OUTER_BOUND ( 'NONE', #2496, .T. ) ;
#1312 = EDGE_CURVE ( 'NONE', #3407, #2554, #3191, .T. ) ;
#1313 = EDGE_LOOP ( 'NONE', ( #224, #2907, #3138, #86 ) ) ;
#1314 = FACE_OUTER_BOUND ( 'NONE', #774, .T. ) ;
#1315 = CARTESIAN_POINT ( 'NONE',  ( 87.59398357290992010, -30.52099488703112584, 8.000000000000000000 ) ) ;
#1316 = CARTESIAN_POINT ( 'NONE',  ( -13.36990787766326250, -28.28126546397511021, -23.00000000000000355 ) ) ;
#1317 = DIRECTION ( 'NONE',  ( -0.000000000000000000, -0.000000000000000000, -1.000000000000000000 ) ) ;
#1318 = CARTESIAN_POINT ( 'NONE',  ( -2.172450985721706473, -134.9858359136489412, 8.000000000000000000 ) ) ;
#1319 = VERTEX_POINT ( 'NONE', #1987 ) ;
#1320 = VECTOR ( 'NONE', #2985, 1000.000000000000000 ) ;
#1321 = FACE_OUTER_BOUND ( 'NONE', #762, .T. ) ;
#1322 = ORIENTED_EDGE ( 'NONE', *, *, #2790, .T. ) ;
#1323 = VERTEX_POINT ( 'NONE', #698 ) ;
#1324 = EDGE_CURVE ( 'NONE', #2818, #2041, #414, .T. ) ;
#1325 = LINE ( 'NONE', #244, #1253 ) ;
#1326 = VERTEX_POINT ( 'NONE', #195 ) ;
#1327 = DIRECTION ( 'NONE',  ( -0.000000000000000000, -0.000000000000000000, 1.000000000000000000 ) ) ;
#1328 = ORIENTED_EDGE ( 'NONE', *, *, #1691, .T. ) ;
#1329 = SHAPE_DEFINITION_REPRESENTATION ( #887, #1406 ) ;
#1330 = FACE_BOUND ( 'NONE', #1455, .T. ) ;
#1331 = ORIENTED_EDGE ( 'NONE', *, *, #1347, .F. ) ;
#1332 = CIRCLE ( 'NONE', #1794, 3.000000000000002665 ) ;
#1333 = DIRECTION ( 'NONE',  ( -0.000000000000000000, -0.000000000000000000, -1.000000000000000000 ) ) ;
#1334 = CIRCLE ( 'NONE', #1796, 4.999999999996007638 ) ;
#1335 = CARTESIAN_POINT ( 'NONE',  ( -100.9949367660714472, 26.36507046657180808, 0.000000000000000000 ) ) ;
#1336 = CIRCLE ( 'NONE', #1911, 3.000000000000002665 ) ;
#1337 = VECTOR ( 'NONE', #2071, 1000.000000000000000 ) ;
#1338 = DIRECTION ( 'NONE',  ( -0.000000000000000000, -0.000000000000000000, 1.000000000000000000 ) ) ;
#1339 = LINE ( 'NONE', #1075, #199 ) ;
#1340 = ORIENTED_EDGE ( 'NONE', *, *, #1811, .F. ) ;
#1341 = VECTOR ( 'NONE', #1712, 1000.000000000000000 ) ;
#1342 = CARTESIAN_POINT ( 'NONE',  ( -53.08148988191288709, -49.20329330367697906, -23.00000000000000355 ) ) ;
#1343 = ORIENTED_EDGE ( 'NONE', *, *, #976, .T. ) ;
#1344 = ORIENTED_EDGE ( 'NONE', *, *, #2226, .T. ) ;
#1345 = CARTESIAN_POINT ( 'NONE',  ( -86.51569888017381516, -186.4858359134302646, 8.000000000000000000 ) ) ;
#1346 = PLANE ( 'NONE',  #702 ) ;
#1347 = EDGE_CURVE ( 'NONE', #1122, #1030, #2097, .T. ) ;
#1348 = ORIENTED_EDGE ( 'NONE', *, *, #2486, .T. ) ;
#1349 = CARTESIAN_POINT ( 'NONE',  ( -234.5654448419555536, -159.9858359136488559, 8.000000000000000000 ) ) ;
#1350 = ORIENTED_EDGE ( 'NONE', *, *, #1324, .F. ) ;
#1351 = DIRECTION ( 'NONE',  ( -0.000000000000000000, -0.000000000000000000, -1.000000000000000000 ) ) ;
#1352 = DIRECTION ( 'NONE',  ( 1.000000000000000000, 0.000000000000000000, 0.000000000000000000 ) ) ;
#1353 = AXIS2_PLACEMENT_3D ( 'NONE', #2445, #1703, #3258 ) ;
#1354 = ADVANCED_FACE ( 'NONE', ( #1314 ), #2869, .F. ) ;
#1355 = CARTESIAN_POINT ( 'NONE',  ( -86.51569888017382937, -147.4858359134302930, 8.000000000000000000 ) ) ;
#1356 = DIRECTION ( 'NONE',  ( 1.000000000000000000, 0.000000000000000000, 0.000000000000000000 ) ) ;
#1357 = ORIENTED_EDGE ( 'NONE', *, *, #1429, .F. ) ;
#1358 = DIRECTION ( 'NONE',  ( -0.000000000000000000, -0.000000000000000000, -1.000000000000000000 ) ) ;
#1359 = ADVANCED_FACE ( 'NONE', ( #1856 ), #166, .F. ) ;
#1360 = EDGE_LOOP ( 'NONE', ( #957, #1727, #1151, #2001 ) ) ;
#1361 = FACE_OUTER_BOUND ( 'NONE', #2610, .T. ) ;
#1362 = ORIENTED_EDGE ( 'NONE', *, *, #3287, .F. ) ;
#1363 = CARTESIAN_POINT ( 'NONE',  ( -34.09409057691692624, -61.16840576382615069, 0.000000000000000000 ) ) ;
#1364 = ORIENTED_EDGE ( 'NONE', *, *, #2704, .F. ) ;
#1365 = PERSON_AND_ORGANIZATION_ROLE ( 'creator' ) ;
#1366 = DIRECTION ( 'NONE',  ( -1.000000000000000000, -1.110223024625156146E-15, 0.000000000000000000 ) ) ;
#1367 = ORIENTED_EDGE ( 'NONE', *, *, #1657, .F. ) ;
#1368 = ADVANCED_FACE ( 'NONE', ( #1552 ), #3472, .F. ) ;
#1369 = CARTESIAN_POINT ( 'NONE',  ( -30.22569887979242154, 186.4492173093101712, 0.000000000000000000 ) ) ;
#1370 = CC_DESIGN_APPROVAL ( #1810, ( #1501 ) ) ;
#1371 = DIRECTION ( 'NONE',  ( -0.000000000000000000, -0.000000000000000000, 1.000000000000000000 ) ) ;
#1372 = AXIS2_PLACEMENT_3D ( 'NONE', #1258, #2400, #759 ) ;
#1373 = CYLINDRICAL_SURFACE ( 'NONE', #3247, 4.999999999996007638 ) ;
#1374 = FACE_OUTER_BOUND ( 'NONE', #837, .T. ) ;
#1375 = ORIENTED_EDGE ( 'NONE', *, *, #2619, .T. ) ;
#1376 = LINE ( 'NONE', #2151, #1445 ) ;
#1377 = EDGE_CURVE ( 'NONE', #2329, #941, #666, .T. ) ;
#1378 = DIRECTION ( 'NONE',  ( -0.000000000000000000, -0.000000000000000000, -1.000000000000000000 ) ) ;
#1379 = ORIENTED_EDGE ( 'NONE', *, *, #747, .T. ) ;
#1380 = EDGE_CURVE ( 'NONE', #2666, #581, #3488, .T. ) ;
#1381 = DIRECTION ( 'NONE',  ( 0.7348034446276150433, -0.6782801027329282695, 0.000000000000000000 ) ) ;
#1382 = ORIENTED_EDGE ( 'NONE', *, *, #791, .T. ) ;
#1383 = COORDINATED_UNIVERSAL_TIME_OFFSET ( 1, 0, .AHEAD. ) ;
#1384 = CARTESIAN_POINT ( 'NONE',  ( -111.5156988801738152, -186.4858359134302646, 0.000000000000000000 ) ) ;
#1385 = FACE_OUTER_BOUND ( 'NONE', #3434, .T. ) ;
#1386 = EDGE_LOOP ( 'NONE', ( #772, #1522, #1447, #2703 ) ) ;
#1387 = CARTESIAN_POINT ( 'NONE',  ( 0.4975139712179096896, -130.7583913984942114, 8.000000000000000000 ) ) ;
#1388 = LINE ( 'NONE', #3313, #2625 ) ;
#1389 = EDGE_CURVE ( 'NONE', #3150, #322, #145, .T. ) ;
#1390 = EDGE_CURVE ( 'NONE', #711, #3304, #603, .T. ) ;
#1391 = FACE_OUTER_BOUND ( 'NONE', #3320, .T. ) ;
#1392 = CARTESIAN_POINT ( 'NONE',  ( -14.23829957479208552, -50.70739184397518784, -23.00000000000000355 ) ) ;
#1393 = EDGE_LOOP ( 'NONE', ( #220, #1331 ) ) ;
#1394 = LINE ( 'NONE', #1128, #2940 ) ;
#1395 = DIRECTION ( 'NONE',  ( -0.000000000000000000, -0.000000000000000000, -1.000000000000000000 ) ) ;
#1396 = CIRCLE ( 'NONE', #1225, 4.999999999996007638 ) ;
#1397 = EDGE_LOOP ( 'NONE', ( #824, #798, #257, #2839 ) ) ;
#1398 = EDGE_LOOP ( 'NONE', ( #2201, #117, #2797, #1731, #1079, #2453, #2876, #1362, #942, #2863, #1652, #3338, #3412, #3078, #794, #315, #2391, #3470, #1438, #1476, #1551, #1772, #2422, #3491, #2991, #2010, #2849, #3074, #1812, #1244, #3202, #2054, #3428, #3368, #3096, #3192, #3083, #337, #1289, #3427, #2351, #3260, #1846, #2646, #1864 ) ) ;
#1399 = VECTOR ( 'NONE', #1735, 1000.000000000000000 ) ;
#1400 = DIRECTION ( 'NONE',  ( -0.5000000000000037748, -0.8660254037844364872, 0.000000000000000000 ) ) ;
#1401 = DIRECTION ( 'NONE',  ( -1.387778780787521137E-16, -1.000000000000000000, 0.000000000000000000 ) ) ;
#1402 = ORIENTED_EDGE ( 'NONE', *, *, #1589, .F. ) ;
#1403 = AXIS2_PLACEMENT_3D ( 'NONE', #3168, #2678, #2377 ) ;
#1404 = AXIS2_PLACEMENT_3D ( 'NONE', #2087, #1805, #2856 ) ;
#1405 = DIRECTION ( 'NONE',  ( 0.4999999999999922839, -0.8660254037844431485, 0.000000000000000000 ) ) ;
#1406 = ADVANCED_BREP_SHAPE_REPRESENTATION ( 'FIXED-BASE_D\X2\00e9\X0\faut_sldprt', ( #2518, #928 ), #2289 ) ;
#1407 = CARTESIAN_POINT ( 'NONE',  ( 94.89783115020307491, -55.17162998164216958, 8.000000000000000000 ) ) ;
#1408 = ORIENTED_EDGE ( 'NONE', *, *, #161, .T. ) ;
#1409 = FACE_OUTER_BOUND ( 'NONE', #2530, .T. ) ;
#1410 = DIRECTION ( 'NONE',  ( -0.000000000000000000, -0.000000000000000000, -1.000000000000000000 ) ) ;
#1411 = LINE ( 'NONE', #1893, #1129 ) ;
#1412 = FACE_BOUND ( 'NONE', #970, .T. ) ;
#1413 = EDGE_LOOP ( 'NONE', ( #2757, #1973, #609, #2404 ) ) ;
#1414 = FACE_OUTER_BOUND ( 'NONE', #2112, .T. ) ;
#1415 = VECTOR ( 'NONE', #500, 1000.000000000000227 ) ;
#1416 = CYLINDRICAL_SURFACE ( 'NONE', #430, 3.000000000000002665 ) ;
#1417 = VERTEX_POINT ( 'NONE', #733 ) ;
#1418 = EDGE_LOOP ( 'NONE', ( #1034, #2574 ) ) ;
#1419 = DIRECTION ( 'NONE',  ( -1.000000000000000000, 3.496332578644470119E-16, 0.000000000000000000 ) ) ;
#1420 = CARTESIAN_POINT ( 'NONE',  ( -60.72569888017383732, -184.9858359134302361, 8.000000000000000000 ) ) ;
#1421 = ORIENTED_EDGE ( 'NONE', *, *, #976, .F. ) ;
#1422 = CARTESIAN_POINT ( 'NONE',  ( -155.1806180518514964, -159.9858359136488843, 0.000000000000000000 ) ) ;
#1423 = PRODUCT ( 'FIXED-BASE_D\X2\00e9\X0\faut_sldprt', 'FIXED-BASE_D\X2\00e9\X0\faut_sldprt', '', ( #2535 ) ) ;
#1424 = DIRECTION ( 'NONE',  ( -0.000000000000000000, -0.000000000000000000, -1.000000000000000000 ) ) ;
#1425 = EDGE_CURVE ( 'NONE', #963, #3519, #1280, .T. ) ;
#1426 = EDGE_CURVE ( 'NONE', #2975, #621, #1820, .T. ) ;
#1427 = ORIENTED_EDGE ( 'NONE', *, *, #1580, .F. ) ;
#1428 = CARTESIAN_POINT ( 'NONE',  ( -127.7715607132973759, -20.01340266518897693, 8.000000000000000000 ) ) ;
#1429 = EDGE_CURVE ( 'NONE', #1474, #864, #2545, .T. ) ;
#1430 = PLANE ( 'NONE',  #2342 ) ;
#1431 = CC_DESIGN_APPROVAL ( #1546, ( #574 ) ) ;
#1432 = CARTESIAN_POINT ( 'NONE',  ( 116.1728218977965241, -14.02099488703140118, -59.00000000000000711 ) ) ;
#1433 = FACE_BOUND ( 'NONE', #3210, .T. ) ;
#1434 = ORIENTED_EDGE ( 'NONE', *, *, #1783, .T. ) ;
#1435 = FACE_OUTER_BOUND ( 'NONE', #1313, .T. ) ;
#1436 = CARTESIAN_POINT ( 'NONE',  ( -88.25538133210238811, 83.43062774359324862, 8.000000000000000000 ) ) ;
#1437 = ORIENTED_EDGE ( 'NONE', *, *, #134, .F. ) ;
#1438 = ORIENTED_EDGE ( 'NONE', *, *, #251, .F. ) ;
#1439 = DIRECTION ( 'NONE',  ( -0.8660254037844364872, 0.5000000000000037748, 0.000000000000000000 ) ) ;
#1440 = DIRECTION ( 'NONE',  ( -0.4999999999999722999, 0.8660254037844544728, 0.000000000000000000 ) ) ;
#1441 = ORIENTED_EDGE ( 'NONE', *, *, #2283, .T. ) ;
#1442 = CC_DESIGN_DATE_AND_TIME_ASSIGNMENT ( #975, #2062, ( #1501 ) ) ;
#1443 = EDGE_CURVE ( 'NONE', #1942, #3125, #763, .T. ) ;
#1444 = DIRECTION ( 'NONE',  ( 0.000000000000000000, 0.000000000000000000, 1.000000000000000000 ) ) ;
#1445 = VECTOR ( 'NONE', #1880, 1000.000000000000000 ) ;
#1446 = CARTESIAN_POINT ( 'NONE',  ( -151.7892175381857953, -161.3118186905110747, 8.000000000000000000 ) ) ;
#1447 = ORIENTED_EDGE ( 'NONE', *, *, #3266, .T. ) ;
#1448 = LINE ( 'NONE', #1387, #1689 ) ;
#1449 = LINE ( 'NONE', #710, #294 ) ;
#1450 = DIRECTION ( 'NONE',  ( -0.000000000000000000, -0.000000000000000000, -1.000000000000000000 ) ) ;
#1451 = FACE_BOUND ( 'NONE', #1558, .T. ) ;
#1452 = VERTEX_POINT ( 'NONE', #2068 ) ;
#1453 = CARTESIAN_POINT ( 'NONE',  ( 168.1140470823707460, -159.9858359136488559, 8.000000000000000000 ) ) ;
#1454 = CARTESIAN_POINT ( 'NONE',  ( -117.1037935601524396, -141.4858359134302930, 0.000000000000000000 ) ) ;
#1455 = EDGE_LOOP ( 'NONE', ( #3152, #1504 ) ) ;
#1456 = ORIENTED_EDGE ( 'NONE', *, *, #3291, .T. ) ;
#1457 = CARTESIAN_POINT ( 'NONE',  ( -167.8652768703705078, -55.57845520262037553, 0.000000000000000000 ) ) ;
#1458 = CIRCLE ( 'NONE', #1909, 3.000000000000002665 ) ;
#1459 = ORIENTED_EDGE ( 'NONE', *, *, #1691, .F. ) ;
#1460 = CIRCLE ( 'NONE', #3514, 3.000000000000002665 ) ;
#1461 = AXIS2_PLACEMENT_3D ( 'NONE', #1771, #924, #719 ) ;
#1462 = CARTESIAN_POINT ( 'NONE',  ( -60.72569888017383022, -134.9858359136491401, 0.000000000000000000 ) ) ;
#1463 = EDGE_CURVE ( 'NONE', #707, #2899, #3238, .T. ) ;
#1464 = PLANE ( 'NONE',  #749 ) ;
#1465 = AXIS2_PLACEMENT_3D ( 'NONE', #641, #582, #1419 ) ;
#1466 = ORIENTED_EDGE ( 'NONE', *, *, #1472, .T. ) ;
#1467 = CARTESIAN_POINT ( 'NONE',  ( -36.22569887979242509, 186.4492173093101712, 0.000000000000000000 ) ) ;
#1468 = DIRECTION ( 'NONE',  ( -0.000000000000000000, -0.000000000000000000, 1.000000000000000000 ) ) ;
#1469 = DIRECTION ( 'NONE',  ( -0.000000000000000000, -0.000000000000000000, 1.000000000000000000 ) ) ;
#1470 = DIRECTION ( 'NONE',  ( 1.000000000000000000, 0.000000000000000000, 0.000000000000000000 ) ) ;
#1471 = CIRCLE ( 'NONE', #3471, 3.000000000000002665 ) ;
#1472 = EDGE_CURVE ( 'NONE', #3243, #41, #1054, .T. ) ;
#1473 = ORIENTED_EDGE ( 'NONE', *, *, #2121, .F. ) ;
#1474 = VERTEX_POINT ( 'NONE', #2925 ) ;
#1475 = CARTESIAN_POINT ( 'NONE',  ( -13.36990787766326250, -28.28126546397511021, 0.000000000000000000 ) ) ;
#1476 = ORIENTED_EDGE ( 'NONE', *, *, #1256, .F. ) ;
#1477 = ADVANCED_FACE ( 'NONE', ( #481 ), #1568, .F. ) ;
#1478 = EDGE_LOOP ( 'NONE', ( #1155, #162, #1041, #2747 ) ) ;
#1479 = VECTOR ( 'NONE', #2538, 1000.000000000000114 ) ;
#1480 = LINE ( 'NONE', #2566, #3092 ) ;
#1481 = FACE_OUTER_BOUND ( 'NONE', #2688, .T. ) ;
#1482 = EDGE_CURVE ( 'NONE', #1541, #1261, #2337, .T. ) ;
#1483 = VECTOR ( 'NONE', #708, 1000.000000000000000 ) ;
#1484 = DIRECTION ( 'NONE',  ( -0.000000000000000000, -0.000000000000000000, -1.000000000000000000 ) ) ;
#1485 = LINE ( 'NONE', #148, #1230 ) ;
#1486 = PLANE ( 'NONE',  #1915 ) ;
#1487 = CARTESIAN_POINT ( 'NONE',  ( -143.6263339740401648, 62.52532450431490219, 8.000000000000000000 ) ) ;
#1488 = ORIENTED_EDGE ( 'NONE', *, *, #2100, .F. ) ;
#1489 = VECTOR ( 'NONE', #1371, 1000.000000000000000 ) ;
#1490 = CARTESIAN_POINT ( 'NONE',  ( 31.05092506722501611, 92.41445526059028737, 8.000000000000000000 ) ) ;
#1491 = EDGE_LOOP ( 'NONE', ( #2726, #3458, #3342, #724 ) ) ;
#1492 = VERTEX_POINT ( 'NONE', #1297 ) ;
#1493 = EDGE_CURVE ( 'NONE', #1559, #2565, #32, .T. ) ;
#1494 = FACE_OUTER_BOUND ( 'NONE', #2129, .T. ) ;
#1495 = CARTESIAN_POINT ( 'NONE',  ( 45.67464607720025782, -146.9254863691283219, 0.000000000000000000 ) ) ;
#1496 = AXIS2_PLACEMENT_3D ( 'NONE', #306, #2494, #1982 ) ;
#1497 = CARTESIAN_POINT ( 'NONE',  ( 31.71685486998249104, 89.71592003823424477, 0.000000000000000000 ) ) ;
#1498 = DIRECTION ( 'NONE',  ( 0.000000000000000000, 0.000000000000000000, 1.000000000000000000 ) ) ;
#1499 = EDGE_CURVE ( 'NONE', #768, #933, #1336, .T. ) ;
#1500 = LINE ( 'NONE', #2586, #1606 ) ;
#1501 = PRODUCT_DEFINITION ( 'UNKNOWN', '', #574, #3180 ) ;
#1502 = EDGE_CURVE ( 'NONE', #3380, #1630, #50, .T. ) ;
#1503 = CARTESIAN_POINT ( 'NONE',  ( -41.22569887978898606, -38.74227938382608727, -2.000000000000000000 ) ) ;
#1504 = ORIENTED_EDGE ( 'NONE', *, *, #1265, .F. ) ;
#1505 = CARTESIAN_POINT ( 'NONE',  ( -33.22569887979242509, 193.7448336758284029, 8.000000000000000000 ) ) ;
#1506 = VERTEX_POINT ( 'NONE', #1462 ) ;
#1507 = ORIENTED_EDGE ( 'NONE', *, *, #3401, .F. ) ;
#1508 = AXIS2_PLACEMENT_3D ( 'NONE', #1832, #2901, #3178 ) ;
#1509 = LINE ( 'NONE', #2598, #2227 ) ;
#1510 = AXIS2_PLACEMENT_3D ( 'NONE', #3044, #3279, #1111 ) ;
#1511 = CARTESIAN_POINT ( 'NONE',  ( 121.3689743205031846, -11.02099488703144026, -59.00000000000000711 ) ) ;
#1512 = VECTOR ( 'NONE', #3309, 1000.000000000000000 ) ;
#1513 = ADVANCED_FACE ( 'NONE', ( #851 ), #2493, .T. ) ;
#1514 = CIRCLE ( 'NONE', #2997, 5.000000000000142997 ) ;
#1515 = CIRCLE ( 'NONE', #829, 5.000000000000004441 ) ;
#1516 = EDGE_LOOP ( 'NONE', ( #1147, #2898, #649, #3145 ) ) ;
#1517 = CIRCLE ( 'NONE', #1752, 3.000000000000000888 ) ;
#1518 = CARTESIAN_POINT ( 'NONE',  ( -32.35730718265930506, -16.31615300382608069, -23.00000000000000355 ) ) ;
#1519 = CARTESIAN_POINT ( 'NONE',  ( -147.9564609929623771, 65.02532450431492350, 0.000000000000000000 ) ) ;
#1520 = CARTESIAN_POINT ( 'NONE',  ( -53.08148988191288709, -49.20329330367697906, 0.000000000000000000 ) ) ;
#1521 = CARTESIAN_POINT ( 'NONE',  ( -35.35730718265931216, -16.31615300382608069, 8.000000000000000000 ) ) ;
#1522 = ORIENTED_EDGE ( 'NONE', *, *, #2579, .T. ) ;
#1523 = LINE ( 'NONE', #2327, #321 ) ;
#1524 = ORIENTED_EDGE ( 'NONE', *, *, #365, .F. ) ;
#1525 = ORIENTED_EDGE ( 'NONE', *, *, #2982, .T. ) ;
#1526 = DIRECTION ( 'NONE',  ( 0.8454889030309733489, -0.5339929913879781775, 0.000000000000000000 ) ) ;
#1527 = DIRECTION ( 'NONE',  ( -0.000000000000000000, -0.000000000000000000, 1.000000000000000000 ) ) ;
#1528 = VECTOR ( 'NONE', #2463, 1000.000000000000000 ) ;
#1529 = LINE ( 'NONE', #3371, #3095 ) ;
#1530 = EDGE_CURVE ( 'NONE', #2847, #1492, #1227, .T. ) ;
#1531 = ORIENTED_EDGE ( 'NONE', *, *, #677, .F. ) ;
#1532 = EDGE_CURVE ( 'NONE', #3160, #1122, #361, .T. ) ;
#1533 = ORIENTED_EDGE ( 'NONE', *, *, #3033, .F. ) ;
#1534 = EDGE_CURVE ( 'NONE', #550, #3508, #305, .T. ) ;
#1535 = DIRECTION ( 'NONE',  ( -0.000000000000000000, -0.000000000000000000, 1.000000000000000000 ) ) ;
#1536 = CARTESIAN_POINT ( 'NONE',  ( -121.4339205790749077, 110.9637120469668474, 8.000000000000000000 ) ) ;
#1537 = LINE ( 'NONE', #2572, #1972 ) ;
#1538 = VERTEX_POINT ( 'NONE', #1384 ) ;
#1539 = CARTESIAN_POINT ( 'NONE',  ( 94.89783115020310333, -55.17162998164218379, 0.000000000000000000 ) ) ;
#1540 = DIRECTION ( 'NONE',  ( 1.000000000000000000, 0.000000000000000000, 0.000000000000000000 ) ) ;
#1541 = VERTEX_POINT ( 'NONE', #2473 ) ;
#1542 = ORIENTED_EDGE ( 'NONE', *, *, #2113, .F. ) ;
#1543 = CARTESIAN_POINT ( 'NONE',  ( -105.3250637849936311, 28.86507046657179032, 8.000000000000000000 ) ) ;
#1544 = AXIS2_PLACEMENT_3D ( 'NONE', #1105, #901, #1352 ) ;
#1545 = CARTESIAN_POINT ( 'NONE',  ( -116.8342196569887790, 99.93062774359337652, 0.000000000000000000 ) ) ;
#1546 = APPROVAL ( #444, 'UNSPECIFIED' ) ;
#1547 = EDGE_CURVE ( 'NONE', #1113, #550, #1732, .T. ) ;
#1548 = DIRECTION ( 'NONE',  ( 1.000000000000000000, 0.000000000000000000, 0.000000000000000000 ) ) ;
#1549 = AXIS2_PLACEMENT_3D ( 'NONE', #2838, #932, #2614 ) ;
#1550 = EDGE_LOOP ( 'NONE', ( #1961, #2700, #2889, #3359 ) ) ;
#1551 = ORIENTED_EDGE ( 'NONE', *, *, #3235, .F. ) ;
#1552 = FACE_OUTER_BOUND ( 'NONE', #487, .T. ) ;
#1553 = CARTESIAN_POINT ( 'NONE',  ( -28.89557186087014884, 196.2448336758282608, 8.000000000000000000 ) ) ;
#1554 = LINE ( 'NONE', #1299, #2139 ) ;
#1555 = VERTEX_POINT ( 'NONE', #1422 ) ;
#1556 = DIRECTION ( 'NONE',  ( 0.5000000000000037748, 0.8660254037844364872, 0.000000000000000000 ) ) ;
#1557 = CARTESIAN_POINT ( 'NONE',  ( -105.3250637849936311, 28.86507046657179032, 8.000000000000000000 ) ) ;
#1558 = EDGE_LOOP ( 'NONE', ( #207, #3103 ) ) ;
#1559 = VERTEX_POINT ( 'NONE', #2513 ) ;
#1560 = VERTEX_POINT ( 'NONE', #915 ) ;
#1561 = DIRECTION ( 'NONE',  ( -0.8660254037844431485, -0.4999999999999922284, 0.000000000000000000 ) ) ;
#1562 = DIRECTION ( 'NONE',  ( -0.000000000000000000, -0.000000000000000000, -1.000000000000000000 ) ) ;
#1563 =( NAMED_UNIT ( * ) PLANE_ANGLE_UNIT ( ) SI_UNIT ( $, .RADIAN. ) );
#1564 = EDGE_CURVE ( 'NONE', #3495, #3268, #2286, .T. ) ;
#1565 = VECTOR ( 'NONE', #1378, 1000.000000000000000 ) ;
#1566 = ORIENTED_EDGE ( 'NONE', *, *, #1380, .F. ) ;
#1567 = VECTOR ( 'NONE', #465, 1000.000000000000000 ) ;
#1568 = PLANE ( 'NONE',  #830 ) ;
#1569 = FACE_OUTER_BOUND ( 'NONE', #675, .T. ) ;
#1570 = VECTOR ( 'NONE', #1469, 1000.000000000000000 ) ;
#1571 = DIRECTION ( 'NONE',  ( -0.000000000000000000, -0.000000000000000000, -1.000000000000000000 ) ) ;
#1572 = VECTOR ( 'NONE', #131, 1000.000000000000000 ) ;
#1573 = ORIENTED_EDGE ( 'NONE', *, *, #3385, .F. ) ;
#1574 = DIRECTION ( 'NONE',  ( -0.8660254037844362651, 0.5000000000000043299, 0.000000000000000000 ) ) ;
#1575 = DIRECTION ( 'NONE',  ( -0.000000000000000000, -0.000000000000000000, -1.000000000000000000 ) ) ;
#1576 = ORIENTED_EDGE ( 'NONE', *, *, #697, .F. ) ;
#1577 = EDGE_CURVE ( 'NONE', #1326, #2666, #1460, .T. ) ;
#1578 = ORIENTED_EDGE ( 'NONE', *, *, #961, .F. ) ;
#1579 = ORIENTED_EDGE ( 'NONE', *, *, #2819, .F. ) ;
#1580 = EDGE_CURVE ( 'NONE', #2602, #103, #2268, .T. ) ;
#1581 = CARTESIAN_POINT ( 'NONE',  ( -164.8652768703705078, -55.57845520262037553, 0.000000000000000000 ) ) ;
#1582 = LINE ( 'NONE', #2936, #2418 ) ;
#1583 = PERSON_AND_ORGANIZATION ( #3418, #693 ) ;
#1584 = DIRECTION ( 'NONE',  ( 1.000000000000000000, -3.496332578644470119E-16, 0.000000000000000000 ) ) ;
#1585 = ORIENTED_EDGE ( 'NONE', *, *, #839, .T. ) ;
#1586 = CARTESIAN_POINT ( 'NONE',  ( 61.37366602574936536, -10.10607270438018013, 0.000000000000000000 ) ) ;
#1587 = CARTESIAN_POINT ( 'NONE',  ( 132.0818877250694641, -81.23655923823309877, 8.000000000000000000 ) ) ;
#1588 = CYLINDRICAL_SURFACE ( 'NONE', #3263, 3.000000000000002665 ) ;
#1589 = EDGE_CURVE ( 'NONE', #2398, #1417, #87, .T. ) ;
#1590 = CARTESIAN_POINT ( 'NONE',  ( -146.1263339740401648, 58.19519748539269699, 8.000000000000000000 ) ) ;
#1591 = FACE_OUTER_BOUND ( 'NONE', #1478, .T. ) ;
#1592 = ORIENTED_EDGE ( 'NONE', *, *, #1580, .T. ) ;
#1593 = DIRECTION ( 'NONE',  ( -0.000000000000000000, -0.000000000000000000, -1.000000000000000000 ) ) ;
#1594 = ORIENTED_EDGE ( 'NONE', *, *, #717, .F. ) ;
#1595 = ORIENTED_EDGE ( 'NONE', *, *, #3190, .T. ) ;
#1596 = AXIS2_PLACEMENT_3D ( 'NONE', #1307, #3229, #526 ) ;
#1597 = DIRECTION ( 'NONE',  ( -1.000000000000000000, 0.000000000000000000, 0.000000000000000000 ) ) ;
#1598 = ORIENTED_EDGE ( 'NONE', *, *, #2952, .T. ) ;
#1599 = PLANE ( 'NONE',  #1678 ) ;
#1600 = ORIENTED_EDGE ( 'NONE', *, *, #614, .T. ) ;
#1601 = DATE_AND_TIME ( #3269, #3200 ) ;
#1602 = DIRECTION ( 'NONE',  ( -0.000000000000000000, -0.000000000000000000, -1.000000000000000000 ) ) ;
#1603 = ORIENTED_EDGE ( 'NONE', *, *, #1380, .T. ) ;
#1604 = CARTESIAN_POINT ( 'NONE',  ( 46.77430112021315978, -159.9858359136488843, 8.000000000000000000 ) ) ;
#1605 = CARTESIAN_POINT ( 'NONE',  ( -102.8250637849936453, 33.19519748549397065, 0.000000000000000000 ) ) ;
#1606 = VECTOR ( 'NONE', #2872, 1000.000000000000000 ) ;
#1607 = CARTESIAN_POINT ( 'NONE',  ( -60.72569888017383732, -184.9858359134302361, 0.000000000000000000 ) ) ;
#1608 = ADVANCED_FACE ( 'NONE', ( #70 ), #2802, .F. ) ;
#1609 = DIRECTION ( 'NONE',  ( -1.000000000000000000, 0.000000000000000000, 0.000000000000000000 ) ) ;
#1610 = CC_DESIGN_PERSON_AND_ORGANIZATION_ASSIGNMENT ( #2959, #513, ( #574 ) ) ;
#1611 = EDGE_CURVE ( 'NONE', #3311, #1452, #3327, .T. ) ;
#1612 = EDGE_LOOP ( 'NONE', ( #2492, #598, #3346, #2607 ) ) ;
#1613 = VECTOR ( 'NONE', #2701, 1000.000000000000000 ) ;
#1614 = DIRECTION ( 'NONE',  ( -0.000000000000000000, -0.000000000000000000, -1.000000000000000000 ) ) ;
#1615 = EDGE_LOOP ( 'NONE', ( #1576, #1573, #110, #2773 ) ) ;
#1616 = EDGE_LOOP ( 'NONE', ( #1566, #1208, #1375, #64 ) ) ;
#1617 = CYLINDRICAL_SURFACE ( 'NONE', #230, 3.000000000000000888 ) ;
#1618 = FACE_OUTER_BOUND ( 'NONE', #3533, .T. ) ;
#1619 = EDGE_LOOP ( 'NONE', ( #307, #3534 ) ) ;
#1620 = CARTESIAN_POINT ( 'NONE',  ( 61.37366602574936536, -10.10607270438018013, 8.000000000000000000 ) ) ;
#1621 = EDGE_CURVE ( 'NONE', #2150, #756, #1177, .T. ) ;
#1622 = ORIENTED_EDGE ( 'NONE', *, *, #3104, .T. ) ;
#1623 = DIRECTION ( 'NONE',  ( -0.000000000000000000, -0.000000000000000000, -1.000000000000000000 ) ) ;
#1624 = EDGE_CURVE ( 'NONE', #707, #1763, #1279, .T. ) ;
#1625 = VECTOR ( 'NONE', #2915, 1000.000000000000000 ) ;
#1626 = DIRECTION ( 'NONE',  ( -0.8660254037844387076, 0.4999999999999999445, 0.000000000000000000 ) ) ;
#1627 = VECTOR ( 'NONE', #984, 1000.000000000000000 ) ;
#1628 = DIRECTION ( 'NONE',  ( 0.8660254037844385966, 0.5000000000000001110, 0.000000000000000000 ) ) ;
#1629 = DIRECTION ( 'NONE',  ( 1.000000000000000000, 0.000000000000000000, 0.000000000000000000 ) ) ;
#1630 = VERTEX_POINT ( 'NONE', #1698 ) ;
#1631 = VECTOR ( 'NONE', #3379, 1000.000000000000000 ) ;
#1632 = CARTESIAN_POINT ( 'NONE',  ( 63.87366602574992669, -14.43619972329837609, 0.000000000000000000 ) ) ;
#1633 = ORIENTED_EDGE ( 'NONE', *, *, #1534, .F. ) ;
#1634 = VERTEX_POINT ( 'NONE', #1672 ) ;
#1635 = CARTESIAN_POINT ( 'NONE',  ( -81.57836631267944938, 129.9955570005870698, 8.000000000000000000 ) ) ;
#1636 = ORIENTED_EDGE ( 'NONE', *, *, #2424, .T. ) ;
#1637 = DIRECTION ( 'NONE',  ( -0.000000000000000000, -0.000000000000000000, -1.000000000000000000 ) ) ;
#1638 = ORIENTED_EDGE ( 'NONE', *, *, #3414, .T. ) ;
#1639 = DIRECTION ( 'NONE',  ( 0.2200060775348740560, 0.9754985012021900603, 0.000000000000000000 ) ) ;
#1640 = ORIENTED_EDGE ( 'NONE', *, *, #1312, .F. ) ;
#1641 = EDGE_CURVE ( 'NONE', #3513, #849, #2784, .T. ) ;
#1642 = ADVANCED_FACE ( 'NONE', ( #343 ), #645, .F. ) ;
#1643 = DIRECTION ( 'NONE',  ( -1.000000000000000000, 0.000000000000000000, 0.000000000000000000 ) ) ;
#1644 = FACE_OUTER_BOUND ( 'NONE', #1743, .T. ) ;
#1645 = AXIS2_PLACEMENT_3D ( 'NONE', #3314, #1947, #3040 ) ;
#1646 = EDGE_CURVE ( 'NONE', #2101, #3284, #661, .T. ) ;
#1647 = CARTESIAN_POINT ( 'NONE',  ( -116.8342196569887790, 99.93062774359337652, -59.00000000000000711 ) ) ;
#1648 = CARTESIAN_POINT ( 'NONE',  ( 19.51353415389858625, 86.27710342024667511, 8.000000000000000000 ) ) ;
#1649 = ORIENTED_EDGE ( 'NONE', *, *, #2113, .T. ) ;
#1650 = DIRECTION ( 'NONE',  ( -1.000000000000000000, 0.000000000000000000, 0.000000000000000000 ) ) ;
#1651 = CARTESIAN_POINT ( 'NONE',  ( -23.76260418154231502, 162.3542728611863026, 0.000000000000000000 ) ) ;
#1652 = ORIENTED_EDGE ( 'NONE', *, *, #2592, .F. ) ;
#1653 = LINE ( 'NONE', #2742, #417 ) ;
#1654 = ORIENTED_EDGE ( 'NONE', *, *, #391, .T. ) ;
#1655 = VECTOR ( 'NONE', #3100, 999.9999999999998863 ) ;
#1656 = CARTESIAN_POINT ( 'NONE',  ( -167.8652768703705078, -55.57845520262037553, 8.000000000000000000 ) ) ;
#1657 = EDGE_CURVE ( 'NONE', #1127, #2345, #3292, .T. ) ;
#1658 = DIRECTION ( 'NONE',  ( -0.000000000000000000, -0.000000000000000000, -1.000000000000000000 ) ) ;
#1659 = VECTOR ( 'NONE', #178, 1000.000000000000227 ) ;
#1660 = ORIENTED_EDGE ( 'NONE', *, *, #3072, .F. ) ;
#1661 = DIRECTION ( 'NONE',  ( -0.4999999999999997224, -0.8660254037844388186, 0.000000000000000000 ) ) ;
#1662 = CARTESIAN_POINT ( 'NONE',  ( -234.5654448419540756, -154.9858359136488559, 8.000000000000000000 ) ) ;
#1663 = PLANE ( 'NONE',  #342 ) ;
#1664 = FACE_OUTER_BOUND ( 'NONE', #1879, .T. ) ;
#1665 = VERTEX_POINT ( 'NONE', #1795 ) ;
#1666 = CARTESIAN_POINT ( 'NONE',  ( -30.22569887979242154, 186.4492173093101712, 8.000000000000000000 ) ) ;
#1667 = CARTESIAN_POINT ( 'NONE',  ( -118.7707797079486767, -184.9858359134302361, 8.000000000000000000 ) ) ;
#1668 = ORIENTED_EDGE ( 'NONE', *, *, #3045, .F. ) ;
#1669 = DIRECTION ( 'NONE',  ( 0.000000000000000000, 0.000000000000000000, 1.000000000000000000 ) ) ;
#1670 = CARTESIAN_POINT ( 'NONE',  ( 132.2043952190441019, -80.13652885062265341, 0.000000000000000000 ) ) ;
#1671 = ORIENTED_EDGE ( 'NONE', *, *, #1023, .F. ) ;
#1672 = CARTESIAN_POINT ( 'NONE',  ( -155.1806180518514964, -159.9858359136488843, 8.000000000000000000 ) ) ;
#1673 = LINE ( 'NONE', #51, #2119 ) ;
#1674 = ADVANCED_FACE ( 'NONE', ( #3449 ), #3126, .F. ) ;
#1675 = ORIENTED_EDGE ( 'NONE', *, *, #69, .F. ) ;
#1676 = CARTESIAN_POINT ( 'NONE',  ( -178.9490749327655692, -48.65545749838689460, 8.000000000000000000 ) ) ;
#1677 = LINE ( 'NONE', #840, #2176 ) ;
#1678 = AXIS2_PLACEMENT_3D ( 'NONE', #2632, #3195, #3211 ) ;
#1679 = FACE_OUTER_BOUND ( 'NONE', #447, .T. ) ;
#1680 = AXIS2_PLACEMENT_3D ( 'NONE', #3204, #2394, #1894 ) ;
#1681 = FACE_BOUND ( 'NONE', #2882, .T. ) ;
#1682 = EDGE_LOOP ( 'NONE', ( #2359, #2013, #682, #2989 ) ) ;
#1683 = DIRECTION ( 'NONE',  ( 1.000000000000000000, 0.000000000000000000, 0.000000000000000000 ) ) ;
#1684 = DIRECTION ( 'NONE',  ( -0.000000000000000000, -0.000000000000000000, -1.000000000000000000 ) ) ;
#1685 = AXIS2_PLACEMENT_3D ( 'NONE', #2405, #182, #2674 ) ;
#1686 = AXIS2_PLACEMENT_3D ( 'NONE', #2374, #3474, #1019 ) ;
#1687 = ORIENTED_EDGE ( 'NONE', *, *, #413, .T. ) ;
#1688 = ORIENTED_EDGE ( 'NONE', *, *, #1256, .T. ) ;
#1689 = VECTOR ( 'NONE', #2476, 1000.000000000000000 ) ;
#1690 = PLANE ( 'NONE',  #1465 ) ;
#1691 = EDGE_CURVE ( 'NONE', #2221, #297, #93, .T. ) ;
#1692 = EDGE_CURVE ( 'NONE', #3525, #250, #1027, .T. ) ;
#1693 = LINE ( 'NONE', #1670, #2350 ) ;
#1694 = ORIENTED_EDGE ( 'NONE', *, *, #1482, .F. ) ;
#1695 = AXIS2_PLACEMENT_3D ( 'NONE', #1286, #1877, #1056 ) ;
#1696 = CIRCLE ( 'NONE', #154, 4.999999999999990230 ) ;
#1697 = EDGE_CURVE ( 'NONE', #2730, #3454, #1509, .T. ) ;
#1698 = CARTESIAN_POINT ( 'NONE',  ( -2.172450985722024441, -129.9858359136491401, 0.000000000000000000 ) ) ;
#1699 = DIRECTION ( 'NONE',  ( 0.8660254037844382635, -0.5000000000000005551, 0.000000000000000000 ) ) ;
#1700 = ORIENTED_EDGE ( 'NONE', *, *, #2226, .F. ) ;
#1701 = DIRECTION ( 'NONE',  ( -0.000000000000000000, -0.000000000000000000, 1.000000000000000000 ) ) ;
#1702 = DIRECTION ( 'NONE',  ( 1.000000000000000000, 0.000000000000000000, 0.000000000000000000 ) ) ;
#1703 = DIRECTION ( 'NONE',  ( -0.000000000000000000, -0.000000000000000000, -1.000000000000000000 ) ) ;
#1704 = CARTESIAN_POINT ( 'NONE',  ( -5.747205805700233761, -84.41155570125059171, 0.000000000000000000 ) ) ;
#1705 = ORIENTED_EDGE ( 'NONE', *, *, #2307, .T. ) ;
#1706 = DIRECTION ( 'NONE',  ( -0.03970704446971932977, -0.9992113643366351550, 0.000000000000000000 ) ) ;
#1707 = EDGE_CURVE ( 'NONE', #2756, #473, #1273, .T. ) ;
#1708 = AXIS2_PLACEMENT_3D ( 'NONE', #934, #2005, #669 ) ;
#1709 = DIRECTION ( 'NONE',  ( 0.000000000000000000, 0.000000000000000000, 1.000000000000000000 ) ) ;
#1710 = ORIENTED_EDGE ( 'NONE', *, *, #1482, .T. ) ;
#1711 = ORIENTED_EDGE ( 'NONE', *, *, #2996, .F. ) ;
#1712 = DIRECTION ( 'NONE',  ( -0.000000000000000000, -0.000000000000000000, -1.000000000000000000 ) ) ;
#1713 = CARTESIAN_POINT ( 'NONE',  ( 31.05092506722409595, 92.41445526058974735, 0.000000000000000000 ) ) ;
#1714 = ORIENTED_EDGE ( 'NONE', *, *, #3143, .T. ) ;
#1715 = CARTESIAN_POINT ( 'NONE',  ( 107.1749362148916589, 10.56380027665532673, 8.000000000000000000 ) ) ;
#1716 = DIRECTION ( 'NONE',  ( 0.8660254037844424824, 0.4999999999999932832, 0.000000000000000000 ) ) ;
#1717 = ORIENTED_EDGE ( 'NONE', *, *, #938, .F. ) ;
#1718 = AXIS2_PLACEMENT_3D ( 'NONE', #2920, #2973, #3265 ) ;
#1719 = DIRECTION ( 'NONE',  ( -0.000000000000000000, -0.000000000000000000, 1.000000000000000000 ) ) ;
#1720 = DIRECTION ( 'NONE',  ( -1.000000000000000000, 0.000000000000000000, 0.000000000000000000 ) ) ;
#1721 = CIRCLE ( 'NONE', #3029, 5.000000000000614619 ) ;
#1722 = DIRECTION ( 'NONE',  ( -0.8660254037844424824, -0.4999999999999932276, 0.000000000000000000 ) ) ;
#1723 = CYLINDRICAL_SURFACE ( 'NONE', #2002, 3.000000000000000888 ) ;
#1724 = ORIENTED_EDGE ( 'NONE', *, *, #1324, .T. ) ;
#1725 = CYLINDRICAL_SURFACE ( 'NONE', #1117, 4.999999999996125766 ) ;
#1726 = DIRECTION ( 'NONE',  ( 1.000000000000000000, 0.000000000000000000, 0.000000000000000000 ) ) ;
#1727 = ORIENTED_EDGE ( 'NONE', *, *, #3396, .F. ) ;
#1728 = EDGE_CURVE ( 'NONE', #408, #3301, #1211, .T. ) ;
#1729 = ORIENTED_EDGE ( 'NONE', *, *, #2536, .T. ) ;
#1730 = CARTESIAN_POINT ( 'NONE',  ( -151.7892175381857953, -161.3118186905110747, 0.000000000000000000 ) ) ;
#1731 = ORIENTED_EDGE ( 'NONE', *, *, #1271, .F. ) ;
#1732 = LINE ( 'NONE', #2820, #893 ) ;
#1733 = CARTESIAN_POINT ( 'NONE',  ( -25.22569887978897540, -38.74227938382606595, -2.000000000000000000 ) ) ;
#1734 = ORIENTED_EDGE ( 'NONE', *, *, #2854, .T. ) ;
#1735 = DIRECTION ( 'NONE',  ( -0.000000000000000000, -0.000000000000000000, -1.000000000000000000 ) ) ;
#1736 = EDGE_CURVE ( 'NONE', #2150, #206, #1814, .T. ) ;
#1737 = EDGE_CURVE ( 'NONE', #689, #242, #3108, .T. ) ;
#1738 = CARTESIAN_POINT ( 'NONE',  ( 3.546841534290607001, 38.80603539729069951, 0.000000000000000000 ) ) ;
#1739 = PLANE ( 'NONE',  #949 ) ;
#1740 = FACE_OUTER_BOUND ( 'NONE', #1058, .T. ) ;
#1741 = CARTESIAN_POINT ( 'NONE',  ( -55.72569888017383732, -134.9858359136491401, 0.000000000000000000 ) ) ;
#1742 = ORIENTED_EDGE ( 'NONE', *, *, #1775, .F. ) ;
#1743 = EDGE_LOOP ( 'NONE', ( #2449, #640, #1427, #3445 ) ) ;
#1744 = DIRECTION ( 'NONE',  ( 1.000000000000000000, 0.000000000000000000, 0.000000000000000000 ) ) ;
#1745 = CIRCLE ( 'NONE', #2195, 4.999999999999736211 ) ;
#1746 = ORIENTED_EDGE ( 'NONE', *, *, #176, .T. ) ;
#1747 = VECTOR ( 'NONE', #1936, 1000.000000000000114 ) ;
#1748 = VECTOR ( 'NONE', #1526, 1000.000000000000000 ) ;
#1749 = DIRECTION ( 'NONE',  ( -0.000000000000000000, -0.000000000000000000, -1.000000000000000000 ) ) ;
#1750 = VECTOR ( 'NONE', #485, 1000.000000000000000 ) ;
#1751 = DIRECTION ( 'NONE',  ( 0.8851959475003204902, 0.4652183729486723540, 0.000000000000000000 ) ) ;
#1752 = AXIS2_PLACEMENT_3D ( 'NONE', #415, #3390, #2621 ) ;
#1753 = EDGE_CURVE ( 'NONE', #2565, #917, #2837, .T. ) ;
#1754 = ORIENTED_EDGE ( 'NONE', *, *, #3220, .T. ) ;
#1755 = CARTESIAN_POINT ( 'NONE',  ( -146.1263339740401648, 58.19519748539269699, 0.000000000000000000 ) ) ;
#1756 = DIRECTION ( 'NONE',  ( 0.000000000000000000, 0.000000000000000000, 1.000000000000000000 ) ) ;
#1757 = LINE ( 'NONE', #1607, #1750 ) ;
#1758 = FACE_OUTER_BOUND ( 'NONE', #2417, .T. ) ;
#1759 = EDGE_CURVE ( 'NONE', #3316, #3282, #2331, .T. ) ;
#1760 = ORIENTED_EDGE ( 'NONE', *, *, #464, .T. ) ;
#1761 = CARTESIAN_POINT ( 'NONE',  ( 34.59704207852223590, 36.27240042738326053, 0.000000000000000000 ) ) ;
#1762 = ORIENTED_EDGE ( 'NONE', *, *, #1310, .T. ) ;
#1763 = VERTEX_POINT ( 'NONE', #678 ) ;
#1764 = DIRECTION ( 'NONE',  ( 0.2972183984693492764, -0.9548095221620462869, 0.000000000000000000 ) ) ;
#1765 = DIRECTION ( 'NONE',  ( 0.000000000000000000, 0.000000000000000000, 1.000000000000000000 ) ) ;
#1766 = ADVANCED_FACE ( 'NONE', ( #1494 ), #959, .F. ) ;
#1767 = EDGE_CURVE ( 'NONE', #569, #1192, #3399, .T. ) ;
#1768 = DIRECTION ( 'NONE',  ( -1.000000000000000000, 0.000000000000000000, 0.000000000000000000 ) ) ;
#1769 = CARTESIAN_POINT ( 'NONE',  ( -234.5654448419540756, -154.9858359136488559, 8.000000000000000000 ) ) ;
#1770 = FACE_BOUND ( 'NONE', #1955, .T. ) ;
#1771 = CARTESIAN_POINT ( 'NONE',  ( 19.51353415389858625, 86.27710342024667511, 0.000000000000000000 ) ) ;
#1772 = ORIENTED_EDGE ( 'NONE', *, *, #911, .F. ) ;
#1773 = FACE_OUTER_BOUND ( 'NONE', #2432, .T. ) ;
#1774 = ORIENTED_EDGE ( 'NONE', *, *, #1564, .T. ) ;
#1775 = EDGE_CURVE ( 'NONE', #2954, #1560, #1480, .T. ) ;
#1776 = ORIENTED_EDGE ( 'NONE', *, *, #1798, .F. ) ;
#1777 = CARTESIAN_POINT ( 'NONE',  ( -29.35730718265930506, -16.31615300382608069, -23.00000000000000355 ) ) ;
#1778 = CARTESIAN_POINT ( 'NONE',  ( 133.8689743205029856, -32.67162998164252485, 8.000000000000000000 ) ) ;
#1779 = CARTESIAN_POINT ( 'NONE',  ( -117.1037935601527096, -147.4858359134302930, 0.000000000000000000 ) ) ;
#1780 = AXIS2_PLACEMENT_3D ( 'NONE', #1889, #1602, #168 ) ;
#1781 = VECTOR ( 'NONE', #1637, 1000.000000000000000 ) ;
#1782 = ORIENTED_EDGE ( 'NONE', *, *, #1499, .T. ) ;
#1783 = EDGE_CURVE ( 'NONE', #2978, #68, #2301, .T. ) ;
#1784 = CARTESIAN_POINT ( 'NONE',  ( -49.21309818478390952, -26.77716692367690499, -23.00000000000000355 ) ) ;
#1785 = CARTESIAN_POINT ( 'NONE',  ( 29.59704207852623270, 36.27240042738326053, 0.000000000000000000 ) ) ;
#1786 = FACE_BOUND ( 'NONE', #691, .T. ) ;
#1787 = CARTESIAN_POINT ( 'NONE',  ( -83.05922890939577030, 80.43062774359324862, 8.000000000000000000 ) ) ;
#1788 = VERTEX_POINT ( 'NONE', #140 ) ;
#1789 = CARTESIAN_POINT ( 'NONE',  ( -170.8652768703705078, -55.57845520262037553, 0.000000000000000000 ) ) ;
#1790 = ORIENTED_EDGE ( 'NONE', *, *, #3071, .F. ) ;
#1791 = EDGE_LOOP ( 'NONE', ( #2396, #1579, #1350, #2845 ) ) ;
#1792 = EDGE_CURVE ( 'NONE', #1828, #3150, #1224, .T. ) ;
#1793 = ADVANCED_FACE ( 'NONE', ( #174 ), #1257, .F. ) ;
#1794 = AXIS2_PLACEMENT_3D ( 'NONE', #3307, #2437, #286 ) ;
#1795 = CARTESIAN_POINT ( 'NONE',  ( 168.1140470823707460, -159.9858359136488559, 0.000000000000000000 ) ) ;
#1796 = AXIS2_PLACEMENT_3D ( 'NONE', #3361, #1684, #3008 ) ;
#1797 = DIRECTION ( 'NONE',  ( 0.4652183729486723540, -0.8851959475003204902, 0.000000000000000000 ) ) ;
#1798 = EDGE_CURVE ( 'NONE', #2039, #2978, #2965, .T. ) ;
#1799 = AXIS2_PLACEMENT_3D ( 'NONE', #567, #3051, #2762 ) ;
#1800 = AXIS2_PLACEMENT_3D ( 'NONE', #3256, #1626, #804 ) ;
#1801 = VECTOR ( 'NONE', #2575, 1000.000000000000000 ) ;
#1802 = ORIENTED_EDGE ( 'NONE', *, *, #795, .F. ) ;
#1803 = VERTEX_POINT ( 'NONE', #3209 ) ;
#1804 = DIRECTION ( 'NONE',  ( 0.000000000000000000, 0.000000000000000000, 1.000000000000000000 ) ) ;
#1805 = DIRECTION ( 'NONE',  ( -0.8660254037844430375, -0.4999999999999925060, 0.000000000000000000 ) ) ;
#1806 = DIRECTION ( 'NONE',  ( -0.8454889030309733489, 0.5339929913879781775, 0.000000000000000000 ) ) ;
#1807 = ORIENTED_EDGE ( 'NONE', *, *, #2555, .T. ) ;
#1808 = LINE ( 'NONE', #1021, #3121 ) ;
#1809 = LINE ( 'NONE', #438, #766 ) ;
#1810 = APPROVAL ( #2902, 'UNSPECIFIED' ) ;
#1811 = EDGE_CURVE ( 'NONE', #2756, #1942, #1883, .T. ) ;
#1812 = ORIENTED_EDGE ( 'NONE', *, *, #102, .F. ) ;
#1813 = ORIENTED_EDGE ( 'NONE', *, *, #2333, .T. ) ;
#1814 = LINE ( 'NONE', #457, #2617 ) ;
#1815 = LINE ( 'NONE', #3469, #319 ) ;
#1816 = VECTOR ( 'NONE', #3402, 1000.000000000000000 ) ;
#1817 = CARTESIAN_POINT ( 'NONE',  ( 128.6728218977963252, -35.67162998164247512, 8.000000000000000000 ) ) ;
#1818 = EDGE_LOOP ( 'NONE', ( #507, #91, #1734, #2371 ) ) ;
#1819 = ORIENTED_EDGE ( 'NONE', *, *, #2018, .T. ) ;
#1820 = LINE ( 'NONE', #2909, #1567 ) ;
#1821 = DIRECTION ( 'NONE',  ( -0.4999999999999997224, -0.8660254037844388186, 0.000000000000000000 ) ) ;
#1822 = DIRECTION ( 'NONE',  ( 1.000000000000000000, 0.000000000000000000, 0.000000000000000000 ) ) ;
#1823 = ORIENTED_EDGE ( 'NONE', *, *, #2689, .T. ) ;
#1824 = DIRECTION ( 'NONE',  ( 1.000000000000000000, 0.000000000000000000, 0.000000000000000000 ) ) ;
#1825 = FACE_OUTER_BOUND ( 'NONE', #1491, .T. ) ;
#1826 = EDGE_LOOP ( 'NONE', ( #1488, #3012 ) ) ;
#1827 = EDGE_CURVE ( 'NONE', #3089, #2435, #352, .T. ) ;
#1828 = VERTEX_POINT ( 'NONE', #3481 ) ;
#1829 = CIRCLE ( 'NONE', #180, 5.000000000000142997 ) ;
#1830 = DIRECTION ( 'NONE',  ( 0.000000000000000000, 0.000000000000000000, 1.000000000000000000 ) ) ;
#1831 = CC_DESIGN_APPROVAL ( #872, ( #2741 ) ) ;
#1832 = CARTESIAN_POINT ( 'NONE',  ( -155.1806180518505869, -164.9858359136503054, 8.000000000000000000 ) ) ;
#1833 = APPROVAL_DATE_TIME ( #2117, #1810 ) ;
#1834 = AXIS2_PLACEMENT_3D ( 'NONE', #960, #944, #709 ) ;
#1835 = EDGE_LOOP ( 'NONE', ( #3502, #2090, #656, #2972 ) ) ;
#1836 = ADVANCED_FACE ( 'NONE', ( #2131 ), #796, .F. ) ;
#1837 = DIRECTION ( 'NONE',  ( 1.000000000000000000, 0.000000000000000000, 0.000000000000000000 ) ) ;
#1838 = DIRECTION ( 'NONE',  ( 1.000000000000000000, 0.000000000000000000, 0.000000000000000000 ) ) ;
#1839 = CARTESIAN_POINT ( 'NONE',  ( 168.1140470823681881, -154.9858359136486854, 0.000000000000000000 ) ) ;
#1840 = ORIENTED_EDGE ( 'NONE', *, *, #977, .T. ) ;
#1841 = EDGE_CURVE ( 'NONE', #3513, #3069, #2436, .T. ) ;
#1842 = FACE_OUTER_BOUND ( 'NONE', #15, .T. ) ;
#1843 = PLANE ( 'NONE',  #945 ) ;
#1844 = EDGE_LOOP ( 'NONE', ( #248, #1861 ) ) ;
#1845 = ORIENTED_EDGE ( 'NONE', *, *, #3518, .F. ) ;
#1846 = ORIENTED_EDGE ( 'NONE', *, *, #898, .F. ) ;
#1847 = DIRECTION ( 'NONE',  ( -0.000000000000000000, -0.000000000000000000, -1.000000000000000000 ) ) ;
#1848 = CARTESIAN_POINT ( 'NONE',  ( -10.36990787766325894, -28.28126546397511021, -23.00000000000000355 ) ) ;
#1849 = SECURITY_CLASSIFICATION_LEVEL ( 'unclassified' ) ;
#1850 = AXIS2_PLACEMENT_3D ( 'NONE', #3259, #538, #1629 ) ;
#1851 = EDGE_CURVE ( 'NONE', #2218, #2023, #570, .T. ) ;
#1852 = LINE ( 'NONE', #1349, #1294 ) ;
#1853 = AXIS2_PLACEMENT_3D ( 'NONE', #1252, #2860, #723 ) ;
#1854 = EDGE_LOOP ( 'NONE', ( #463, #886 ) ) ;
#1855 = AXIS2_PLACEMENT_3D ( 'NONE', #2271, #590, #900 ) ;
#1856 = FACE_OUTER_BOUND ( 'NONE', #1040, .T. ) ;
#1857 = CARTESIAN_POINT ( 'NONE',  ( -17.23829957479208730, -50.70739184397518784, 0.000000000000000000 ) ) ;
#1858 = VECTOR ( 'NONE', #2037, 1000.000000000000114 ) ;
#1859 = CARTESIAN_POINT ( 'NONE',  ( 140.5276036475652859, -37.20471428497963018, 0.000000000000000000 ) ) ;
#1860 = VECTOR ( 'NONE', #2291, 1000.000000000000114 ) ;
#1861 = ORIENTED_EDGE ( 'NONE', *, *, #3381, .F. ) ;
#1862 = CARTESIAN_POINT ( 'NONE',  ( 107.1749362148916589, 10.56380027665532850, 0.000000000000000000 ) ) ;
#1863 = FACE_OUTER_BOUND ( 'NONE', #72, .T. ) ;
#1864 = ORIENTED_EDGE ( 'NONE', *, *, #2181, .F. ) ;
#1865 = ADVANCED_FACE ( 'NONE', ( #1081 ), #2363, .T. ) ;
#1866 = ORIENTED_EDGE ( 'NONE', *, *, #730, .T. ) ;
#1867 = VERTEX_POINT ( 'NONE', #1581 ) ;
#1868 = FACE_OUTER_BOUND ( 'NONE', #2968, .T. ) ;
#1869 = CARTESIAN_POINT ( 'NONE',  ( 82.39783115020325965, -33.52099488703108676, 0.000000000000000000 ) ) ;
#1870 = COORDINATED_UNIVERSAL_TIME_OFFSET ( 1, 0, .AHEAD. ) ;
#1871 = ORIENTED_EDGE ( 'NONE', *, *, #1624, .F. ) ;
#1872 = EDGE_CURVE ( 'NONE', #1061, #3508, #2988, .T. ) ;
#1873 = ADVANCED_FACE ( 'NONE', ( #265 ), #1617, .F. ) ;
#1874 = ORIENTED_EDGE ( 'NONE', *, *, #357, .F. ) ;
#1875 = LINE ( 'NONE', #2123, #2034 ) ;
#1876 = CARTESIAN_POINT ( 'NONE',  ( -80.09227432033269167, 125.2215093897768270, 8.000000000000000000 ) ) ;
#1877 = DIRECTION ( 'NONE',  ( 0.000000000000000000, 0.000000000000000000, 1.000000000000000000 ) ) ;
#1878 = CARTESIAN_POINT ( 'NONE',  ( -228.2472557322428486, -151.3380277304354138, 8.000000000000000000 ) ) ;
#1879 = EDGE_LOOP ( 'NONE', ( #1688, #1927, #2184, #1024 ) ) ;
#1880 = DIRECTION ( 'NONE',  ( -0.000000000000000000, -0.000000000000000000, -1.000000000000000000 ) ) ;
#1881 = EDGE_LOOP ( 'NONE', ( #3046, #34, #2160, #2288 ) ) ;
#1882 = ORIENTED_EDGE ( 'NONE', *, *, #1266, .F. ) ;
#1883 = CIRCLE ( 'NONE', #2171, 3.000000000000002665 ) ;
#1884 = DIRECTION ( 'NONE',  ( -0.000000000000000000, -0.000000000000000000, 1.000000000000000000 ) ) ;
#1885 = EDGE_CURVE ( 'NONE', #3227, #2235, #2382, .T. ) ;
#1886 = DIRECTION ( 'NONE',  ( -0.8660254037844424824, -0.4999999999999932832, -0.000000000000000000 ) ) ;
#1887 = VERTEX_POINT ( 'NONE', #2095 ) ;
#1888 = VECTOR ( 'NONE', #3298, 1000.000000000000114 ) ;
#1889 = CARTESIAN_POINT ( 'NONE',  ( -228.2472557322428486, -151.3380277304354138, 8.000000000000000000 ) ) ;
#1890 = ORIENTED_EDGE ( 'NONE', *, *, #2168, .T. ) ;
#1891 = CARTESIAN_POINT ( 'NONE',  ( -151.7892175381857953, -161.3118186905110747, 8.000000000000000000 ) ) ;
#1892 = FACE_OUTER_BOUND ( 'NONE', #2410, .T. ) ;
#1893 = CARTESIAN_POINT ( 'NONE',  ( -50.08148988191287998, -49.20329330367697906, -23.00000000000000355 ) ) ;
#1894 = DIRECTION ( 'NONE',  ( 1.000000000000000000, 0.000000000000000000, 0.000000000000000000 ) ) ;
#1895 = ORIENTED_EDGE ( 'NONE', *, *, #357, .T. ) ;
#1896 = CYLINDRICAL_SURFACE ( 'NONE', #1002, 5.000000000000004441 ) ;
#1897 = ORIENTED_EDGE ( 'NONE', *, *, #219, .F. ) ;
#1898 = ORIENTED_EDGE ( 'NONE', *, *, #1239, .T. ) ;
#1899 = DIRECTION ( 'NONE',  ( -0.000000000000000000, -0.000000000000000000, 1.000000000000000000 ) ) ;
#1900 = VERTEX_POINT ( 'NONE', #3194 ) ;
#1901 = CARTESIAN_POINT ( 'NONE',  ( -86.51569888017382937, -147.4858359134302930, -59.00000000000000711 ) ) ;
#1902 = ORIENTED_EDGE ( 'NONE', *, *, #923, .F. ) ;
#1903 = EDGE_CURVE ( 'NONE', #1994, #2221, #3025, .T. ) ;
#1904 = EDGE_CURVE ( 'NONE', #2085, #3350, #2336, .T. ) ;
#1905 = FACE_OUTER_BOUND ( 'NONE', #1550, .T. ) ;
#1906 = EDGE_CURVE ( 'NONE', #3480, #1016, #2668, .T. ) ;
#1907 = ORIENTED_EDGE ( 'NONE', *, *, #1010, .T. ) ;
#1908 = DIRECTION ( 'NONE',  ( -0.4999999999999932832, 0.8660254037844425934, 0.000000000000000000 ) ) ;
#1909 = AXIS2_PLACEMENT_3D ( 'NONE', #1878, #2699, #2967 ) ;
#1910 = DIRECTION ( 'NONE',  ( -0.000000000000000000, -0.000000000000000000, -1.000000000000000000 ) ) ;
#1911 = AXIS2_PLACEMENT_3D ( 'NONE', #1656, #1157, #1924 ) ;
#1912 = CARTESIAN_POINT ( 'NONE',  ( 140.5276036475652859, -37.20471428497963018, 8.000000000000000000 ) ) ;
#1913 = CARTESIAN_POINT ( 'NONE',  ( 30.26691505960358697, 33.77240042738570480, 8.000000000000000000 ) ) ;
#1914 = ORIENTED_EDGE ( 'NONE', *, *, #2506, .T. ) ;
#1915 = AXIS2_PLACEMENT_3D ( 'NONE', #1201, #2292, #1706 ) ;
#1916 = AXIS2_PLACEMENT_3D ( 'NONE', #1071, #1050, #1838 ) ;
#1917 = CARTESIAN_POINT ( 'NONE',  ( -86.51569888017381516, -180.4858359134302646, 8.000000000000000000 ) ) ;
#1918 = DIRECTION ( 'NONE',  ( -0.000000000000000000, -0.000000000000000000, 1.000000000000000000 ) ) ;
#1919 = VERTEX_POINT ( 'NONE', #1042 ) ;
#1920 = ADVANCED_FACE ( 'NONE', ( #1868 ), #2957, .F. ) ;
#1921 = ORIENTED_EDGE ( 'NONE', *, *, #3013, .T. ) ;
#1922 = PLANE ( 'NONE',  #3510 ) ;
#1923 = ORIENTED_EDGE ( 'NONE', *, *, #2121, .T. ) ;
#1924 = DIRECTION ( 'NONE',  ( 1.000000000000000000, 0.000000000000000000, 0.000000000000000000 ) ) ;
#1925 = LINE ( 'NONE', #568, #74 ) ;
#1926 = AXIS2_PLACEMENT_3D ( 'NONE', #2605, #3501, #2976 ) ;
#1927 = ORIENTED_EDGE ( 'NONE', *, *, #2739, .F. ) ;
#1928 = DIRECTION ( 'NONE',  ( 0.8660254037844385966, -0.5000000000000001110, 0.000000000000000000 ) ) ;
#1929 = FACE_OUTER_BOUND ( 'NONE', #1974, .T. ) ;
#1930 = CARTESIAN_POINT ( 'NONE',  ( -132.1016877322195455, -17.51340266518897693, 0.000000000000000000 ) ) ;
#1931 = CARTESIAN_POINT ( 'NONE',  ( -2.172450985721706473, -134.9858359136489412, 0.000000000000000000 ) ) ;
#1932 = ORIENTED_EDGE ( 'NONE', *, *, #386, .T. ) ;
#1933 = DIRECTION ( 'NONE',  ( -0.000000000000000000, -0.000000000000000000, -1.000000000000000000 ) ) ;
#1934 = LINE ( 'NONE', #23, #891 ) ;
#1935 = EDGE_LOOP ( 'NONE', ( #1598, #2815, #2628, #246 ) ) ;
#1936 = DIRECTION ( 'NONE',  ( -0.5000000000000002220, -0.8660254037844384856, 0.000000000000000000 ) ) ;
#1937 = DIRECTION ( 'NONE',  ( -0.000000000000000000, -0.000000000000000000, 1.000000000000000000 ) ) ;
#1938 = EDGE_LOOP ( 'NONE', ( #1131, #2764, #2240, #1174 ) ) ;
#1939 = VECTOR ( 'NONE', #1126, 1000.000000000000000 ) ;
#1940 = CARTESIAN_POINT ( 'NONE',  ( 19.51353415389858625, 86.27710342024667511, 8.000000000000000000 ) ) ;
#1941 = DIRECTION ( 'NONE',  ( 1.000000000000000000, 0.000000000000000000, 0.000000000000000000 ) ) ;
#1942 = VERTEX_POINT ( 'NONE', #2685 ) ;
#1943 = FACE_OUTER_BOUND ( 'NONE', #1682, .T. ) ;
#1944 = CARTESIAN_POINT ( 'NONE',  ( -148.6263339740401932, 62.52532450431490219, 8.000000000000000000 ) ) ;
#1945 = EDGE_CURVE ( 'NONE', #422, #2912, #1325, .T. ) ;
#1946 = EDGE_CURVE ( 'NONE', #1788, #3480, #2705, .T. ) ;
#1947 = DIRECTION ( 'NONE',  ( 5.182799681978658181E-16, 1.000000000000000000, -0.000000000000000000 ) ) ;
#1948 = FACE_BOUND ( 'NONE', #2661, .T. ) ;
#1949 = ORIENTED_EDGE ( 'NONE', *, *, #3497, .T. ) ;
#1950 = CYLINDRICAL_SURFACE ( 'NONE', #2549, 3.000000000000002665 ) ;
#1951 = LINE ( 'NONE', #1454, #2026 ) ;
#1952 = EDGE_CURVE ( 'NONE', #1323, #3541, #10, .T. ) ;
#1953 = VECTOR ( 'NONE', #1658, 1000.000000000000000 ) ;
#1954 = VERTEX_POINT ( 'NONE', #2188 ) ;
#1955 = EDGE_LOOP ( 'NONE', ( #1203, #399 ) ) ;
#1956 = DIRECTION ( 'NONE',  ( -0.5000000000000004441, 0.8660254037844383745, 0.000000000000000000 ) ) ;
#1957 = LINE ( 'NONE', #3049, #1781 ) ;
#1958 = ORIENTED_EDGE ( 'NONE', *, *, #2644, .F. ) ;
#1959 = DIRECTION ( 'NONE',  ( -0.000000000000000000, -0.000000000000000000, -1.000000000000000000 ) ) ;
#1960 = CARTESIAN_POINT ( 'NONE',  ( 132.2043952190441019, -80.13652885062265341, 8.000000000000000000 ) ) ;
#1961 = ORIENTED_EDGE ( 'NONE', *, *, #822, .T. ) ;
#1962 = ADVANCED_FACE ( 'NONE', ( #1361 ), #1723, .F. ) ;
#1963 = LINE ( 'NONE', #1984, #327 ) ;
#1964 = CARTESIAN_POINT ( 'NONE',  ( -117.1037935601527096, 108.4637120469668474, 8.000000000000000000 ) ) ;
#1965 = CIRCLE ( 'NONE', #2875, 3.000000000000002665 ) ;
#1966 = CYLINDRICAL_SURFACE ( 'NONE', #962, 5.000000000000004441 ) ;
#1967 = DIRECTION ( 'NONE',  ( 1.000000000000000000, 0.000000000000000000, 0.000000000000000000 ) ) ;
#1968 = ORIENTED_EDGE ( 'NONE', *, *, #3323, .T. ) ;
#1969 = PLANE ( 'NONE',  #2483 ) ;
#1970 = DIRECTION ( 'NONE',  ( 1.000000000000000000, 1.110223024625156146E-15, 0.000000000000000000 ) ) ;
#1971 = AXIS2_PLACEMENT_3D ( 'NONE', #1048, #3503, #1837 ) ;
#1972 = VECTOR ( 'NONE', #390, 999.9999999999998863 ) ;
#1973 = ORIENTED_EDGE ( 'NONE', *, *, #991, .T. ) ;
#1974 = EDGE_LOOP ( 'NONE', ( #1466, #469, #303, #2249 ) ) ;
#1975 = AXIS2_PLACEMENT_3D ( 'NONE', #2179, #3217, #3542 ) ;
#1976 = CARTESIAN_POINT ( 'NONE',  ( 19.51353415389858625, 86.27710342024667511, 8.000000000000000000 ) ) ;
#1977 = DIRECTION ( 'NONE',  ( -0.000000000000000000, -0.000000000000000000, -1.000000000000000000 ) ) ;
#1978 = ORIENTED_EDGE ( 'NONE', *, *, #3020, .F. ) ;
#1979 = AXIS2_PLACEMENT_3D ( 'NONE', #2091, #1574, #2662 ) ;
#1980 = AXIS2_PLACEMENT_3D ( 'NONE', #3422, #1498, #1215 ) ;
#1981 = DIRECTION ( 'NONE',  ( -0.000000000000000000, -0.000000000000000000, 1.000000000000000000 ) ) ;
#1982 = DIRECTION ( 'NONE',  ( -0.8660254037844385966, 0.5000000000000001110, 0.000000000000000000 ) ) ;
#1983 = ORIENTED_EDGE ( 'NONE', *, *, #3484, .F. ) ;
#1984 = CARTESIAN_POINT ( 'NONE',  ( 100.0939835729097354, -52.17162998164221221, -59.00000000000000711 ) ) ;
#1985 = DIRECTION ( 'NONE',  ( 0.000000000000000000, 0.000000000000000000, 1.000000000000000000 ) ) ;
#1986 = ADVANCED_FACE ( 'NONE', ( #1374 ), #2811, .F. ) ;
#1987 = CARTESIAN_POINT ( 'NONE',  ( 164.7958579727627466, -151.3380277303767230, 8.000000000000000000 ) ) ;
#1988 = FACE_BOUND ( 'NONE', #554, .T. ) ;
#1989 = ORIENTED_EDGE ( 'NONE', *, *, #2349, .T. ) ;
#1990 = CARTESIAN_POINT ( 'NONE',  ( -10.36990787766325894, -28.28126546397511021, 0.000000000000000000 ) ) ;
#1991 = VECTOR ( 'NONE', #146, 1000.000000000000000 ) ;
#1992 = CARTESIAN_POINT ( 'NONE',  ( -33.22569887979242509, 186.4492173093101712, 0.000000000000000000 ) ) ;
#1993 = ORIENTED_EDGE ( 'NONE', *, *, #3351, .T. ) ;
#1994 = VERTEX_POINT ( 'NONE', #2540 ) ;
#1995 = CARTESIAN_POINT ( 'NONE',  ( -134.5303720796954963, 81.27999264898247134, -59.00000000000000711 ) ) ;
#1996 = VERTEX_POINT ( 'NONE', #59 ) ;
#1997 = EDGE_CURVE ( 'NONE', #2489, #3475, #311, .T. ) ;
#1998 = CARTESIAN_POINT ( 'NONE',  ( 116.1728218977965241, -14.02099488703140118, 8.000000000000000000 ) ) ;
#1999 = CARTESIAN_POINT ( 'NONE',  ( -111.5156988801738009, -180.4858359134302646, -59.00000000000000711 ) ) ;
#2000 = EDGE_CURVE ( 'NONE', #1113, #2954, #332, .T. ) ;
#2001 = ORIENTED_EDGE ( 'NONE', *, *, #3518, .T. ) ;
#2002 = AXIS2_PLACEMENT_3D ( 'NONE', #1392, #920, #1967 ) ;
#2003 = CARTESIAN_POINT ( 'NONE',  ( -29.22569887978897896, -45.67048261410159427, -2.000000000000000000 ) ) ;
#2004 = AXIS2_PLACEMENT_3D ( 'NONE', #1162, #1985, #2478 ) ;
#2005 = DIRECTION ( 'NONE',  ( -0.000000000000000000, -0.000000000000000000, 1.000000000000000000 ) ) ;
#2006 = CARTESIAN_POINT ( 'NONE',  ( -37.22569887978897896, -45.67048261410159427, 8.000000000000000000 ) ) ;
#2007 = DIRECTION ( 'NONE',  ( -0.8660254037844383745, -0.5000000000000004441, 0.000000000000000000 ) ) ;
#2008 = FACE_OUTER_BOUND ( 'NONE', #2551, .T. ) ;
#2009 = CIRCLE ( 'NONE', #1549, 4.999999999999976907 ) ;
#2010 = ORIENTED_EDGE ( 'NONE', *, *, #3086, .F. ) ;
#2011 = ORIENTED_EDGE ( 'NONE', *, *, #2440, .T. ) ;
#2012 = LINE ( 'NONE', #2509, #31 ) ;
#2013 = ORIENTED_EDGE ( 'NONE', *, *, #1443, .T. ) ;
#2014 = CARTESIAN_POINT ( 'NONE',  ( -111.5156988801738152, -147.4858359134302930, -59.00000000000000711 ) ) ;
#2015 = CARTESIAN_POINT ( 'NONE',  ( -129.7755958674761985, -21.93938240269056195, 8.000000000000000000 ) ) ;
#2016 = EDGE_CURVE ( 'NONE', #689, #2975, #98, .T. ) ;
#2017 = ORIENTED_EDGE ( 'NONE', *, *, #1564, .F. ) ;
#2018 = EDGE_CURVE ( 'NONE', #1630, #904, #407, .T. ) ;
#2019 = DIRECTION ( 'NONE',  ( -1.000000000000000000, 0.000000000000000000, 0.000000000000000000 ) ) ;
#2020 = LINE ( 'NONE', #3437, #2484 ) ;
#2021 = CARTESIAN_POINT ( 'NONE',  ( -95.55922890939582715, 58.77999264898231502, -59.00000000000000711 ) ) ;
#2022 = CARTESIAN_POINT ( 'NONE',  ( 158.7958579727627466, -151.3380277303767230, 0.000000000000000000 ) ) ;
#2023 = VERTEX_POINT ( 'NONE', #1146 ) ;
#2024 = PLANE ( 'NONE',  #3167 ) ;
#2025 = ORIENTED_EDGE ( 'NONE', *, *, #947, .F. ) ;
#2026 = VECTOR ( 'NONE', #1970, 1000.000000000000000 ) ;
#2027 = ORIENTED_EDGE ( 'NONE', *, *, #1429, .T. ) ;
#2028 = ADVANCED_FACE ( 'NONE', ( #1664 ), #2234, .F. ) ;
#2029 = ADVANCED_FACE ( 'NONE', ( #1412, #3337, #1948, #2501, #1433, #1451, #2464, #1681, #3374, #3022, #1988, #880, #2792, #349, #1186, #3062, #2752, #616, #2274, #2481 ), #2521, .T. ) ;
#2030 = CIRCLE ( 'NONE', #381, 5.000000000000948575 ) ;
#2031 = DIRECTION ( 'NONE',  ( -1.000000000000000000, 0.000000000000000000, 0.000000000000000000 ) ) ;
#2032 = AXIS2_PLACEMENT_3D ( 'NONE', #654, #2007, #3360 ) ;
#2033 = DIRECTION ( 'NONE',  ( 0.000000000000000000, 0.000000000000000000, 1.000000000000000000 ) ) ;
#2034 = VECTOR ( 'NONE', #1623, 1000.000000000000000 ) ;
#2035 = LINE ( 'NONE', #77, #1195 ) ;
#2036 = CARTESIAN_POINT ( 'NONE',  ( 132.0818877250694641, -81.23655923823309877, 8.000000000000000000 ) ) ;
#2037 = DIRECTION ( 'NONE',  ( 0.5000000000000042188, 0.8660254037844361541, 0.000000000000000000 ) ) ;
#2038 = LINE ( 'NONE', #1503, #2711 ) ;
#2039 = VERTEX_POINT ( 'NONE', #20 ) ;
#2040 = LINE ( 'NONE', #137, #2938 ) ;
#2041 = VERTEX_POINT ( 'NONE', #903 ) ;
#2042 = ORIENTED_EDGE ( 'NONE', *, *, #1697, .T. ) ;
#2043 = EDGE_CURVE ( 'NONE', #474, #2175, #610, .T. ) ;
#2044 = CARTESIAN_POINT ( 'NONE',  ( -225.2472557322428486, -151.3380277304354138, 8.000000000000000000 ) ) ;
#2045 = DIRECTION ( 'NONE',  ( 0.5000000000000001110, 0.8660254037844385966, 0.000000000000000000 ) ) ;
#2046 = PERSON_AND_ORGANIZATION ( #3418, #693 ) ;
#2047 = ORIENTED_EDGE ( 'NONE', *, *, #1463, .T. ) ;
#2048 = CARTESIAN_POINT ( 'NONE',  ( -36.22569887979242509, 186.4492173093101712, 8.000000000000000000 ) ) ;
#2049 = CARTESIAN_POINT ( 'NONE',  ( -29.22569887978897185, -31.81407615355055896, 8.000000000000000000 ) ) ;
#2050 = LINE ( 'NONE', #2339, #1190 ) ;
#2051 = CARTESIAN_POINT ( 'NONE',  ( 172.4441741012873592, -152.4858359136431432, 0.000000000000000000 ) ) ;
#2052 = EDGE_CURVE ( 'NONE', #436, #3311, #3315, .T. ) ;
#2053 = ADVANCED_FACE ( 'NONE', ( #634 ), #1739, .F. ) ;
#2054 = ORIENTED_EDGE ( 'NONE', *, *, #2307, .F. ) ;
#2055 = LOCAL_TIME ( 14, 41, 18.00000000000000000, #2727 ) ;
#2056 = DIRECTION ( 'NONE',  ( -0.000000000000000000, -0.000000000000000000, -1.000000000000000000 ) ) ;
#2057 = ORIENTED_EDGE ( 'NONE', *, *, #2956, .F. ) ;
#2058 = EDGE_CURVE ( 'NONE', #1137, #156, #2601, .T. ) ;
#2059 = VERTEX_POINT ( 'NONE', #670 ) ;
#2060 = DIRECTION ( 'NONE',  ( 0.9548095221620462869, 0.2972183984693492764, 0.000000000000000000 ) ) ;
#2061 = LINE ( 'NONE', #3158, #11 ) ;
#2062 = DATE_TIME_ROLE ( 'creation_date' ) ;
#2063 = VECTOR ( 'NONE', #344, 1000.000000000000000 ) ;
#2064 = VECTOR ( 'NONE', #1614, 1000.000000000000000 ) ;
#2065 = ORIENTED_EDGE ( 'NONE', *, *, #1903, .T. ) ;
#2066 = EDGE_CURVE ( 'NONE', #3454, #2191, #2069, .T. ) ;
#2067 = VERTEX_POINT ( 'NONE', #402 ) ;
#2068 = CARTESIAN_POINT ( 'NONE',  ( -122.0303720796953968, 102.9306277435934049, 8.000000000000000000 ) ) ;
#2069 = LINE ( 'NONE', #681, #3065 ) ;
#2070 = FACE_BOUND ( 'NONE', #300, .T. ) ;
#2071 = DIRECTION ( 'NONE',  ( -0.4999999999999922284, 0.8660254037844431485, 0.000000000000000000 ) ) ;
#2072 = ORIENTED_EDGE ( 'NONE', *, *, #2904, .F. ) ;
#2073 = DIRECTION ( 'NONE',  ( -1.000000000000000000, 0.000000000000000000, 0.000000000000000000 ) ) ;
#2074 = DIRECTION ( 'NONE',  ( 0.000000000000000000, 0.000000000000000000, 1.000000000000000000 ) ) ;
#2075 = ORIENTED_EDGE ( 'NONE', *, *, #52, .T. ) ;
#2076 = ORIENTED_EDGE ( 'NONE', *, *, #3143, .F. ) ;
#2077 = CARTESIAN_POINT ( 'NONE',  ( -80.09227432033269167, 125.2215093897768270, 8.000000000000000000 ) ) ;
#2078 = VECTOR ( 'NONE', #486, 1000.000000000000227 ) ;
#2079 = CARTESIAN_POINT ( 'NONE',  ( -29.35730718265930506, -16.31615300382608069, 8.000000000000000000 ) ) ;
#2080 = CARTESIAN_POINT ( 'NONE',  ( 0.000000000000000000, 0.000000000000000000, 0.000000000000000000 ) ) ;
#2081 = AXIS2_PLACEMENT_3D ( 'NONE', #1543, #3177, #931 ) ;
#2082 = AXIS2_PLACEMENT_3D ( 'NONE', #22, #3244, #3509 ) ;
#2083 = VECTOR ( 'NONE', #2758, 1000.000000000000000 ) ;
#2084 = ORIENTED_EDGE ( 'NONE', *, *, #1425, .T. ) ;
#2085 = VERTEX_POINT ( 'NONE', #1519 ) ;
#2086 = DIRECTION ( 'NONE',  ( 1.000000000000000000, 0.000000000000000000, 0.000000000000000000 ) ) ;
#2087 = CARTESIAN_POINT ( 'NONE',  ( 82.39783115020325965, -33.52099488703108676, -59.00000000000000711 ) ) ;
#2088 = EDGE_CURVE ( 'NONE', #516, #2270, #2020, .T. ) ;
#2089 = CARTESIAN_POINT ( 'NONE',  ( -147.9564609929623771, 65.02532450431492350, 8.000000000000000000 ) ) ;
#2090 = ORIENTED_EDGE ( 'NONE', *, *, #2052, .T. ) ;
#2091 = CARTESIAN_POINT ( 'NONE',  ( -100.7553813321024876, 61.77999264898234344, -59.00000000000000711 ) ) ;
#2092 = CARTESIAN_POINT ( 'NONE',  ( -86.51569888017381516, -180.4858359134302646, -59.00000000000000711 ) ) ;
#2093 = VERTEX_POINT ( 'NONE', #1785 ) ;
#2094 = ORIENTED_EDGE ( 'NONE', *, *, #977, .F. ) ;
#2095 = CARTESIAN_POINT ( 'NONE',  ( 100.0939835729097354, -52.17162998164221221, 8.000000000000000000 ) ) ;
#2096 = DIRECTION ( 'NONE',  ( -0.000000000000000000, -0.000000000000000000, 1.000000000000000000 ) ) ;
#2097 = CIRCLE ( 'NONE', #2559, 3.000000000000002665 ) ;
#2098 = APPROVAL_ROLE ( '' ) ;
#2099 = EDGE_CURVE ( 'NONE', #2221, #2059, #2841, .T. ) ;
#2100 = EDGE_CURVE ( 'NONE', #941, #2329, #1517, .T. ) ;
#2101 = VERTEX_POINT ( 'NONE', #3456 ) ;
#2102 = DIRECTION ( 'NONE',  ( -0.000000000000000000, -0.000000000000000000, 1.000000000000000000 ) ) ;
#2103 = CARTESIAN_POINT ( 'NONE',  ( 51.67464607720026493, -146.9254863691283219, 8.000000000000000000 ) ) ;
#2104 = CARTESIAN_POINT ( 'NONE',  ( 57.04353900682962575, -12.60607270437667360, 0.000000000000000000 ) ) ;
#2105 = VECTOR ( 'NONE', #1012, 1000.000000000000000 ) ;
#2106 = ORIENTED_EDGE ( 'NONE', *, *, #1792, .F. ) ;
#2107 = DIRECTION ( 'NONE',  ( 0.000000000000000000, -1.000000000000000000, -0.000000000000000000 ) ) ;
#2108 = DIRECTION ( 'NONE',  ( -0.000000000000000000, -0.000000000000000000, 1.000000000000000000 ) ) ;
#2109 = EDGE_LOOP ( 'NONE', ( #1408, #2208, #2165, #395 ) ) ;
#2110 = ORIENTED_EDGE ( 'NONE', *, *, #385, .F. ) ;
#2111 = CC_DESIGN_SECURITY_CLASSIFICATION ( #2741, ( #574 ) ) ;
#2112 = EDGE_LOOP ( 'NONE', ( #746, #338, #13, #3181 ) ) ;
#2113 = EDGE_CURVE ( 'NONE', #789, #3105, #2354, .T. ) ;
#2114 = CARTESIAN_POINT ( 'NONE',  ( -14.23829957479208552, -50.70739184397518784, -23.00000000000000355 ) ) ;
#2115 = ORIENTED_EDGE ( 'NONE', *, *, #3520, .T. ) ;
#2116 = DIRECTION ( 'NONE',  ( -0.000000000000000000, -0.000000000000000000, -1.000000000000000000 ) ) ;
#2117 = DATE_AND_TIME ( #3483, #2806 ) ;
#2118 = CIRCLE ( 'NONE', #301, 4.999999999999990230 ) ;
#2119 = VECTOR ( 'NONE', #3310, 1000.000000000000000 ) ;
#2120 = ORIENTED_EDGE ( 'NONE', *, *, #2066, .T. ) ;
#2121 = EDGE_CURVE ( 'NONE', #3425, #1323, #1485, .T. ) ;
#2122 = CARTESIAN_POINT ( 'NONE',  ( -174.6189479138433569, -51.15545749838690170, 8.000000000000000000 ) ) ;
#2123 = CARTESIAN_POINT ( 'NONE',  ( -55.72569888017383732, -129.9858359136491117, 8.000000000000000000 ) ) ;
#2124 = DIRECTION ( 'NONE',  ( -0.000000000000000000, -0.000000000000000000, 1.000000000000000000 ) ) ;
#2125 = ORIENTED_EDGE ( 'NONE', *, *, #423, .T. ) ;
#2126 = LINE ( 'NONE', #520, #3408 ) ;
#2127 = DIRECTION ( 'NONE',  ( 0.4999999999999999445, -0.8660254037844387076, 0.000000000000000000 ) ) ;
#2128 = ORIENTED_EDGE ( 'NONE', *, *, #3341, .F. ) ;
#2129 = EDGE_LOOP ( 'NONE', ( #2707, #2356, #3272, #3197 ) ) ;
#2130 = ORIENTED_EDGE ( 'NONE', *, *, #365, .T. ) ;
#2131 = FACE_OUTER_BOUND ( 'NONE', #881, .T. ) ;
#2132 = CARTESIAN_POINT ( 'NONE',  ( 29.59704207852623270, 36.27240042738326053, 8.000000000000000000 ) ) ;
#2133 = EDGE_CURVE ( 'NONE', #3155, #3213, #935, .T. ) ;
#2134 = EDGE_CURVE ( 'NONE', #1867, #2796, #776, .T. ) ;
#2135 = CIRCLE ( 'NONE', #889, 5.000000000001048939 ) ;
#2136 = CIRCLE ( 'NONE', #1850, 5.000000000000004441 ) ;
#2137 = DIRECTION ( 'NONE',  ( 1.000000000000000000, 0.000000000000000000, 0.000000000000000000 ) ) ;
#2138 = AXIS2_PLACEMENT_3D ( 'NONE', #715, #1804, #2086 ) ;
#2139 = VECTOR ( 'NONE', #785, 1000.000000000000000 ) ;
#2140 = ORIENTED_EDGE ( 'NONE', *, *, #1502, .F. ) ;
#2141 = VECTOR ( 'NONE', #2834, 1000.000000000000000 ) ;
#2142 = CARTESIAN_POINT ( 'NONE',  ( -35.35730718265931216, -16.31615300382608069, -23.00000000000000355 ) ) ;
#2143 = CYLINDRICAL_SURFACE ( 'NONE', #3000, 5.000000000000004441 ) ;
#2144 = VECTOR ( 'NONE', #722, 1000.000000000000000 ) ;
#2145 = FACE_OUTER_BOUND ( 'NONE', #3540, .T. ) ;
#2146 = VECTOR ( 'NONE', #1351, 1000.000000000000000 ) ;
#2147 = EDGE_CURVE ( 'NONE', #2435, #3243, #981, .T. ) ;
#2148 = CARTESIAN_POINT ( 'NONE',  ( 19.51353415389858625, 86.27710342024667511, 8.000000000000000000 ) ) ;
#2149 = DIRECTION ( 'NONE',  ( -0.000000000000000000, -0.000000000000000000, -1.000000000000000000 ) ) ;
#2150 = VERTEX_POINT ( 'NONE', #167 ) ;
#2151 = CARTESIAN_POINT ( 'NONE',  ( -239.5654448419547009, -154.9858359136488559, 8.000000000000000000 ) ) ;
#2152 = EDGE_LOOP ( 'NONE', ( #620, #801, #1237, #704 ) ) ;
#2153 = ORIENTED_EDGE ( 'NONE', *, *, #626, .T. ) ;
#2154 = DIRECTION ( 'NONE',  ( -0.000000000000000000, -0.000000000000000000, 1.000000000000000000 ) ) ;
#2155 = CARTESIAN_POINT ( 'NONE',  ( 82.39783115020325965, -33.52099488703108676, 8.000000000000000000 ) ) ;
#2156 = EDGE_LOOP ( 'NONE', ( #82, #1367 ) ) ;
#2157 = EDGE_CURVE ( 'NONE', #3254, #2313, #1247, .T. ) ;
#2158 = AXIS2_PLACEMENT_3D ( 'NONE', #1432, #633, #1722 ) ;
#2159 = FACE_BOUND ( 'NONE', #1393, .T. ) ;
#2160 = ORIENTED_EDGE ( 'NONE', *, *, #3075, .F. ) ;
#2161 = LINE ( 'NONE', #3273, #1059 ) ;
#2162 = PLANE ( 'NONE',  #3464 ) ;
#2163 = DIRECTION ( 'NONE',  ( -0.000000000000000000, -0.000000000000000000, -1.000000000000000000 ) ) ;
#2164 = DIRECTION ( 'NONE',  ( 1.387778780787521137E-16, 1.000000000000000000, 0.000000000000000000 ) ) ;
#2165 = ORIENTED_EDGE ( 'NONE', *, *, #38, .F. ) ;
#2166 = LINE ( 'NONE', #281, #3466 ) ;
#2167 = ADVANCED_FACE ( 'NONE', ( #2891 ), #952, .F. ) ;
#2168 = EDGE_CURVE ( 'NONE', #657, #1559, #1001, .T. ) ;
#2169 = EDGE_LOOP ( 'NONE', ( #2308, #1100, #1248, #2916 ) ) ;
#2170 = ORIENTED_EDGE ( 'NONE', *, *, #124, .T. ) ;
#2171 = AXIS2_PLACEMENT_3D ( 'NONE', #476, #3468, #211 ) ;
#2172 = EDGE_CURVE ( 'NONE', #621, #242, #3131, .T. ) ;
#2173 = CARTESIAN_POINT ( 'NONE',  ( -81.57836631267944938, 129.9955570005870698, 0.000000000000000000 ) ) ;
#2174 = DIRECTION ( 'NONE',  ( -0.000000000000000000, -0.000000000000000000, -1.000000000000000000 ) ) ;
#2175 = VERTEX_POINT ( 'NONE', #3147 ) ;
#2176 = VECTOR ( 'NONE', #2519, 1000.000000000000227 ) ;
#2177 = PLANE ( 'NONE',  #3331 ) ;
#2178 = ORIENTED_EDGE ( 'NONE', *, *, #923, .T. ) ;
#2179 = CARTESIAN_POINT ( 'NONE',  ( -117.1037935601527096, 108.4637120469668474, 8.000000000000000000 ) ) ;
#2180 = CARTESIAN_POINT ( 'NONE',  ( -2.172450985722024441, -129.9858359136491401, 8.000000000000000000 ) ) ;
#2181 = EDGE_CURVE ( 'NONE', #41, #2085, #2323, .T. ) ;
#2182 = CARTESIAN_POINT ( 'NONE',  ( -86.51569888017382937, -141.4858359134302646, -59.00000000000000711 ) ) ;
#2183 = DIRECTION ( 'NONE',  ( -1.000000000000000000, 0.000000000000000000, 0.000000000000000000 ) ) ;
#2184 = ORIENTED_EDGE ( 'NONE', *, *, #3539, .F. ) ;
#2185 = DIRECTION ( 'NONE',  ( 1.000000000000000000, 0.000000000000000000, 0.000000000000000000 ) ) ;
#2186 = DIRECTION ( 'NONE',  ( 1.000000000000000000, 0.000000000000000000, 0.000000000000000000 ) ) ;
#2187 = ORIENTED_EDGE ( 'NONE', *, *, #2172, .T. ) ;
#2188 = CARTESIAN_POINT ( 'NONE',  ( -36.22569887979242509, 186.4492173093101712, 8.000000000000000000 ) ) ;
#2189 = ORIENTED_EDGE ( 'NONE', *, *, #2656, .T. ) ;
#2190 = CARTESIAN_POINT ( 'NONE',  ( -37.22569887978897896, -45.67048261410159427, -2.000000000000000000 ) ) ;
#2191 = VERTEX_POINT ( 'NONE', #2049 ) ;
#2192 = FACE_OUTER_BOUND ( 'NONE', #908, .T. ) ;
#2193 = ORIENTED_EDGE ( 'NONE', *, *, #2134, .T. ) ;
#2194 = DIRECTION ( 'NONE',  ( 1.000000000000000000, 0.000000000000000000, 0.000000000000000000 ) ) ;
#2195 = AXIS2_PLACEMENT_3D ( 'NONE', #2220, #63, #1149 ) ;
#2196 = DIRECTION ( 'NONE',  ( -0.000000000000000000, -0.000000000000000000, 1.000000000000000000 ) ) ;
#2197 = AXIS2_PLACEMENT_3D ( 'NONE', #2534, #2731, #364 ) ;
#2198 = AXIS2_PLACEMENT_3D ( 'NONE', #895, #1959, #3076 ) ;
#2199 = DIRECTION ( 'NONE',  ( 0.5000000000000003331, -0.8660254037844383745, 0.000000000000000000 ) ) ;
#2200 = DIRECTION ( 'NONE',  ( 0.4999999999999992228, 0.8660254037844390407, 0.000000000000000000 ) ) ;
#2201 = ORIENTED_EDGE ( 'NONE', *, *, #1472, .F. ) ;
#2202 = VECTOR ( 'NONE', #1933, 1000.000000000000000 ) ;
#2203 = AXIS2_PLACEMENT_3D ( 'NONE', #1931, #78, #2255 ) ;
#2204 = CARTESIAN_POINT ( 'NONE',  ( 94.89783115020307491, -55.17162998164216958, -59.00000000000000711 ) ) ;
#2205 = CARTESIAN_POINT ( 'NONE',  ( -111.5156988801738294, -141.4858359134302930, 0.000000000000000000 ) ) ;
#2206 = VERTEX_POINT ( 'NONE', #449 ) ;
#2207 = CARTESIAN_POINT ( 'NONE',  ( 94.89783115020307491, -55.17162998164216958, 8.000000000000000000 ) ) ;
#2208 = ORIENTED_EDGE ( 'NONE', *, *, #2517, .F. ) ;
#2209 = CARTESIAN_POINT ( 'NONE',  ( -2.172450985722024441, -129.9858359136491401, 8.000000000000000000 ) ) ;
#2210 = DIRECTION ( 'NONE',  ( -0.000000000000000000, -0.000000000000000000, -1.000000000000000000 ) ) ;
#2211 = EDGE_CURVE ( 'NONE', #2262, #3277, #3185, .T. ) ;
#2212 = ORIENTED_EDGE ( 'NONE', *, *, #531, .F. ) ;
#2213 = CARTESIAN_POINT ( 'NONE',  ( -41.22569887978898606, -38.74227938382608727, 8.000000000000000000 ) ) ;
#2214 = ADVANCED_FACE ( 'NONE', ( #2825 ), #388, .F. ) ;
#2215 = DIRECTION ( 'NONE',  ( -1.000000000000000000, 0.000000000000000000, 0.000000000000000000 ) ) ;
#2216 = LINE ( 'NONE', #2480, #1528 ) ;
#2217 = CARTESIAN_POINT ( 'NONE',  ( -34.09409057691692624, -61.16840576382615069, 0.000000000000000000 ) ) ;
#2218 = VERTEX_POINT ( 'NONE', #2103 ) ;
#2219 = CYLINDRICAL_SURFACE ( 'NONE', #3333, 3.000000000000002665 ) ;
#2220 = CARTESIAN_POINT ( 'NONE',  ( -2.172450985721706473, -134.9858359136489412, 8.000000000000000000 ) ) ;
#2221 = VERTEX_POINT ( 'NONE', #1587 ) ;
#2222 = EDGE_LOOP ( 'NONE', ( #1949, #939, #2634, #2017 ) ) ;
#2223 = DIRECTION ( 'NONE',  ( 0.8660254037844425934, 0.4999999999999932832, 0.000000000000000000 ) ) ;
#2224 = FACE_OUTER_BOUND ( 'NONE', #3245, .T. ) ;
#2225 = ORIENTED_EDGE ( 'NONE', *, *, #677, .T. ) ;
#2226 = EDGE_CURVE ( 'NONE', #179, #2611, #535, .T. ) ;
#2227 = VECTOR ( 'NONE', #158, 1000.000000000000000 ) ;
#2228 = DIRECTION ( 'NONE',  ( 1.000000000000000000, 5.232450433197542540E-16, 0.000000000000000000 ) ) ;
#2229 = CARTESIAN_POINT ( 'NONE',  ( -65.72569888017383732, -189.9858359134302361, 8.000000000000000000 ) ) ;
#2230 = EDGE_LOOP ( 'NONE', ( #499, #225 ) ) ;
#2231 = CARTESIAN_POINT ( 'NONE',  ( -100.7553813321024876, 61.77999264898234344, 8.000000000000000000 ) ) ;
#2232 = DIRECTION ( 'NONE',  ( -0.000000000000000000, -0.000000000000000000, 1.000000000000000000 ) ) ;
#2233 = CARTESIAN_POINT ( 'NONE',  ( 128.6728218977963252, -35.67162998164247512, 0.000000000000000000 ) ) ;
#2234 = PLANE ( 'NONE',  #668 ) ;
#2235 = VERTEX_POINT ( 'NONE', #217 ) ;
#2236 = DIRECTION ( 'NONE',  ( 1.000000000000000000, 0.000000000000000000, 0.000000000000000000 ) ) ;
#2237 = CARTESIAN_POINT ( 'NONE',  ( 172.4441741012873592, -152.4858359136431432, 8.000000000000000000 ) ) ;
#2238 = VECTOR ( 'NONE', #587, 1000.000000000000000 ) ;
#2239 = ORIENTED_EDGE ( 'NONE', *, *, #873, .T. ) ;
#2240 = ORIENTED_EDGE ( 'NONE', *, *, #1946, .T. ) ;
#2241 = CIRCLE ( 'NONE', #249, 3.000000000000002665 ) ;
#2242 = DIRECTION ( 'NONE',  ( -1.000000000000000000, 0.000000000000000000, 0.000000000000000000 ) ) ;
#2243 = DIRECTION ( 'NONE',  ( 1.000000000000000000, 0.000000000000000000, 0.000000000000000000 ) ) ;
#2244 = ORIENTED_EDGE ( 'NONE', *, *, #470, .F. ) ;
#2245 = DIRECTION ( 'NONE',  ( -0.000000000000000000, -0.000000000000000000, -1.000000000000000000 ) ) ;
#2246 = ADVANCED_FACE ( 'NONE', ( #1298 ), #467, .F. ) ;
#2247 = EDGE_CURVE ( 'NONE', #1763, #707, #2654, .T. ) ;
#2248 = DIRECTION ( 'NONE',  ( -0.5000000000000006661, -0.8660254037844383745, 0.000000000000000000 ) ) ;
#2249 = ORIENTED_EDGE ( 'NONE', *, *, #88, .T. ) ;
#2250 = LINE ( 'NONE', #16, #384 ) ;
#2251 = CARTESIAN_POINT ( 'NONE',  ( -118.7707797079486767, -189.9858359134302646, 8.000000000000000000 ) ) ;
#2252 = VECTOR ( 'NONE', #2781, 999.9999999999998863 ) ;
#2253 = DIRECTION ( 'NONE',  ( 0.000000000000000000, 0.000000000000000000, 1.000000000000000000 ) ) ;
#2254 = CIRCLE ( 'NONE', #712, 5.000000000000031974 ) ;
#2255 = DIRECTION ( 'NONE',  ( 1.000000000000000000, 0.000000000000000000, 0.000000000000000000 ) ) ;
#2256 = ORIENTED_EDGE ( 'NONE', *, *, #1775, .T. ) ;
#2257 = PLANE ( 'NONE',  #2032 ) ;
#2258 = CARTESIAN_POINT ( 'NONE',  ( 82.39783115020328808, -33.52099488703108676, 8.000000000000000000 ) ) ;
#2259 = AXIS2_PLACEMENT_3D ( 'NONE', #3032, #586, #108 ) ;
#2260 = EDGE_CURVE ( 'NONE', #3225, #1900, #1875, .T. ) ;
#2261 = AXIS2_PLACEMENT_3D ( 'NONE', #135, #2606, #937 ) ;
#2262 = VERTEX_POINT ( 'NONE', #3526 ) ;
#2263 = ORIENTED_EDGE ( 'NONE', *, *, #544, .F. ) ;
#2264 = AXIS2_PLACEMENT_3D ( 'NONE', #346, #1142, #36 ) ;
#2265 = CARTESIAN_POINT ( 'NONE',  ( -147.9564609929623771, 65.02532450431492350, 8.000000000000000000 ) ) ;
#2266 = EDGE_CURVE ( 'NONE', #1160, #3120, #765, .T. ) ;
#2267 = ORIENTED_EDGE ( 'NONE', *, *, #134, .T. ) ;
#2268 = LINE ( 'NONE', #3347, #2880 ) ;
#2269 = LINE ( 'NONE', #916, #128 ) ;
#2270 = VERTEX_POINT ( 'NONE', #1553 ) ;
#2271 = CARTESIAN_POINT ( 'NONE',  ( -121.4339205790749077, 110.9637120469668474, 8.000000000000000000 ) ) ;
#2272 = CARTESIAN_POINT ( 'NONE',  ( -65.72569888017383732, -184.9858359134302361, 0.000000000000000000 ) ) ;
#2273 = CARTESIAN_POINT ( 'NONE',  ( -25.22569887978899672, -38.74227938382607306, 8.000000000000000000 ) ) ;
#2274 = FACE_BOUND ( 'NONE', #152, .T. ) ;
#2275 = EDGE_LOOP ( 'NONE', ( #1382, #2830, #2868, #2970 ) ) ;
#2276 = CARTESIAN_POINT ( 'NONE',  ( -37.55582589871461607, 196.2448336758284029, 8.000000000000000000 ) ) ;
#2277 = AXIS2_PLACEMENT_3D ( 'NONE', #3099, #369, #2019 ) ;
#2278 = CARTESIAN_POINT ( 'NONE',  ( -129.3342196569888927, 78.27999264898247134, 8.000000000000000000 ) ) ;
#2279 = EDGE_LOOP ( 'NONE', ( #2084, #122, #541, #525 ) ) ;
#2280 = ORIENTED_EDGE ( 'NONE', *, *, #1023, .T. ) ;
#2281 = CARTESIAN_POINT ( 'NONE',  ( -100.9949367660714472, 26.36507046657180098, 8.000000000000000000 ) ) ;
#2282 = EDGE_CURVE ( 'NONE', #3301, #3227, #1696, .T. ) ;
#2283 = EDGE_CURVE ( 'NONE', #3284, #3329, #3199, .T. ) ;
#2284 = EDGE_LOOP ( 'NONE', ( #2011, #2761, #2596, #907 ) ) ;
#2285 = EDGE_CURVE ( 'NONE', #68, #2262, #2597, .T. ) ;
#2286 = LINE ( 'NONE', #1196, #1512 ) ;
#2287 = PLANE ( 'NONE',  #2295 ) ;
#2288 = ORIENTED_EDGE ( 'NONE', *, *, #3053, .F. ) ;
#2289 =( GEOMETRIC_REPRESENTATION_CONTEXT ( 3 ) GLOBAL_UNCERTAINTY_ASSIGNED_CONTEXT ( ( #3293 ) ) GLOBAL_UNIT_ASSIGNED_CONTEXT ( ( #744, #1563, #695 ) ) REPRESENTATION_CONTEXT ( 'NONE', 'WORKASPACE' ) );
#2290 = CARTESIAN_POINT ( 'NONE',  ( -37.55582589871461607, 196.2448336758284029, 0.000000000000000000 ) ) ;
#2291 = DIRECTION ( 'NONE',  ( -0.5000000000000004441, -0.8660254037844383745, 0.000000000000000000 ) ) ;
#2292 = DIRECTION ( 'NONE',  ( -0.9992113643366351550, 0.03970704446971932977, 0.000000000000000000 ) ) ;
#2293 = EDGE_CURVE ( 'NONE', #2059, #811, #552, .T. ) ;
#2294 = CARTESIAN_POINT ( 'NONE',  ( -111.5156988801738009, -180.4858359134302646, 8.000000000000000000 ) ) ;
#2295 = AXIS2_PLACEMENT_3D ( 'NONE', #1999, #694, #2302 ) ;
#2296 = ORIENTED_EDGE ( 'NONE', *, *, #1952, .T. ) ;
#2297 = ORIENTED_EDGE ( 'NONE', *, *, #3414, .F. ) ;
#2298 = LINE ( 'NONE', #2310, #1801 ) ;
#2299 = VERTEX_POINT ( 'NONE', #1857 ) ;
#2300 = ORIENTED_EDGE ( 'NONE', *, *, #850, .T. ) ;
#2301 = LINE ( 'NONE', #2613, #121 ) ;
#2302 = DIRECTION ( 'NONE',  ( -2.312964634635740689E-15, -1.000000000000000000, 0.000000000000000000 ) ) ;
#2303 = DIRECTION ( 'NONE',  ( 0.4999999999999999445, 0.8660254037844387076, 0.000000000000000000 ) ) ;
#2304 = CARTESIAN_POINT ( 'NONE',  ( 87.59398357290992010, -30.52099488703112584, -59.00000000000000711 ) ) ;
#2305 = LINE ( 'NONE', #2842, #1858 ) ;
#2306 = DIRECTION ( 'NONE',  ( 0.5339929913879781775, 0.8454889030309733489, -0.000000000000000000 ) ) ;
#2307 = EDGE_CURVE ( 'NONE', #1555, #2611, #2030, .T. ) ;
#2308 = ORIENTED_EDGE ( 'NONE', *, *, #2459, .F. ) ;
#2309 = AXIS2_PLACEMENT_3D ( 'NONE', #1037, #2108, #807 ) ;
#2310 = CARTESIAN_POINT ( 'NONE',  ( -55.72569888017383732, -129.9858359136491117, 0.000000000000000000 ) ) ;
#2311 = ORIENTED_EDGE ( 'NONE', *, *, #2429, .F. ) ;
#2312 = VECTOR ( 'NONE', #672, 1000.000000000000000 ) ;
#2313 = VERTEX_POINT ( 'NONE', #1315 ) ;
#2314 = VECTOR ( 'NONE', #1701, 1000.000000000000000 ) ;
#2315 = CARTESIAN_POINT ( 'NONE',  ( -53.08148988191288709, -49.20329330367697906, 0.000000000000000000 ) ) ;
#2316 = CIRCLE ( 'NONE', #2774, 3.000000000000002665 ) ;
#2317 = PLANE ( 'NONE',  #2746 ) ;
#2318 = AXIS2_PLACEMENT_3D ( 'NONE', #40, #1166, #3358 ) ;
#2319 = ADVANCED_FACE ( 'NONE', ( #1569 ), #482, .F. ) ;
#2320 = ADVANCED_FACE ( 'NONE', ( #253 ), #2945, .F. ) ;
#2321 = ADVANCED_FACE ( 'NONE', ( #234 ), #2143, .F. ) ;
#2322 = LINE ( 'NONE', #3421, #1991 ) ;
#2323 = LINE ( 'NONE', #3163, #1860 ) ;
#2324 = DIRECTION ( 'NONE',  ( -1.000000000000000000, 0.000000000000000000, 0.000000000000000000 ) ) ;
#2325 = DIRECTION ( 'NONE',  ( -0.000000000000000000, -0.000000000000000000, 1.000000000000000000 ) ) ;
#2326 = ORIENTED_EDGE ( 'NONE', *, *, #1736, .T. ) ;
#2327 = CARTESIAN_POINT ( 'NONE',  ( 128.6728218977963252, -35.67162998164247512, 8.000000000000000000 ) ) ;
#2328 = VECTOR ( 'NONE', #1, 1000.000000000000000 ) ;
#2329 = VERTEX_POINT ( 'NONE', #2910 ) ;
#2330 = ORIENTED_EDGE ( 'NONE', *, *, #573, .T. ) ;
#2331 = LINE ( 'NONE', #972, #2852 ) ;
#2332 = CYLINDRICAL_SURFACE ( 'NONE', #1834, 5.000000000000614619 ) ;
#2333 = EDGE_CURVE ( 'NONE', #1541, #3494, #2161, .T. ) ;
#2334 = COORDINATED_UNIVERSAL_TIME_OFFSET ( 1, 0, .AHEAD. ) ;
#2335 = EDGE_LOOP ( 'NONE', ( #8, #1067 ) ) ;
#2336 = CIRCLE ( 'NONE', #3318, 5.000000000000004441 ) ;
#2337 = LINE ( 'NONE', #980, #3463 ) ;
#2338 = DIRECTION ( 'NONE',  ( -0.8851959475003204902, -0.4652183729486723540, 0.000000000000000000 ) ) ;
#2339 = CARTESIAN_POINT ( 'NONE',  ( 46.77430112021315978, -159.9858359136488843, 8.000000000000000000 ) ) ;
#2340 = CARTESIAN_POINT ( 'NONE',  ( -53.08148988191288709, -49.20329330367697906, -23.00000000000000355 ) ) ;
#2341 = ORIENTED_EDGE ( 'NONE', *, *, #2871, .T. ) ;
#2342 = AXIS2_PLACEMENT_3D ( 'NONE', #2444, #1124, #3080 ) ;
#2343 = CARTESIAN_POINT ( 'NONE',  ( 48.67464607720026493, -146.9254863691283219, 0.000000000000000000 ) ) ;
#2344 = CARTESIAN_POINT ( 'NONE',  ( 22.51353415389858981, 86.27710342024667511, 8.000000000000000000 ) ) ;
#2345 = VERTEX_POINT ( 'NONE', #802 ) ;
#2346 = ORIENTED_EDGE ( 'NONE', *, *, #2247, .T. ) ;
#2347 = CARTESIAN_POINT ( 'NONE',  ( 116.1728218977965241, -14.02099488703140118, -59.00000000000000711 ) ) ;
#2348 = DIRECTION ( 'NONE',  ( -1.000000000000000000, -2.287426547298449792E-16, 0.000000000000000000 ) ) ;
#2349 = EDGE_CURVE ( 'NONE', #917, #1803, #2979, .T. ) ;
#2350 = VECTOR ( 'NONE', #320, 999.9999999999998863 ) ;
#2351 = ORIENTED_EDGE ( 'NONE', *, *, #2282, .F. ) ;
#2352 = VERTEX_POINT ( 'NONE', #1369 ) ;
#2353 = DIRECTION ( 'NONE',  ( -0.000000000000000000, -0.000000000000000000, -1.000000000000000000 ) ) ;
#2354 = LINE ( 'NONE', #1263, #2941 ) ;
#2355 = CARTESIAN_POINT ( 'NONE',  ( 29.60098525684328763, 36.47093564974499458, 0.000000000000000000 ) ) ;
#2356 = ORIENTED_EDGE ( 'NONE', *, *, #1182, .T. ) ;
#2357 = DIRECTION ( 'NONE',  ( 2.312964634635740689E-15, 1.000000000000000000, 0.000000000000000000 ) ) ;
#2358 = DIRECTION ( 'NONE',  ( -1.000000000000000000, 0.000000000000000000, 0.000000000000000000 ) ) ;
#2359 = ORIENTED_EDGE ( 'NONE', *, *, #1811, .T. ) ;
#2360 = ADVANCED_FACE ( 'NONE', ( #1943 ), #292, .F. ) ;
#2361 = ORIENTED_EDGE ( 'NONE', *, *, #2692, .F. ) ;
#2362 = ADVANCED_FACE ( 'NONE', ( #1409 ), #819, .F. ) ;
#2363 = CYLINDRICAL_SURFACE ( 'NONE', #1596, 5.000000000000004441 ) ;
#2364 = CIRCLE ( 'NONE', #827, 3.000000000000002665 ) ;
#2365 = CARTESIAN_POINT ( 'NONE',  ( -102.8250637849936453, 33.19519748549397065, 8.000000000000000000 ) ) ;
#2366 = APPLICATION_PROTOCOL_DEFINITION ( 'international standard', 'config_control_design', 1994, #2903 ) ;
#2367 = VECTOR ( 'NONE', #3370, 1000.000000000000000 ) ;
#2368 = AXIS2_PLACEMENT_3D ( 'NONE', #431, #1031, #3198 ) ;
#2369 = AXIS2_PLACEMENT_3D ( 'NONE', #1188, #595, #2826 ) ;
#2370 = CIRCLE ( 'NONE', #3060, 3.000000000000002665 ) ;
#2371 = ORIENTED_EDGE ( 'NONE', *, *, #1841, .F. ) ;
#2372 = DIRECTION ( 'NONE',  ( -0.000000000000000000, -0.000000000000000000, -1.000000000000000000 ) ) ;
#2373 = CARTESIAN_POINT ( 'NONE',  ( -155.1806180518505869, -164.9858359136503054, 0.000000000000000000 ) ) ;
#2374 = CARTESIAN_POINT ( 'NONE',  ( -33.22569887979242509, 186.4492173093101712, 8.000000000000000000 ) ) ;
#2375 = EDGE_CURVE ( 'NONE', #2565, #2561, #3037, .T. ) ;
#2376 = ORIENTED_EDGE ( 'NONE', *, *, #2058, .F. ) ;
#2377 = DIRECTION ( 'NONE',  ( 1.000000000000000000, 0.000000000000000000, 0.000000000000000000 ) ) ;
#2378 = CARTESIAN_POINT ( 'NONE',  ( -122.1621802216133830, -188.6598531365683016, 0.000000000000000000 ) ) ;
#2379 = ORIENTED_EDGE ( 'NONE', *, *, #1164, .T. ) ;
#2380 = ORIENTED_EDGE ( 'NONE', *, *, #1851, .T. ) ;
#2381 = VERTEX_POINT ( 'NONE', #2213 ) ;
#2382 = LINE ( 'NONE', #546, #2512 ) ;
#2383 = CARTESIAN_POINT ( 'NONE',  ( 16.51353415389858625, 86.27710342024667511, 0.000000000000000000 ) ) ;
#2384 = PERSON_AND_ORGANIZATION ( #3418, #693 ) ;
#2385 = EDGE_CURVE ( 'NONE', #3, #1452, #2250, .T. ) ;
#2386 = EDGE_LOOP ( 'NONE', ( #2379, #3398, #2533, #3538 ) ) ;
#2387 = CARTESIAN_POINT ( 'NONE',  ( -52.21309818478390952, -26.77716692367690499, -23.00000000000000355 ) ) ;
#2388 = DIRECTION ( 'NONE',  ( 0.8660254037844388186, -0.4999999999999996669, 0.000000000000000000 ) ) ;
#2389 = PLANE ( 'NONE',  #1800 ) ;
#2390 = AXIS2_PLACEMENT_3D ( 'NONE', #1635, #3536, #2415 ) ;
#2391 = ORIENTED_EDGE ( 'NONE', *, *, #573, .F. ) ;
#2392 = CARTESIAN_POINT ( 'NONE',  ( -170.8652768703705078, -55.57845520262037553, 8.000000000000000000 ) ) ;
#2393 = EDGE_CURVE ( 'NONE', #3069, #3541, #3312, .T. ) ;
#2394 = DIRECTION ( 'NONE',  ( -0.000000000000000000, -0.000000000000000000, -1.000000000000000000 ) ) ;
#2395 = EDGE_CURVE ( 'NONE', #1828, #2515, #665, .T. ) ;
#2396 = ORIENTED_EDGE ( 'NONE', *, *, #2592, .T. ) ;
#2397 = ORIENTED_EDGE ( 'NONE', *, *, #1611, .F. ) ;
#2398 = VERTEX_POINT ( 'NONE', #2808 ) ;
#2399 = CARTESIAN_POINT ( 'NONE',  ( 128.6728218977963252, -35.67162998164247512, -59.00000000000000711 ) ) ;
#2400 = DIRECTION ( 'NONE',  ( 0.000000000000000000, 0.000000000000000000, 1.000000000000000000 ) ) ;
#2401 = PLANE ( 'NONE',  #396 ) ;
#2402 = ADVANCED_FACE ( 'NONE', ( #555 ), #855, .F. ) ;
#2403 = CIRCLE ( 'NONE', #1035, 3.000000000000002665 ) ;
#2404 = ORIENTED_EDGE ( 'NONE', *, *, #1463, .F. ) ;
#2405 = CARTESIAN_POINT ( 'NONE',  ( -14.23829957479208552, -50.70739184397518784, 8.000000000000000000 ) ) ;
#2406 = DIRECTION ( 'NONE',  ( -0.000000000000000000, -0.000000000000000000, -1.000000000000000000 ) ) ;
#2407 = LINE ( 'NONE', #3505, #2455 ) ;
#2408 = FACE_OUTER_BOUND ( 'NONE', #1616, .T. ) ;
#2409 = DIRECTION ( 'NONE',  ( -0.000000000000000000, -0.000000000000000000, -1.000000000000000000 ) ) ;
#2410 = EDGE_LOOP ( 'NONE', ( #1898, #2919, #48, #3262 ) ) ;
#2411 = CARTESIAN_POINT ( 'NONE',  ( 26.72079804829775540, 89.91445526059696647, 8.000000000000000000 ) ) ;
#2412 = ADVANCED_FACE ( 'NONE', ( #611 ), #55, .F. ) ;
#2413 = ORIENTED_EDGE ( 'NONE', *, *, #1271, .T. ) ;
#2414 = ORIENTED_EDGE ( 'NONE', *, *, #2964, .T. ) ;
#2415 = DIRECTION ( 'NONE',  ( 1.000000000000000000, 0.000000000000000000, 0.000000000000000000 ) ) ;
#2416 = DIRECTION ( 'NONE',  ( -0.000000000000000000, -0.000000000000000000, -1.000000000000000000 ) ) ;
#2417 = EDGE_LOOP ( 'NONE', ( #1343, #1774, #2130, #2933 ) ) ;
#2418 = VECTOR ( 'NONE', #1327, 1000.000000000000000 ) ;
#2419 = VECTOR ( 'NONE', #1575, 1000.000000000000000 ) ;
#2420 = CARTESIAN_POINT ( 'NONE',  ( -122.0303720796953968, 102.9306277435934049, 0.000000000000000000 ) ) ;
#2421 = AXIS2_PLACEMENT_3D ( 'NONE', #1189, #3149, #1470 ) ;
#2422 = ORIENTED_EDGE ( 'NONE', *, *, #124, .F. ) ;
#2423 = AXIS2_PLACEMENT_3D ( 'NONE', #1976, #1669, #1206 ) ;
#2424 = EDGE_CURVE ( 'NONE', #2554, #408, #2749, .T. ) ;
#2425 = ADVANCED_FACE ( 'NONE', ( #3057 ), #2461, .F. ) ;
#2426 = DIRECTION ( 'NONE',  ( -1.000000000000000000, 0.000000000000000000, 0.000000000000000000 ) ) ;
#2427 = VECTOR ( 'NONE', #882, 1000.000000000000000 ) ;
#2428 = DIRECTION ( 'NONE',  ( -0.5000000000000004441, 0.8660254037844384856, 0.000000000000000000 ) ) ;
#2429 = EDGE_CURVE ( 'NONE', #118, #1887, #1963, .T. ) ;
#2430 = DIRECTION ( 'NONE',  ( -1.000000000000000000, 0.000000000000000000, 0.000000000000000000 ) ) ;
#2431 = CARTESIAN_POINT ( 'NONE',  ( 137.0818877250694356, -81.23655923823309877, 8.000000000000000000 ) ) ;
#2432 = EDGE_LOOP ( 'NONE', ( #3378, #2657, #2187, #480 ) ) ;
#2433 = LINE ( 'NONE', #2448, #874 ) ;
#2434 = ORIENTED_EDGE ( 'NONE', *, *, #1266, .T. ) ;
#2435 = VERTEX_POINT ( 'NONE', #2765 ) ;
#2436 = LINE ( 'NONE', #1291, #2105 ) ;
#2437 = DIRECTION ( 'NONE',  ( 0.000000000000000000, 0.000000000000000000, 1.000000000000000000 ) ) ;
#2438 = ORIENTED_EDGE ( 'NONE', *, *, #2536, .F. ) ;
#2439 = CC_DESIGN_PERSON_AND_ORGANIZATION_ASSIGNMENT ( #2454, #2992, ( #2741 ) ) ;
#2440 = EDGE_CURVE ( 'NONE', #602, #917, #1515, .T. ) ;
#2441 = CARTESIAN_POINT ( 'NONE',  ( -118.5898855524994531, 113.2377596577770760, 8.000000000000000000 ) ) ;
#2442 = EDGE_LOOP ( 'NONE', ( #2106, #543, #2267, #2526 ) ) ;
#2443 = CARTESIAN_POINT ( 'NONE',  ( -178.9490749327655692, -48.65545749838689460, 0.000000000000000000 ) ) ;
#2444 = CARTESIAN_POINT ( 'NONE',  ( -118.7707797079486767, -189.9858359134302646, 8.000000000000000000 ) ) ;
#2445 = CARTESIAN_POINT ( 'NONE',  ( 34.59704207852223590, 36.27240042738326053, 8.000000000000000000 ) ) ;
#2446 = CYLINDRICAL_SURFACE ( 'NONE', #90, 4.999999999999976907 ) ;
#2447 = VERTEX_POINT ( 'NONE', #92 ) ;
#2448 = CARTESIAN_POINT ( 'NONE',  ( -28.95875660424897191, 159.3542728611863595, 0.000000000000000000 ) ) ;
#2449 = ORIENTED_EDGE ( 'NONE', *, *, #102, .T. ) ;
#2450 = CARTESIAN_POINT ( 'NONE',  ( -100.7553813321024876, 61.77999264898234344, -59.00000000000000711 ) ) ;
#2451 = ORIENTED_EDGE ( 'NONE', *, *, #792, .F. ) ;
#2452 = FACE_OUTER_BOUND ( 'NONE', #2222, .T. ) ;
#2453 = ORIENTED_EDGE ( 'NONE', *, *, #648, .F. ) ;
#2454 = PERSON_AND_ORGANIZATION ( #3418, #693 ) ;
#2455 = VECTOR ( 'NONE', #1052, 1000.000000000000000 ) ;
#2456 = LINE ( 'NONE', #1102, #1210 ) ;
#2457 = EDGE_CURVE ( 'NONE', #2101, #904, #1448, .T. ) ;
#2458 = CIRCLE ( 'NONE', #930, 3.000000000000002665 ) ;
#2459 = EDGE_CURVE ( 'NONE', #1127, #876, #329, .T. ) ;
#2460 = ORIENTED_EDGE ( 'NONE', *, *, #464, .F. ) ;
#2461 = PLANE ( 'NONE',  #1855 ) ;
#2462 = CARTESIAN_POINT ( 'NONE',  ( -86.51569888017381516, -186.4858359134302646, -59.00000000000000711 ) ) ;
#2463 = DIRECTION ( 'NONE',  ( 0.03970704446971932977, 0.9992113643366351550, 0.000000000000000000 ) ) ;
#2464 = FACE_BOUND ( 'NONE', #1619, .T. ) ;
#2465 = ORIENTED_EDGE ( 'NONE', *, *, #1443, .F. ) ;
#2466 = CARTESIAN_POINT ( 'NONE',  ( 114.0050632336408682, 8.733673257736285223, 0.000000000000000000 ) ) ;
#2467 = CARTESIAN_POINT ( 'NONE',  ( -60.72569888017383022, -134.9858359136491401, 8.000000000000000000 ) ) ;
#2468 = ORIENTED_EDGE ( 'NONE', *, *, #2537, .T. ) ;
#2469 = ADVANCED_FACE ( 'NONE', ( #2498 ), #630, .T. ) ;
#2470 = CARTESIAN_POINT ( 'NONE',  ( 164.7958579727627466, -151.3380277303767230, 0.000000000000000000 ) ) ;
#2471 = VERTEX_POINT ( 'NONE', #1428 ) ;
#2472 = EDGE_CURVE ( 'NONE', #2270, #3525, #1123, .T. ) ;
#2473 = CARTESIAN_POINT ( 'NONE',  ( -25.22569887978897540, -38.74227938382606595, 0.000000000000000000 ) ) ;
#2474 = LINE ( 'NONE', #1407, #130 ) ;
#2475 = ORIENTED_EDGE ( 'NONE', *, *, #1759, .T. ) ;
#2476 = DIRECTION ( 'NONE',  ( -0.000000000000000000, -0.000000000000000000, -1.000000000000000000 ) ) ;
#2477 = CIRCLE ( 'NONE', #1510, 5.000000000000614619 ) ;
#2478 = DIRECTION ( 'NONE',  ( 1.000000000000000000, 0.000000000000000000, 0.000000000000000000 ) ) ;
#2479 = VECTOR ( 'NONE', #453, 1000.000000000000000 ) ;
#2480 = CARTESIAN_POINT ( 'NONE',  ( 29.60098525684328763, 36.47093564974499458, 8.000000000000000000 ) ) ;
#2481 = FACE_BOUND ( 'NONE', #282, .T. ) ;
#2482 = ORIENTED_EDGE ( 'NONE', *, *, #1086, .T. ) ;
#2483 = AXIS2_PLACEMENT_3D ( 'NONE', #2021, #389, #2558 ) ;
#2484 = VECTOR ( 'NONE', #700, 1000.000000000000114 ) ;
#2485 = DIRECTION ( 'NONE',  ( -0.4999999999999925060, 0.8660254037844430375, 0.000000000000000000 ) ) ;
#2486 = EDGE_CURVE ( 'NONE', #3494, #3475, #3097, .T. ) ;
#2487 = DIRECTION ( 'NONE',  ( -1.000000000000000000, 0.000000000000000000, 0.000000000000000000 ) ) ;
#2488 = ORIENTED_EDGE ( 'NONE', *, *, #1502, .T. ) ;
#2489 = VERTEX_POINT ( 'NONE', #918 ) ;
#2490 = CARTESIAN_POINT ( 'NONE',  ( -5.747205805700247971, -84.41155570125057750, 0.000000000000000000 ) ) ;
#2491 = CARTESIAN_POINT ( 'NONE',  ( 137.0818877250694356, -81.23655923823309877, 8.000000000000000000 ) ) ;
#2492 = ORIENTED_EDGE ( 'NONE', *, *, #1885, .T. ) ;
#2493 = CYLINDRICAL_SURFACE ( 'NONE', #382, 5.000000000000031974 ) ;
#2494 = DIRECTION ( 'NONE',  ( 0.5000000000000001110, 0.8660254037844385966, -0.000000000000000000 ) ) ;
#2495 = CC_DESIGN_PERSON_AND_ORGANIZATION_ASSIGNMENT ( #2384, #214, ( #1423 ) ) ;
#2496 = EDGE_LOOP ( 'NONE', ( #2887, #2562, #1866, #1303, #1636, #440, #3088, #1322, #1890, #341, #2778, #2932, #629, #185, #979, #1714, #1921, #1592, #2718, #202, #2341, #3397, #2548, #2793, #2721, #2822, #3187, #2065, #1328, #676, #3264, #1009, #3056, #1305, #2645, #1724, #2800, #3308, #846, #2593, #272, #215, #1840, #2672, #1434 ) ) ;
#2497 = CIRCLE ( 'NONE', #2609, 3.000000000000002665 ) ;
#2498 = FACE_OUTER_BOUND ( 'NONE', #2589, .T. ) ;
#2499 = DIRECTION ( 'NONE',  ( -0.000000000000000000, -0.000000000000000000, -1.000000000000000000 ) ) ;
#2500 = CARTESIAN_POINT ( 'NONE',  ( 107.1749362148916589, 10.56380027665532673, 8.000000000000000000 ) ) ;
#2501 = FACE_BOUND ( 'NONE', #2156, .T. ) ;
#2502 = EDGE_LOOP ( 'NONE', ( #828, #123, #1776, #1687 ) ) ;
#2503 = LINE ( 'NONE', #403, #33 ) ;
#2504 = DIRECTION ( 'NONE',  ( -0.000000000000000000, -0.000000000000000000, -1.000000000000000000 ) ) ;
#2505 = ORIENTED_EDGE ( 'NONE', *, *, #3286, .F. ) ;
#2506 = EDGE_CURVE ( 'NONE', #2796, #1867, #3174, .T. ) ;
#2507 = ORIENTED_EDGE ( 'NONE', *, *, #2506, .F. ) ;
#2508 = ADVANCED_FACE ( 'NONE', ( #3322 ), #2563, .F. ) ;
#2509 = CARTESIAN_POINT ( 'NONE',  ( 57.04353900683022260, -12.60607270437632721, 0.000000000000000000 ) ) ;
#2510 = CARTESIAN_POINT ( 'NONE',  ( 31.71685486998249104, 89.71592003823424477, 8.000000000000000000 ) ) ;
#2511 = ORIENTED_EDGE ( 'NONE', *, *, #1213, .F. ) ;
#2512 = VECTOR ( 'NONE', #758, 1000.000000000000114 ) ;
#2513 = CARTESIAN_POINT ( 'NONE',  ( -176.9450397785867324, -46.72947776088530958, 8.000000000000000000 ) ) ;
#2514 = DIRECTION ( 'NONE',  ( 0.000000000000000000, 0.000000000000000000, 1.000000000000000000 ) ) ;
#2515 = VERTEX_POINT ( 'NONE', #3070 ) ;
#2516 = DIRECTION ( 'NONE',  ( 1.000000000000000000, 0.000000000000000000, 0.000000000000000000 ) ) ;
#2517 = EDGE_CURVE ( 'NONE', #1634, #1555, #3090, .T. ) ;
#2518 = MANIFOLD_SOLID_BREP ( 'Enlèv. mat.-Extru.3', #3010 ) ;
#2519 = DIRECTION ( 'NONE',  ( -0.4999999999999998890, -0.8660254037844385966, 0.000000000000000000 ) ) ;
#2520 = DIRECTION ( 'NONE',  ( -0.9754985012021900603, 0.2200060775348740560, 0.000000000000000000 ) ) ;
#2521 = PLANE ( 'NONE',  #2318 ) ;
#2522 = ORIENTED_EDGE ( 'NONE', *, *, #2157, .F. ) ;
#2523 = CARTESIAN_POINT ( 'NONE',  ( 132.2043952190441019, -80.13652885062265341, 0.000000000000000000 ) ) ;
#2524 = LINE ( 'NONE', #2814, #2708 ) ;
#2525 = ORIENTED_EDGE ( 'NONE', *, *, #259, .F. ) ;
#2526 = ORIENTED_EDGE ( 'NONE', *, *, #1389, .F. ) ;
#2527 = AXIS2_PLACEMENT_3D ( 'NONE', #1136, #2990, #2706 ) ;
#2528 = LINE ( 'NONE', #2490, #488 ) ;
#2529 = CARTESIAN_POINT ( 'NONE',  ( 48.67464607720026493, -146.9254863691283219, 8.000000000000000000 ) ) ;
#2530 = EDGE_LOOP ( 'NONE', ( #2684, #3394, #1108, #624 ) ) ;
#2531 = DIRECTION ( 'NONE',  ( 1.000000000000000000, 0.000000000000000000, 0.000000000000000000 ) ) ;
#2532 = CARTESIAN_POINT ( 'NONE',  ( 140.5276036475652859, -37.20471428497963018, 0.000000000000000000 ) ) ;
#2533 = ORIENTED_EDGE ( 'NONE', *, *, #2790, .F. ) ;
#2534 = CARTESIAN_POINT ( 'NONE',  ( -100.9949367660714472, 26.36507046657180098, 8.000000000000000000 ) ) ;
#2535 = MECHANICAL_CONTEXT ( 'NONE', #1080, 'mechanical' ) ;
#2536 = EDGE_CURVE ( 'NONE', #3454, #1541, #2550, .T. ) ;
#2537 = EDGE_CURVE ( 'NONE', #3282, #789, #66, .T. ) ;
#2538 = DIRECTION ( 'NONE',  ( -0.5000000000000001110, -0.8660254037844385966, 0.000000000000000000 ) ) ;
#2539 = VECTOR ( 'NONE', #754, 1000.000000000000000 ) ;
#2540 = CARTESIAN_POINT ( 'NONE',  ( 132.7517607062221145, -83.73655923836275861, 8.000000000000000000 ) ) ;
#2541 = ORIENTED_EDGE ( 'NONE', *, *, #2819, .T. ) ;
#2542 = CARTESIAN_POINT ( 'NONE',  ( -134.5303720796954963, 81.27999264898247134, 8.000000000000000000 ) ) ;
#2543 = CARTESIAN_POINT ( 'NONE',  ( -65.72569888017383732, -184.9858359134302361, 8.000000000000000000 ) ) ;
#2544 = EDGE_CURVE ( 'NONE', #721, #2471, #394, .T. ) ;
#2545 = CIRCLE ( 'NONE', #1971, 3.000000000000002665 ) ;
#2546 = AXIS2_PLACEMENT_3D ( 'NONE', #1487, #3102, #3392 ) ;
#2547 = ORIENTED_EDGE ( 'NONE', *, *, #1011, .F. ) ;
#2548 = ORIENTED_EDGE ( 'NONE', *, *, #3034, .T. ) ;
#2549 = AXIS2_PLACEMENT_3D ( 'NONE', #1342, #241, #4 ) ;
#2550 = LINE ( 'NONE', #3344, #3521 ) ;
#2551 = EDGE_LOOP ( 'NONE', ( #1640, #1379, #1045, #280 ) ) ;
#2552 = CARTESIAN_POINT ( 'NONE',  ( -16.36990787766326605, -28.28126546397511021, -23.00000000000000355 ) ) ;
#2553 = DIRECTION ( 'NONE',  ( 0.4999999999999920064, -0.8660254037844432595, 0.000000000000000000 ) ) ;
#2554 = VERTEX_POINT ( 'NONE', #46 ) ;
#2555 = EDGE_CURVE ( 'NONE', #3160, #899, #2370, .T. ) ;
#2556 = LINE ( 'NONE', #2791, #1816 ) ;
#2557 = CARTESIAN_POINT ( 'NONE',  ( -178.9490749327655692, -48.65545749838689460, 8.000000000000000000 ) ) ;
#2558 = DIRECTION ( 'NONE',  ( 0.8660254037844375974, -0.5000000000000019984, 0.000000000000000000 ) ) ;
#2559 = AXIS2_PLACEMENT_3D ( 'NONE', #3436, #1246, #2620 ) ;
#2560 = LINE ( 'NONE', #404, #432 ) ;
#2561 = VERTEX_POINT ( 'NONE', #119 ) ;
#2562 = ORIENTED_EDGE ( 'NONE', *, *, #2211, .T. ) ;
#2563 = PLANE ( 'NONE',  #2713 ) ;
#2564 = VERTEX_POINT ( 'NONE', #888 ) ;
#2565 = VERTEX_POINT ( 'NONE', #909 ) ;
#2566 = CARTESIAN_POINT ( 'NONE',  ( 121.3689743205031846, -11.02099488703144026, -59.00000000000000711 ) ) ;
#2567 = DIRECTION ( 'NONE',  ( -0.4999999999999997224, 0.8660254037844387076, 0.000000000000000000 ) ) ;
#2568 = AXIS2_PLACEMENT_3D ( 'NONE', #190, #992, #692 ) ;
#2569 = DIRECTION ( 'NONE',  ( -0.2200060775348740560, -0.9754985012021900603, 0.000000000000000000 ) ) ;
#2570 = CARTESIAN_POINT ( 'NONE',  ( 158.7958579727627466, -151.3380277303767230, 8.000000000000000000 ) ) ;
#2571 = CARTESIAN_POINT ( 'NONE',  ( -146.1263339740401648, 58.19519748539271120, 0.000000000000000000 ) ) ;
#2572 = CARTESIAN_POINT ( 'NONE',  ( -151.7892175381861364, -161.3118186905114158, 8.000000000000000000 ) ) ;
#2573 = VECTOR ( 'NONE', #1013, 1000.000000000000000 ) ;
#2574 = ORIENTED_EDGE ( 'NONE', *, *, #2395, .F. ) ;
#2575 = DIRECTION ( 'NONE',  ( 1.000000000000000000, -5.182799681978658181E-16, 0.000000000000000000 ) ) ;
#2576 = ORIENTED_EDGE ( 'NONE', *, *, #2333, .F. ) ;
#2577 = VECTOR ( 'NONE', #1639, 999.9999999999998863 ) ;
#2578 = ORIENTED_EDGE ( 'NONE', *, *, #3153, .T. ) ;
#2579 = EDGE_CURVE ( 'NONE', #3316, #3105, #599, .T. ) ;
#2580 = EDGE_CURVE ( 'NONE', #504, #3219, #866, .T. ) ;
#2581 = CARTESIAN_POINT ( 'NONE',  ( -33.22569887979242509, 193.7448336758284029, 0.000000000000000000 ) ) ;
#2582 = CARTESIAN_POINT ( 'NONE',  ( -170.8652768703705078, -55.57845520262037553, 8.000000000000000000 ) ) ;
#2583 = ADVANCED_FACE ( 'NONE', ( #3048 ), #1690, .F. ) ;
#2584 = DIRECTION ( 'NONE',  ( 1.000000000000000000, 0.000000000000000000, 0.000000000000000000 ) ) ;
#2585 = CARTESIAN_POINT ( 'NONE',  ( -111.5156988801738294, -141.4858359134302930, 8.000000000000000000 ) ) ;
#2586 = CARTESIAN_POINT ( 'NONE',  ( 121.3689743205031846, -11.02099488703144026, 8.000000000000000000 ) ) ;
#2587 = DIRECTION ( 'NONE',  ( -0.000000000000000000, -0.000000000000000000, 1.000000000000000000 ) ) ;
#2588 = VECTOR ( 'NONE', #3450, 1000.000000000000000 ) ;
#2589 = EDGE_LOOP ( 'NONE', ( #44, #3135, #3006, #2695 ) ) ;
#2590 = AXIS2_PLACEMENT_3D ( 'NONE', #2717, #279, #1356 ) ;
#2591 = CARTESIAN_POINT ( 'NONE',  ( -111.5156988801738294, -141.4858359134302930, -59.00000000000000711 ) ) ;
#2592 = EDGE_CURVE ( 'NONE', #3304, #588, #2012, .T. ) ;
#2593 = ORIENTED_EDGE ( 'NONE', *, *, #717, .T. ) ;
#2594 = VECTOR ( 'NONE', #748, 1000.000000000000000 ) ;
#2595 = VECTOR ( 'NONE', #2946, 1000.000000000000000 ) ;
#2596 = ORIENTED_EDGE ( 'NONE', *, *, #1493, .F. ) ;
#2597 = CIRCLE ( 'NONE', #1975, 5.000000000000004441 ) ;
#2598 = CARTESIAN_POINT ( 'NONE',  ( -117.1037935601527096, -31.81407615355054475, 0.000000000000000000 ) ) ;
#2599 = CIRCLE ( 'NONE', #1403, 4.999999999999990230 ) ;
#2600 = FACE_OUTER_BOUND ( 'NONE', #445, .T. ) ;
#2601 = CIRCLE ( 'NONE', #1064, 5.000000000000614619 ) ;
#2602 = VERTEX_POINT ( 'NONE', #1135 ) ;
#2603 = DIRECTION ( 'NONE',  ( 0.8660254037844434816, 0.4999999999999916178, 0.000000000000000000 ) ) ;
#2604 = DIRECTION ( 'NONE',  ( -0.000000000000000000, -0.000000000000000000, -1.000000000000000000 ) ) ;
#2605 = CARTESIAN_POINT ( 'NONE',  ( -53.08148988191288709, -49.20329330367697906, 8.000000000000000000 ) ) ;
#2606 = DIRECTION ( 'NONE',  ( 0.000000000000000000, 0.000000000000000000, 1.000000000000000000 ) ) ;
#2607 = ORIENTED_EDGE ( 'NONE', *, *, #2956, .T. ) ;
#2608 = LINE ( 'NONE', #171, #2419 ) ;
#2609 = AXIS2_PLACEMENT_3D ( 'NONE', #255, #278, #859 ) ;
#2610 = EDGE_LOOP ( 'NONE', ( #2931, #1654, #2239, #212 ) ) ;
#2611 = VERTEX_POINT ( 'NONE', #1730 ) ;
#2612 = EDGE_CURVE ( 'NONE', #2666, #1326, #3118, .T. ) ;
#2613 = CARTESIAN_POINT ( 'NONE',  ( -80.09227432033269167, 125.2215093897768270, 8.000000000000000000 ) ) ;
#2614 = DIRECTION ( 'NONE',  ( 1.000000000000000000, 0.000000000000000000, 0.000000000000000000 ) ) ;
#2615 = DIRECTION ( 'NONE',  ( -1.000000000000000000, 0.000000000000000000, 0.000000000000000000 ) ) ;
#2616 = ORIENTED_EDGE ( 'NONE', *, *, #760, .F. ) ;
#2617 = VECTOR ( 'NONE', #3157, 1000.000000000000000 ) ;
#2618 = ORIENTED_EDGE ( 'NONE', *, *, #479, .F. ) ;
#2619 = EDGE_CURVE ( 'NONE', #1326, #490, #622, .T. ) ;
#2620 = DIRECTION ( 'NONE',  ( 1.000000000000000000, 0.000000000000000000, 0.000000000000000000 ) ) ;
#2621 = DIRECTION ( 'NONE',  ( 1.000000000000000000, 0.000000000000000000, 0.000000000000000000 ) ) ;
#2622 = LINE ( 'NONE', #169, #1337 ) ;
#2623 = ORIENTED_EDGE ( 'NONE', *, *, #2457, .T. ) ;
#2624 = EDGE_CURVE ( 'NONE', #657, #2067, #3306, .T. ) ;
#2625 = VECTOR ( 'NONE', #2499, 1000.000000000000000 ) ;
#2626 = DIRECTION ( 'NONE',  ( -0.000000000000000000, -0.000000000000000000, -1.000000000000000000 ) ) ;
#2627 = LINE ( 'NONE', #674, #1625 ) ;
#2628 = ORIENTED_EDGE ( 'NONE', *, *, #2168, .F. ) ;
#2629 = CIRCLE ( 'NONE', #1372, 5.000000000000614619 ) ;
#2630 = EDGE_LOOP ( 'NONE', ( #1989, #2525, #2779, #861 ) ) ;
#2631 = DIRECTION ( 'NONE',  ( -0.000000000000000000, -0.000000000000000000, 1.000000000000000000 ) ) ;
#2632 = CARTESIAN_POINT ( 'NONE',  ( -83.05922890939577030, 80.43062774359324862, -59.00000000000000711 ) ) ;
#2633 = EDGE_LOOP ( 'NONE', ( #2153, #1845, #2076, #1344 ) ) ;
#2634 = ORIENTED_EDGE ( 'NONE', *, *, #1143, .T. ) ;
#2635 = CARTESIAN_POINT ( 'NONE',  ( 161.7958579727627466, -151.3380277303767230, 8.000000000000000000 ) ) ;
#2636 = DIRECTION ( 'NONE',  ( 1.000000000000000000, 0.000000000000000000, 0.000000000000000000 ) ) ;
#2637 = FACE_OUTER_BOUND ( 'NONE', #1386, .T. ) ;
#2638 = ADVANCED_FACE ( 'NONE', ( #358 ), #317, .F. ) ;
#2639 = EDGE_CURVE ( 'NONE', #422, #3254, #2528, .T. ) ;
#2640 = EDGE_LOOP ( 'NONE', ( #1968, #813, #3377, #2110 ) ) ;
#2641 = LINE ( 'NONE', #1590, #786 ) ;
#2642 = CARTESIAN_POINT ( 'NONE',  ( 51.67464607720026493, -146.9254863691283219, 8.000000000000000000 ) ) ;
#2643 = VERTEX_POINT ( 'NONE', #84 ) ;
#2644 = EDGE_CURVE ( 'NONE', #3277, #2085, #1173, .T. ) ;
#2645 = ORIENTED_EDGE ( 'NONE', *, *, #56, .T. ) ;
#2646 = ORIENTED_EDGE ( 'NONE', *, *, #1904, .F. ) ;
#2647 = CARTESIAN_POINT ( 'NONE',  ( -29.22569887978897185, -31.81407615355055896, -2.000000000000000000 ) ) ;
#2648 = VECTOR ( 'NONE', #1130, 999.9999999999998863 ) ;
#2649 = DIRECTION ( 'NONE',  ( -1.000000000000000000, 0.000000000000000000, 0.000000000000000000 ) ) ;
#2650 = CARTESIAN_POINT ( 'NONE',  ( 172.4441741012873308, -152.4858359136431716, 8.000000000000000000 ) ) ;
#2651 = AXIS2_PLACEMENT_3D ( 'NONE', #2817, #1439, #1400 ) ;
#2652 = AXIS2_PLACEMENT_3D ( 'NONE', #1518, #2890, #1017 ) ;
#2653 = CIRCLE ( 'NONE', #775, 3.000000000000002665 ) ;
#2654 = CIRCLE ( 'NONE', #2775, 3.000000000000002665 ) ;
#2655 = ADVANCED_FACE ( 'NONE', ( #420 ), #2846, .F. ) ;
#2656 = EDGE_CURVE ( 'NONE', #995, #1061, #2040, .T. ) ;
#2657 = ORIENTED_EDGE ( 'NONE', *, *, #1426, .T. ) ;
#2658 = DIRECTION ( 'NONE',  ( 0.4999999999999916178, -0.8660254037844434816, 0.000000000000000000 ) ) ;
#2659 = DIRECTION ( 'NONE',  ( -1.000000000000000000, 0.000000000000000000, 0.000000000000000000 ) ) ;
#2660 = CARTESIAN_POINT ( 'NONE',  ( 46.77430112021315978, -159.9858359136488843, 0.000000000000000000 ) ) ;
#2661 = EDGE_LOOP ( 'NONE', ( #1871, #3173 ) ) ;
#2662 = DIRECTION ( 'NONE',  ( -0.5000000000000042188, -0.8660254037844361541, 0.000000000000000000 ) ) ;
#2663 = DIRECTION ( 'NONE',  ( -1.000000000000000000, 0.000000000000000000, 0.000000000000000000 ) ) ;
#2664 = ORIENTED_EDGE ( 'NONE', *, *, #3053, .T. ) ;
#2665 = ORIENTED_EDGE ( 'NONE', *, *, #2099, .T. ) ;
#2666 = VERTEX_POINT ( 'NONE', #2344 ) ;
#2667 = AXIS2_PLACEMENT_3D ( 'NONE', #951, #2810, #2584 ) ;
#2668 = LINE ( 'NONE', #3498, #2801 ) ;
#2669 = CARTESIAN_POINT ( 'NONE',  ( -122.1621802216133830, -188.6598531365683016, 8.000000000000000000 ) ) ;
#2670 = APPROVAL_STATUS ( 'not_yet_approved' ) ;
#2671 = FACE_BOUND ( 'NONE', #1826, .T. ) ;
#2672 = ORIENTED_EDGE ( 'NONE', *, *, #1798, .T. ) ;
#2673 = EDGE_CURVE ( 'NONE', #1900, #1630, #2298, .T. ) ;
#2674 = DIRECTION ( 'NONE',  ( 1.000000000000000000, 0.000000000000000000, 0.000000000000000000 ) ) ;
#2675 = CARTESIAN_POINT ( 'NONE',  ( 48.67464607720026493, -146.9254863691283219, 8.000000000000000000 ) ) ;
#2676 = LINE ( 'NONE', #1876, #858 ) ;
#2677 = VECTOR ( 'NONE', #1241, 1000.000000000000000 ) ;
#2678 = DIRECTION ( 'NONE',  ( 0.000000000000000000, 0.000000000000000000, 1.000000000000000000 ) ) ;
#2679 = DIRECTION ( 'NONE',  ( -0.8660254037844387076, -0.4999999999999999445, 0.000000000000000000 ) ) ;
#2680 = ORIENTED_EDGE ( 'NONE', *, *, #1143, .F. ) ;
#2681 = DIRECTION ( 'NONE',  ( -0.000000000000000000, -0.000000000000000000, 1.000000000000000000 ) ) ;
#2682 = VERTEX_POINT ( 'NONE', #3169 ) ;
#2683 = CIRCLE ( 'NONE', #1544, 3.000000000000002665 ) ;
#2684 = ORIENTED_EDGE ( 'NONE', *, *, #2639, .T. ) ;
#2685 = CARTESIAN_POINT ( 'NONE',  ( -35.35730718265931216, -16.31615300382608069, 0.000000000000000000 ) ) ;
#2686 = ORIENTED_EDGE ( 'NONE', *, *, #385, .T. ) ;
#2687 = LINE ( 'NONE', #1848, #1091 ) ;
#2688 = EDGE_LOOP ( 'NONE', ( #1729, #1710, #955, #701 ) ) ;
#2689 = EDGE_CURVE ( 'NONE', #849, #3425, #3395, .T. ) ;
#2690 = ADVANCED_FACE ( 'NONE', ( #1269 ), #3444, .F. ) ;
#2691 = FACE_BOUND ( 'NONE', #173, .T. ) ;
#2692 = EDGE_CURVE ( 'NONE', #408, #721, #96, .T. ) ;
#2693 = VECTOR ( 'NONE', #1424, 1000.000000000000000 ) ;
#2694 = CIRCLE ( 'NONE', #3156, 4.999999999996007638 ) ;
#2695 = ORIENTED_EDGE ( 'NONE', *, *, #3072, .T. ) ;
#2696 = DIRECTION ( 'NONE',  ( -0.000000000000000000, -0.000000000000000000, -1.000000000000000000 ) ) ;
#2697 = DIRECTION ( 'NONE',  ( 0.5000000000000038858, 0.8660254037844363761, 0.000000000000000000 ) ) ;
#2698 = LINE ( 'NONE', #3492, #948 ) ;
#2699 = DIRECTION ( 'NONE',  ( 0.000000000000000000, 0.000000000000000000, 1.000000000000000000 ) ) ;
#2700 = ORIENTED_EDGE ( 'NONE', *, *, #1728, .F. ) ;
#2701 = DIRECTION ( 'NONE',  ( -1.000000000000000000, 0.000000000000000000, 0.000000000000000000 ) ) ;
#2702 = EDGE_LOOP ( 'NONE', ( #1531, #1456, #2434, #1668 ) ) ;
#2703 = ORIENTED_EDGE ( 'NONE', *, *, #2052, .F. ) ;
#2704 = EDGE_CURVE ( 'NONE', #2270, #3478, #1228, .T. ) ;
#2705 = LINE ( 'NONE', #1345, #3257 ) ;
#2706 = DIRECTION ( 'NONE',  ( -1.000000000000000000, 0.000000000000000000, 0.000000000000000000 ) ) ;
#2707 = ORIENTED_EDGE ( 'NONE', *, *, #1134, .F. ) ;
#2708 = VECTOR ( 'NONE', #845, 1000.000000000000000 ) ;
#2709 = CARTESIAN_POINT ( 'NONE',  ( 29.60098525684358606, 36.47093564974498037, 0.000000000000000000 ) ) ;
#2710 = VECTOR ( 'NONE', #2102, 1000.000000000000000 ) ;
#2711 = VECTOR ( 'NONE', #2587, 1000.000000000000000 ) ;
#2712 = ORIENTED_EDGE ( 'NONE', *, *, #355, .T. ) ;
#2713 = AXIS2_PLACEMENT_3D ( 'NONE', #927, #3364, #376 ) ;
#2714 = DIRECTION ( 'NONE',  ( 0.4999999999999996669, 0.8660254037844388186, 0.000000000000000000 ) ) ;
#2715 = DIRECTION ( 'NONE',  ( 0.000000000000000000, 0.000000000000000000, 1.000000000000000000 ) ) ;
#2716 = DIRECTION ( 'NONE',  ( -1.000000000000000000, 0.000000000000000000, 0.000000000000000000 ) ) ;
#2717 = CARTESIAN_POINT ( 'NONE',  ( 48.67464607720026493, -146.9254863691283219, 0.000000000000000000 ) ) ;
#2718 = ORIENTED_EDGE ( 'NONE', *, *, #3033, .T. ) ;
#2719 = CARTESIAN_POINT ( 'NONE',  ( -100.9949367660714472, 26.36507046657180808, 8.000000000000000000 ) ) ;
#2720 = ORIENTED_EDGE ( 'NONE', *, *, #1245, .T. ) ;
#2721 = ORIENTED_EDGE ( 'NONE', *, *, #9, .T. ) ;
#2722 = CIRCLE ( 'NONE', #1926, 3.000000000000002665 ) ;
#2723 = DIRECTION ( 'NONE',  ( 0.4999999999999922284, -0.8660254037844431485, 0.000000000000000000 ) ) ;
#2724 = CYLINDRICAL_SURFACE ( 'NONE', #76, 4.999999999999976907 ) ;
#2725 = ADVANCED_FACE ( 'NONE', ( #1825 ), #738, .F. ) ;
#2726 = ORIENTED_EDGE ( 'NONE', *, *, #3086, .T. ) ;
#2727 = COORDINATED_UNIVERSAL_TIME_OFFSET ( 1, 0, .AHEAD. ) ;
#2728 = AXIS2_PLACEMENT_3D ( 'NONE', #3146, #2520, #2569 ) ;
#2729 = DIRECTION ( 'NONE',  ( -0.000000000000000000, -0.000000000000000000, -1.000000000000000000 ) ) ;
#2730 = VERTEX_POINT ( 'NONE', #1219 ) ;
#2731 = DIRECTION ( 'NONE',  ( 0.8660254037844385966, -0.5000000000000003331, 0.000000000000000000 ) ) ;
#2732 = CARTESIAN_POINT ( 'NONE',  ( 168.1140470823681881, -154.9858359136486854, 8.000000000000000000 ) ) ;
#2733 = ADVANCED_FACE ( 'NONE', ( #1773 ), #2024, .F. ) ;
#2734 = DIRECTION ( 'NONE',  ( -0.8660254037844358210, 0.5000000000000049960, 0.000000000000000000 ) ) ;
#2735 = FACE_OUTER_BOUND ( 'NONE', #3042, .T. ) ;
#2736 = EDGE_LOOP ( 'NONE', ( #1705, #1700, #2618, #1198 ) ) ;
#2737 = LINE ( 'NONE', #1109, #1320 ) ;
#2738 = CARTESIAN_POINT ( 'NONE',  ( -120.7313339740396003, 102.1806277436054415, 0.000000000000000000 ) ) ;
#2739 = EDGE_CURVE ( 'NONE', #1994, #3462, #1809, .T. ) ;
#2740 = ORIENTED_EDGE ( 'NONE', *, *, #1389, .T. ) ;
#2741 = SECURITY_CLASSIFICATION ( '', '', #1849 ) ;
#2742 = CARTESIAN_POINT ( 'NONE',  ( 116.1728218977965241, -14.02099488703140118, 8.000000000000000000 ) ) ;
#2743 = ORIENTED_EDGE ( 'NONE', *, *, #1377, .T. ) ;
#2744 = CARTESIAN_POINT ( 'NONE',  ( -118.7707797079486767, -184.9858359134302361, 8.000000000000000000 ) ) ;
#2745 = LINE ( 'NONE', #1139, #699 ) ;
#2746 = AXIS2_PLACEMENT_3D ( 'NONE', #2015, #1797, #1751 ) ;
#2747 = ORIENTED_EDGE ( 'NONE', *, *, #251, .T. ) ;
#2748 = EDGE_CURVE ( 'NONE', #1538, #1788, #2627, .T. ) ;
#2749 = LINE ( 'NONE', #3297, #1004 ) ;
#2750 = CARTESIAN_POINT ( 'NONE',  ( -86.51569888017381516, -186.4858359134302646, 8.000000000000000000 ) ) ;
#2751 = DIRECTION ( 'NONE',  ( -0.000000000000000000, -0.000000000000000000, -1.000000000000000000 ) ) ;
#2752 = FACE_OUTER_BOUND ( 'NONE', #1398, .T. ) ;
#2753 = ORIENTED_EDGE ( 'NONE', *, *, #1425, .F. ) ;
#2754 = CARTESIAN_POINT ( 'NONE',  ( -174.6189479138433569, -51.15545749838690170, 8.000000000000000000 ) ) ;
#2755 = DIRECTION ( 'NONE',  ( -1.000000000000000000, 0.000000000000000000, 0.000000000000000000 ) ) ;
#2756 = VERTEX_POINT ( 'NONE', #187 ) ;
#2757 = ORIENTED_EDGE ( 'NONE', *, *, #1624, .T. ) ;
#2759 = EDGE_CURVE ( 'NONE', #2093, #60, #1396, .T. ) ;
#2758 = DIRECTION ( 'NONE',  ( -0.000000000000000000, -0.000000000000000000, -1.000000000000000000 ) ) ;
#2760 = CYLINDRICAL_SURFACE ( 'NONE', #2527, 3.000000000000002665 ) ;
#2761 = ORIENTED_EDGE ( 'NONE', *, *, #1753, .F. ) ;
#2762 = DIRECTION ( 'NONE',  ( -1.000000000000000000, 0.000000000000000000, 0.000000000000000000 ) ) ;
#2763 = LINE ( 'NONE', #89, #2693 ) ;
#2764 = ORIENTED_EDGE ( 'NONE', *, *, #2748, .T. ) ;
#2765 = CARTESIAN_POINT ( 'NONE',  ( -80.09227432033269167, 125.2215093897768270, 0.000000000000000000 ) ) ;
#2766 = CIRCLE ( 'NONE', #1686, 3.000000000000002665 ) ;
#2767 = LINE ( 'NONE', #2462, #2853 ) ;
#2768 = EDGE_CURVE ( 'NONE', #2218, #1187, #1007, .T. ) ;
#2769 = EDGE_CURVE ( 'NONE', #516, #232, #406, .T. ) ;
#2770 = VECTOR ( 'NONE', #956, 1000.000000000000000 ) ;
#2771 = PLANE ( 'NONE',  #1073 ) ;
#2772 = CARTESIAN_POINT ( 'NONE',  ( -29.22569887978897896, -45.67048261410159427, -2.000000000000000000 ) ) ;
#2773 = ORIENTED_EDGE ( 'NONE', *, *, #2922, .T. ) ;
#2774 = AXIS2_PLACEMENT_3D ( 'NONE', #737, #3203, #2073 ) ;
#2775 = AXIS2_PLACEMENT_3D ( 'NONE', #275, #784, #1032 ) ;
#2776 = CARTESIAN_POINT ( 'NONE',  ( 61.37366602574936536, -10.10607270438018013, 8.000000000000000000 ) ) ;
#2777 = LINE ( 'NONE', #2237, #262 ) ;
#2778 = ORIENTED_EDGE ( 'NONE', *, *, #2375, .T. ) ;
#2779 = ORIENTED_EDGE ( 'NONE', *, *, #2375, .F. ) ;
#2780 = DIRECTION ( 'NONE',  ( 0.000000000000000000, 0.000000000000000000, 1.000000000000000000 ) ) ;
#2781 = DIRECTION ( 'NONE',  ( 0.8660254037844374864, -0.5000000000000019984, -0.000000000000000000 ) ) ;
#2782 = ORIENTED_EDGE ( 'NONE', *, *, #1736, .F. ) ;
#2783 = EDGE_CURVE ( 'NONE', #3508, #231, #1523, .T. ) ;
#2784 = LINE ( 'NONE', #3093, #998 ) ;
#2785 = CARTESIAN_POINT ( 'NONE',  ( -52.21309818478390952, -26.77716692367690499, 8.000000000000000000 ) ) ;
#2786 = ORIENTED_EDGE ( 'NONE', *, *, #950, .F. ) ;
#2787 = CIRCLE ( 'NONE', #625, 4.999999999999976907 ) ;
#2788 = DIRECTION ( 'NONE',  ( -0.8660254037844424824, -0.4999999999999932276, 0.000000000000000000 ) ) ;
#2789 = CARTESIAN_POINT ( 'NONE',  ( -83.05922890939577030, 80.43062774359324862, -59.00000000000000711 ) ) ;
#2790 = EDGE_CURVE ( 'NONE', #2471, #657, #324, .T. ) ;
#2791 = CARTESIAN_POINT ( 'NONE',  ( -111.5156988801738009, -180.4858359134302646, -59.00000000000000711 ) ) ;
#2792 = FACE_BOUND ( 'NONE', #2918, .T. ) ;
#2793 = ORIENTED_EDGE ( 'NONE', *, *, #1646, .T. ) ;
#2794 = CARTESIAN_POINT ( 'NONE',  ( -52.21309818478390952, -26.77716692367690499, 8.000000000000000000 ) ) ;
#2795 = LINE ( 'NONE', #1651, #2648 ) ;
#2796 = VERTEX_POINT ( 'NONE', #1789 ) ;
#2797 = ORIENTED_EDGE ( 'NONE', *, *, #1827, .F. ) ;
#2798 = CARTESIAN_POINT ( 'NONE',  ( -129.7755958674761985, -21.93938240269056905, 8.000000000000000000 ) ) ;
#2799 = DIRECTION ( 'NONE',  ( 0.000000000000000000, 0.000000000000000000, 1.000000000000000000 ) ) ;
#2800 = ORIENTED_EDGE ( 'NONE', *, *, #632, .T. ) ;
#2801 = VECTOR ( 'NONE', #3248, 1000.000000000000000 ) ;
#2802 = PLANE ( 'NONE',  #2259 ) ;
#2803 = DIRECTION ( 'NONE',  ( -1.000000000000000000, 0.000000000000000000, 0.000000000000000000 ) ) ;
#2804 = EDGE_CURVE ( 'NONE', #156, #356, #2608, .T. ) ;
#2805 = ADVANCED_FACE ( 'NONE', ( #1591 ), #2446, .F. ) ;
#2806 = LOCAL_TIME ( 14, 41, 18.00000000000000000, #2334 ) ;
#2807 = ORIENTED_EDGE ( 'NONE', *, *, #1547, .T. ) ;
#2808 = CARTESIAN_POINT ( 'NONE',  ( 107.1749362148916589, 10.56380027665532850, 8.000000000000000000 ) ) ;
#2809 = ADVANCED_FACE ( 'NONE', ( #1093 ), #788, .F. ) ;
#2810 = DIRECTION ( 'NONE',  ( 0.000000000000000000, 0.000000000000000000, 1.000000000000000000 ) ) ;
#2811 = PLANE ( 'NONE',  #3544 ) ;
#2812 = ORIENTED_EDGE ( 'NONE', *, *, #1532, .F. ) ;
#2813 = CARTESIAN_POINT ( 'NONE',  ( 0.4975139712179096896, -130.7583913984942114, 0.000000000000000000 ) ) ;
#2814 = CARTESIAN_POINT ( 'NONE',  ( -100.9949367660714472, 26.36507046657180808, 8.000000000000000000 ) ) ;
#2815 = ORIENTED_EDGE ( 'NONE', *, *, #1132, .F. ) ;
#2816 = EDGE_LOOP ( 'NONE', ( #1076, #1595, #1907, #2212 ) ) ;
#2817 = CARTESIAN_POINT ( 'NONE',  ( -134.5303720796954963, 81.27999264898247134, -59.00000000000000711 ) ) ;
#2818 = VERTEX_POINT ( 'NONE', #3530 ) ;
#2819 = EDGE_CURVE ( 'NONE', #2041, #588, #3477, .T. ) ;
#2820 = CARTESIAN_POINT ( 'NONE',  ( 116.1728218977965241, -14.02099488703140118, -59.00000000000000711 ) ) ;
#2821 = DIRECTION ( 'NONE',  ( 0.8660254037844385966, -0.5000000000000001110, 0.000000000000000000 ) ) ;
#2822 = ORIENTED_EDGE ( 'NONE', *, *, #3429, .T. ) ;
#2823 = DIRECTION ( 'NONE',  ( -0.000000000000000000, -0.000000000000000000, -1.000000000000000000 ) ) ;
#2824 = VECTOR ( 'NONE', #1395, 1000.000000000000000 ) ;
#2825 = FACE_OUTER_BOUND ( 'NONE', #2630, .T. ) ;
#2826 = DIRECTION ( 'NONE',  ( 1.000000000000000000, 0.000000000000000000, 0.000000000000000000 ) ) ;
#2827 = DIRECTION ( 'NONE',  ( 1.000000000000000000, 0.000000000000000000, 0.000000000000000000 ) ) ;
#2828 = VECTOR ( 'NONE', #1161, 1000.000000000000114 ) ;
#2829 = VECTOR ( 'NONE', #1981, 1000.000000000000000 ) ;
#2830 = ORIENTED_EDGE ( 'NONE', *, *, #424, .T. ) ;
#2831 = ORIENTED_EDGE ( 'NONE', *, *, #3034, .F. ) ;
#2832 = CIRCLE ( 'NONE', #1282, 5.000000000000004441 ) ;
#2833 = VECTOR ( 'NONE', #1232, 1000.000000000000000 ) ;
#2834 = DIRECTION ( 'NONE',  ( -0.000000000000000000, -0.000000000000000000, -1.000000000000000000 ) ) ;
#2835 = ORIENTED_EDGE ( 'NONE', *, *, #2619, .F. ) ;
#2836 = ADVANCED_FACE ( 'NONE', ( #2949 ), #1843, .F. ) ;
#2837 = LINE ( 'NONE', #3382, #1141 ) ;
#2838 = CARTESIAN_POINT ( 'NONE',  ( 137.0818877250694356, -81.23655923823309877, 0.000000000000000000 ) ) ;
#2839 = ORIENTED_EDGE ( 'NONE', *, *, #1310, .F. ) ;
#2840 = FACE_OUTER_BOUND ( 'NONE', #1207, .T. ) ;
#2841 = LINE ( 'NONE', #2036, #834 ) ;
#2842 = CARTESIAN_POINT ( 'NONE',  ( -84.62784091821551158, 89.71371204695466872, 0.000000000000000000 ) ) ;
#2843 = PLANE ( 'NONE',  #1055 ) ;
#2844 = EDGE_CURVE ( 'NONE', #2730, #1919, #1302, .T. ) ;
#2845 = ORIENTED_EDGE ( 'NONE', *, *, #3214, .T. ) ;
#2846 = PLANE ( 'NONE',  #3467 ) ;
#2847 = VERTEX_POINT ( 'NONE', #2378 ) ;
#2848 = ADVANCED_FACE ( 'NONE', ( #3493 ), #222, .F. ) ;
#2849 = ORIENTED_EDGE ( 'NONE', *, *, #914, .F. ) ;
#2850 = DIRECTION ( 'NONE',  ( -1.000000000000000000, 0.000000000000000000, 0.000000000000000000 ) ) ;
#2851 = DIRECTION ( 'NONE',  ( 1.000000000000000000, 0.000000000000000000, 0.000000000000000000 ) ) ;
#2852 = VECTOR ( 'NONE', #125, 999.9999999999998863 ) ;
#2853 = VECTOR ( 'NONE', #2232, 1000.000000000000000 ) ;
#2854 = EDGE_CURVE ( 'NONE', #3120, #3069, #1057, .T. ) ;
#2855 = CARTESIAN_POINT ( 'NONE',  ( 172.4441741012873308, -152.4858359136431716, 0.000000000000000000 ) ) ;
#2856 = DIRECTION ( 'NONE',  ( 0.4999999999999924505, -0.8660254037844429265, 0.000000000000000000 ) ) ;
#2857 = FACE_BOUND ( 'NONE', #491, .T. ) ;
#2858 = CARTESIAN_POINT ( 'NONE',  ( 158.7958579727627466, -151.3380277303767230, 8.000000000000000000 ) ) ;
#2859 = VERTEX_POINT ( 'NONE', #506 ) ;
#2860 = DIRECTION ( 'NONE',  ( -0.000000000000000000, -0.000000000000000000, -1.000000000000000000 ) ) ;
#2861 = ORIENTED_EDGE ( 'NONE', *, *, #780, .T. ) ;
#2862 = AXIS2_PLACEMENT_3D ( 'NONE', #1069, #3148, #2137 ) ;
#2863 = ORIENTED_EDGE ( 'NONE', *, *, #2964, .F. ) ;
#2864 = CIRCLE ( 'NONE', #529, 5.000000000000004441 ) ;
#2865 = DIRECTION ( 'NONE',  ( -0.000000000000000000, -0.000000000000000000, -1.000000000000000000 ) ) ;
#2866 = CARTESIAN_POINT ( 'NONE',  ( -231.2472557322428486, -151.3380277304354138, 0.000000000000000000 ) ) ;
#2867 = LINE ( 'NONE', #1779, #126 ) ;
#2868 = ORIENTED_EDGE ( 'NONE', *, *, #745, .T. ) ;
#2869 = CYLINDRICAL_SURFACE ( 'NONE', #49, 3.000000000000002665 ) ;
#2870 = DIRECTION ( 'NONE',  ( 0.6782801027329282695, 0.7348034446276150433, -0.000000000000000000 ) ) ;
#2871 = EDGE_CURVE ( 'NONE', #3023, #3225, #996, .T. ) ;
#2872 = DIRECTION ( 'NONE',  ( -0.4999999999999920064, 0.8660254037844432595, -0.000000000000000000 ) ) ;
#2873 = ADVANCED_FACE ( 'NONE', ( #2735 ), #3507, .T. ) ;
#2874 = DIRECTION ( 'NONE',  ( 1.000000000000000000, 0.000000000000000000, 0.000000000000000000 ) ) ;
#2875 = AXIS2_PLACEMENT_3D ( 'NONE', #1363, #267, #25 ) ;
#2876 = ORIENTED_EDGE ( 'NONE', *, *, #423, .F. ) ;
#2877 = VECTOR ( 'NONE', #883, 999.9999999999998863 ) ;
#2878 = DIRECTION ( 'NONE',  ( -1.000000000000000000, 0.000000000000000000, 0.000000000000000000 ) ) ;
#2879 = ORIENTED_EDGE ( 'NONE', *, *, #1945, .T. ) ;
#2880 = VECTOR ( 'NONE', #2228, 1000.000000000000000 ) ;
#2881 = AXIS2_PLACEMENT_3D ( 'NONE', #1202, #2306, #1806 ) ;
#2882 = EDGE_LOOP ( 'NONE', ( #929, #865, #3063, #815 ) ) ;
#2883 = CARTESIAN_POINT ( 'NONE',  ( 31.71685486998249104, 89.71592003823424477, 8.000000000000000000 ) ) ;
#2884 = CARTESIAN_POINT ( 'NONE',  ( -228.2472557322428486, -151.3380277304354138, 0.000000000000000000 ) ) ;
#2885 = APPLICATION_PROTOCOL_DEFINITION ( 'international standard', 'config_control_design', 1994, #1080 ) ;
#2886 = ADVANCED_FACE ( 'NONE', ( #2983 ), #771, .F. ) ;
#2887 = ORIENTED_EDGE ( 'NONE', *, *, #2285, .T. ) ;
#2888 = ADVANCED_FACE ( 'NONE', ( #1863 ), #238, .F. ) ;
#2889 = ORIENTED_EDGE ( 'NONE', *, *, #2424, .F. ) ;
#2890 = DIRECTION ( 'NONE',  ( -0.000000000000000000, -0.000000000000000000, 1.000000000000000000 ) ) ;
#2891 = FACE_OUTER_BOUND ( 'NONE', #885, .T. ) ;
#2892 = LINE ( 'NONE', #3376, #1000 ) ;
#2893 = EDGE_CURVE ( 'NONE', #2515, #1828, #1458, .T. ) ;
#2894 = EDGE_LOOP ( 'NONE', ( #1823, #1760, #138, #732 ) ) ;
#2895 = LINE ( 'NONE', #452, #608 ) ;
#2896 = DIRECTION ( 'NONE',  ( 0.000000000000000000, 0.000000000000000000, -1.000000000000000000 ) ) ;
#2897 = VECTOR ( 'NONE', #3061, 1000.000000000000000 ) ;
#2898 = ORIENTED_EDGE ( 'NONE', *, *, #530, .F. ) ;
#2899 = VERTEX_POINT ( 'NONE', #256 ) ;
#2900 = DIRECTION ( 'NONE',  ( -0.000000000000000000, -0.000000000000000000, -1.000000000000000000 ) ) ;
#2901 = DIRECTION ( 'NONE',  ( -0.000000000000000000, -0.000000000000000000, -1.000000000000000000 ) ) ;
#2902 = APPROVAL_STATUS ( 'not_yet_approved' ) ;
#2903 = APPLICATION_CONTEXT ( 'configuration controlled 3d designs of mechanical parts and assemblies' ) ;
#2904 = EDGE_CURVE ( 'NONE', #2953, #3023, #1339, .T. ) ;
#2905 = ORIENTED_EDGE ( 'NONE', *, *, #2172, .F. ) ;
#2906 = EDGE_CURVE ( 'NONE', #2643, #2150, #2136, .T. ) ;
#2907 = ORIENTED_EDGE ( 'NONE', *, *, #3214, .F. ) ;
#2908 = EDGE_CURVE ( 'NONE', #350, #1187, #1051, .T. ) ;
#2909 = CARTESIAN_POINT ( 'NONE',  ( -111.5156988801738294, -141.4858359134302930, -59.00000000000000711 ) ) ;
#2910 = CARTESIAN_POINT ( 'NONE',  ( -17.23829957479208730, -50.70739184397518784, 8.000000000000000000 ) ) ;
#2911 = DIRECTION ( 'NONE',  ( 1.000000000000000000, 0.000000000000000000, 0.000000000000000000 ) ) ;
#2912 = VERTEX_POINT ( 'NONE', #2258 ) ;
#2913 = CIRCLE ( 'NONE', #1204, 5.000000000000004441 ) ;
#2914 = CARTESIAN_POINT ( 'NONE',  ( -86.51569888017381516, -180.4858359134302646, 8.000000000000000000 ) ) ;
#2915 = DIRECTION ( 'NONE',  ( -0.000000000000000000, -0.000000000000000000, 1.000000000000000000 ) ) ;
#2916 = ORIENTED_EDGE ( 'NONE', *, *, #18, .T. ) ;
#2917 = AXIS2_PLACEMENT_3D ( 'NONE', #1511, #159, #443 ) ;
#2918 = EDGE_LOOP ( 'NONE', ( #1473, #718, #3166, #2451 ) ) ;
#2919 = ORIENTED_EDGE ( 'NONE', *, *, #2844, .T. ) ;
#2920 = CARTESIAN_POINT ( 'NONE',  ( 48.67464607720026493, -146.9254863691283219, 8.000000000000000000 ) ) ;
#2921 = CYLINDRICAL_SURFACE ( 'NONE', #1223, 3.000000000000002665 ) ;
#2922 = EDGE_CURVE ( 'NONE', #1803, #2564, #2477, .T. ) ;
#2923 = DIRECTION ( 'NONE',  ( -0.000000000000000000, -0.000000000000000000, -1.000000000000000000 ) ) ;
#2924 = VERTEX_POINT ( 'NONE', #826 ) ;
#2925 = CARTESIAN_POINT ( 'NONE',  ( -37.09409057691692624, -61.16840576382615069, 8.000000000000000000 ) ) ;
#2926 = DIRECTION ( 'NONE',  ( -0.000000000000000000, -0.000000000000000000, -1.000000000000000000 ) ) ;
#2927 = LINE ( 'NONE', #1033, #769 ) ;
#2928 = ORIENTED_EDGE ( 'NONE', *, *, #132, .F. ) ;
#2929 = PLANE ( 'NONE',  #1979 ) ;
#2930 = DIRECTION ( 'NONE',  ( -0.000000000000000000, -0.000000000000000000, -1.000000000000000000 ) ) ;
#2931 = ORIENTED_EDGE ( 'NONE', *, *, #3446, .F. ) ;
#2932 = ORIENTED_EDGE ( 'NONE', *, *, #3385, .T. ) ;
#2933 = ORIENTED_EDGE ( 'NONE', *, *, #1068, .F. ) ;
#2934 = DIRECTION ( 'NONE',  ( 1.000000000000000000, 0.000000000000000000, 0.000000000000000000 ) ) ;
#2935 = AXIS2_PLACEMENT_3D ( 'NONE', #1022, #823, #3276 ) ;
#2936 = CARTESIAN_POINT ( 'NONE',  ( -86.51569888017381516, -180.4858359134302646, -59.00000000000000711 ) ) ;
#2937 = DATE_TIME_ROLE ( 'classification_date' ) ;
#2938 = VECTOR ( 'NONE', #3410, 1000.000000000000000 ) ;
#2939 = ADVANCED_FACE ( 'NONE', ( #3026 ), #1416, .F. ) ;
#2940 = VECTOR ( 'NONE', #523, 1000.000000000000000 ) ;
#2941 = VECTOR ( 'NONE', #433, 1000.000000000000227 ) ;
#2942 = CARTESIAN_POINT ( 'NONE',  ( -121.4339205790749077, 110.9637120469668474, 0.000000000000000000 ) ) ;
#2943 = ORIENTED_EDGE ( 'NONE', *, *, #1209, .T. ) ;
#2944 = DIRECTION ( 'NONE',  ( -0.000000000000000000, -0.000000000000000000, 1.000000000000000000 ) ) ;
#2945 = CYLINDRICAL_SURFACE ( 'NONE', #270, 3.000000000000002665 ) ;
#2946 = DIRECTION ( 'NONE',  ( 0.03970704446971932977, 0.9992113643366351550, 0.000000000000000000 ) ) ;
#2947 = ORIENTED_EDGE ( 'NONE', *, *, #589, .T. ) ;
#2948 = FACE_OUTER_BOUND ( 'NONE', #1938, .T. ) ;
#2949 = FACE_OUTER_BOUND ( 'NONE', #1791, .T. ) ;
#2950 = ORIENTED_EDGE ( 'NONE', *, *, #648, .T. ) ;
#2951 = EDGE_CURVE ( 'NONE', #978, #711, #1934, .T. ) ;
#2952 = EDGE_CURVE ( 'NONE', #2067, #602, #596, .T. ) ;
#2953 = VERTEX_POINT ( 'NONE', #3340 ) ;
#2954 = VERTEX_POINT ( 'NONE', #353 ) ;
#2955 = CIRCLE ( 'NONE', #1353, 4.999999999996007638 ) ;
#2956 = EDGE_CURVE ( 'NONE', #721, #3227, #2524, .T. ) ;
#2957 = CYLINDRICAL_SURFACE ( 'NONE', #1084, 3.000000000000002665 ) ;
#2958 = FACE_OUTER_BOUND ( 'NONE', #2386, .T. ) ;
#2959 = PERSON_AND_ORGANIZATION ( #3418, #693 ) ;
#2960 = DIRECTION ( 'NONE',  ( -0.000000000000000000, 0.000000000000000000, -1.000000000000000000 ) ) ;
#2961 = ORIENTED_EDGE ( 'NONE', *, *, #2472, .F. ) ;
#2962 = CARTESIAN_POINT ( 'NONE',  ( -81.57836631267944938, 129.9955570005870698, 8.000000000000000000 ) ) ;
#2963 = DIRECTION ( 'NONE',  ( -0.000000000000000000, -0.000000000000000000, -1.000000000000000000 ) ) ;
#2964 = EDGE_CURVE ( 'NONE', #588, #2093, #1334, .T. ) ;
#2965 = CIRCLE ( 'NONE', #2390, 5.000000000000004441 ) ;
#2966 = DIRECTION ( 'NONE',  ( -1.000000000000000000, 0.000000000000000000, 0.000000000000000000 ) ) ;
#2967 = DIRECTION ( 'NONE',  ( 1.000000000000000000, 0.000000000000000000, 0.000000000000000000 ) ) ;
#2968 = EDGE_LOOP ( 'NONE', ( #1902, #1782, #2712, #360 ) ) ;
#2969 = DIRECTION ( 'NONE',  ( 0.000000000000000000, 0.000000000000000000, 1.000000000000000000 ) ) ;
#2970 = ORIENTED_EDGE ( 'NONE', *, *, #1245, .F. ) ;
#2971 = LOCAL_TIME ( 14, 41, 18.00000000000000000, #1870 ) ;
#2972 = ORIENTED_EDGE ( 'NONE', *, *, #2385, .F. ) ;
#2973 = DIRECTION ( 'NONE',  ( 0.000000000000000000, 0.000000000000000000, 1.000000000000000000 ) ) ;
#2974 = CARTESIAN_POINT ( 'NONE',  ( -37.09409057691692624, -61.16840576382615069, 0.000000000000000000 ) ) ;
#2975 = VERTEX_POINT ( 'NONE', #2205 ) ;
#2976 = DIRECTION ( 'NONE',  ( 1.000000000000000000, 0.000000000000000000, 0.000000000000000000 ) ) ;
#2977 = VECTOR ( 'NONE', #2681, 1000.000000000000000 ) ;
#2978 = VERTEX_POINT ( 'NONE', #863 ) ;
#2979 = LINE ( 'NONE', #2443, #1179 ) ;
#2980 = CARTESIAN_POINT ( 'NONE',  ( -55.72569888017383732, -129.9858359136491117, 8.000000000000000000 ) ) ;
#2981 = LINE ( 'NONE', #1355, #2328 ) ;
#2982 = EDGE_CURVE ( 'NONE', #2975, #3237, #1951, .T. ) ;
#2983 = FACE_OUTER_BOUND ( 'NONE', #1222, .T. ) ;
#2984 = ORIENTED_EDGE ( 'NONE', *, *, #9, .F. ) ;
#2985 = DIRECTION ( 'NONE',  ( -2.312964634635740689E-15, -1.000000000000000000, 0.000000000000000000 ) ) ;
#2986 = EDGE_LOOP ( 'NONE', ( #2950, #2961, #528, #892 ) ) ;
#2987 = ORIENTED_EDGE ( 'NONE', *, *, #850, .F. ) ;
#2988 = LINE ( 'NONE', #2399, #62 ) ;
#2989 = ORIENTED_EDGE ( 'NONE', *, *, #1707, .F. ) ;
#2990 = DIRECTION ( 'NONE',  ( -0.000000000000000000, -0.000000000000000000, -1.000000000000000000 ) ) ;
#2991 = ORIENTED_EDGE ( 'NONE', *, *, #2673, .F. ) ;
#2992 = PERSON_AND_ORGANIZATION_ROLE ( 'classification_officer' ) ;
#2993 = AXIS2_PLACEMENT_3D ( 'NONE', #1318, #2409, #3242 ) ;
#2994 = LINE ( 'NONE', #14, #3499 ) ;
#2995 = VECTOR ( 'NONE', #2353, 1000.000000000000000 ) ;
#2996 = EDGE_CURVE ( 'NONE', #1261, #2191, #906, .T. ) ;
#2997 = AXIS2_PLACEMENT_3D ( 'NONE', #1839, #197, #2911 ) ;
#2998 = VECTOR ( 'NONE', #334, 1000.000000000000000 ) ;
#2999 = ORIENTED_EDGE ( 'NONE', *, *, #2472, .T. ) ;
#3000 = AXIS2_PLACEMENT_3D ( 'NONE', #2962, #2696, #2426 ) ;
#3001 = DIRECTION ( 'NONE',  ( -0.000000000000000000, -0.000000000000000000, 1.000000000000000000 ) ) ;
#3002 = EDGE_CURVE ( 'NONE', #3365, #3107, #2777, .T. ) ;
#3003 = CARTESIAN_POINT ( 'NONE',  ( -34.09409057691692624, -61.16840576382615069, 8.000000000000000000 ) ) ;
#3004 = DIRECTION ( 'NONE',  ( -0.8660254037844384856, -0.5000000000000004441, 0.000000000000000000 ) ) ;
#3005 = CARTESIAN_POINT ( 'NONE',  ( 57.04353900683022260, -12.60607270437632721, 8.000000000000000000 ) ) ;
#3006 = ORIENTED_EDGE ( 'NONE', *, *, #3429, .F. ) ;
#3007 = CARTESIAN_POINT ( 'NONE',  ( -164.8652768703705078, -55.57845520262037553, 8.000000000000000000 ) ) ;
#3008 = DIRECTION ( 'NONE',  ( -1.000000000000000000, 0.000000000000000000, 0.000000000000000000 ) ) ;
#3009 = ORIENTED_EDGE ( 'NONE', *, *, #2000, .T. ) ;
#3010 = CLOSED_SHELL ( 'NONE', ( #2360, #2848, #3134, #1220, #1873, #2939, #489, #660, #533, #2320, #2886, #3334, #1766, #580, #205, #3128, #5, #2029, #3372, #2425, #1865, #142, #1674, #2412, #439, #273, #761, #2214, #289, #2583, #2402, #2053, #1513, #3413, #1121, #497, #2725, #1170, #2888, #3175, #427, #2469, #2028, #2805, #1309, #2873, #1053, #3420, #1047, #857, #2836, #1110, #805, #112, #1608, #741, #277, #2321, #1642, #1240, #1046, #1354, #2246, #53, #1920, #910, #1015, #400, #871, #210, #3215, #564, #2733, #2690, #989, #229, #2655, #165, #2638, #1153, #3253, #2362, #2508, #2809, #2167, #1276, #335, #1477, #1793, #3270, #1962, #2319, #728, #1359, #1368, #1986, #1101, #884, #3305, #1836, #237 ) ) ;
#3011 = CARTESIAN_POINT ( 'NONE',  ( 30.26691505960358697, 33.77240042738570480, 0.000000000000000000 ) ) ;
#3012 = ORIENTED_EDGE ( 'NONE', *, *, #1377, .F. ) ;
#3013 = EDGE_CURVE ( 'NONE', #421, #2602, #2254, .T. ) ;
#3014 = DIRECTION ( 'NONE',  ( -1.000000000000000000, 0.000000000000000000, 0.000000000000000000 ) ) ;
#3015 = FACE_OUTER_BOUND ( 'NONE', #1272, .T. ) ;
#3016 = EDGE_LOOP ( 'NONE', ( #3009, #2256, #1600, #997 ) ) ;
#3017 = EDGE_CURVE ( 'NONE', #1954, #1996, #2364, .T. ) ;
#3018 = DIRECTION ( 'NONE',  ( 0.000000000000000000, 0.000000000000000000, 1.000000000000000000 ) ) ;
#3019 = CARTESIAN_POINT ( 'NONE',  ( -29.22569887978898606, -31.81407615355055896, 0.000000000000000000 ) ) ;
#3020 = EDGE_CURVE ( 'NONE', #3023, #1506, #619, .T. ) ;
#3021 = CARTESIAN_POINT ( 'NONE',  ( 34.59704207852223590, 36.27240042738326053, 8.000000000000000000 ) ) ;
#3022 = FACE_BOUND ( 'NONE', #1083, .T. ) ;
#3023 = VERTEX_POINT ( 'NONE', #2467 ) ;
#3024 = FACE_OUTER_BOUND ( 'NONE', #2169, .T. ) ;
#3025 = CIRCLE ( 'NONE', #3485, 4.999999999999976907 ) ;
#3026 = FACE_OUTER_BOUND ( 'NONE', #2640, .T. ) ;
#3027 = EDGE_LOOP ( 'NONE', ( #1622, #2578 ) ) ;
#3028 = CARTESIAN_POINT ( 'NONE',  ( -129.3342196569888927, 78.27999264898247134, -59.00000000000000711 ) ) ;
#3029 = AXIS2_PLACEMENT_3D ( 'NONE', #1662, #57, #856 ) ;
#3030 = FACE_OUTER_BOUND ( 'NONE', #1397, .T. ) ;
#3031 = EDGE_LOOP ( 'NONE', ( #1250, #1238, #1533, #1290 ) ) ;
#3032 = CARTESIAN_POINT ( 'NONE',  ( 31.05092506722409595, 92.41445526058974735, 8.000000000000000000 ) ) ;
#3033 = EDGE_CURVE ( 'NONE', #103, #2953, #1275, .T. ) ;
#3034 = EDGE_CURVE ( 'NONE', #3380, #2101, #1745, .T. ) ;
#3035 = CARTESIAN_POINT ( 'NONE',  ( 100.0939835729097354, -52.17162998164221221, 0.000000000000000000 ) ) ;
#3036 = ORIENTED_EDGE ( 'NONE', *, *, #1692, .T. ) ;
#3037 = LINE ( 'NONE', #1676, #203 ) ;
#3038 = AXIS2_PLACEMENT_3D ( 'NONE', #30, #2210, #2803 ) ;
#3039 = CARTESIAN_POINT ( 'NONE',  ( -17.23829957479208730, -50.70739184397518784, -23.00000000000000355 ) ) ;
#3040 = DIRECTION ( 'NONE',  ( -1.000000000000000000, 5.182799681978658181E-16, 0.000000000000000000 ) ) ;
#3041 = CARTESIAN_POINT ( 'NONE',  ( 172.4441741012873308, -152.4858359136431716, 8.000000000000000000 ) ) ;
#3042 = EDGE_LOOP ( 'NONE', ( #2947, #2782, #3137, #1020 ) ) ;
#3043 = CYLINDRICAL_SURFACE ( 'NONE', #2082, 5.000000000000004441 ) ;
#3044 = CARTESIAN_POINT ( 'NONE',  ( -234.5654448419540756, -154.9858359136488559, 0.000000000000000000 ) ) ;
#3045 = EDGE_CURVE ( 'NONE', #2352, #1292, #663, .T. ) ;
#3046 = ORIENTED_EDGE ( 'NONE', *, *, #2639, .F. ) ;
#3047 = ORIENTED_EDGE ( 'NONE', *, *, #69, .T. ) ;
#3048 = FACE_OUTER_BOUND ( 'NONE', #2109, .T. ) ;
#3049 = CARTESIAN_POINT ( 'NONE',  ( -127.7715607132973759, -20.01340266518897693, 8.000000000000000000 ) ) ;
#3050 = ORIENTED_EDGE ( 'NONE', *, *, #2908, .T. ) ;
#3051 = DIRECTION ( 'NONE',  ( 0.000000000000000000, 0.000000000000000000, 1.000000000000000000 ) ) ;
#3052 = PLANE ( 'NONE',  #869 ) ;
#3053 = EDGE_CURVE ( 'NONE', #3254, #118, #2795, .T. ) ;
#3054 = CIRCLE ( 'NONE', #1508, 5.000000000000948575 ) ;
#3055 = AXIS2_PLACEMENT_3D ( 'NONE', #1648, #2149, #2663 ) ;
#3056 = ORIENTED_EDGE ( 'NONE', *, *, #961, .T. ) ;
#3057 = FACE_OUTER_BOUND ( 'NONE', #3182, .T. ) ;
#3058 = AXIS2_PLACEMENT_3D ( 'NONE', #2122, #378, #2531 ) ;
#3059 = DIRECTION ( 'NONE',  ( -0.000000000000000000, -0.000000000000000000, -1.000000000000000000 ) ) ;
#3060 = AXIS2_PLACEMENT_3D ( 'NONE', #1475, #1152, #2242 ) ;
#3061 = DIRECTION ( 'NONE',  ( -0.000000000000000000, -0.000000000000000000, 1.000000000000000000 ) ) ;
#3062 = FACE_BOUND ( 'NONE', #3246, .T. ) ;
#3063 = ORIENTED_EDGE ( 'NONE', *, *, #2656, .F. ) ;
#3064 = AXIS2_PLACEMENT_3D ( 'NONE', #2343, #753, #1824 ) ;
#3065 = VECTOR ( 'NONE', #114, 1000.000000000000000 ) ;
#3066 = LINE ( 'NONE', #2276, #2427 ) ;
#3067 = DIRECTION ( 'NONE',  ( 0.000000000000000000, 0.000000000000000000, 1.000000000000000000 ) ) ;
#3068 = ORIENTED_EDGE ( 'NONE', *, *, #697, .T. ) ;
#3069 = VERTEX_POINT ( 'NONE', #1436 ) ;
#3070 = CARTESIAN_POINT ( 'NONE',  ( -231.2472557322428486, -151.3380277304354138, 8.000000000000000000 ) ) ;
#3071 = EDGE_CURVE ( 'NONE', #3, #436, #3319, .T. ) ;
#3072 = EDGE_CURVE ( 'NONE', #868, #1665, #638, .T. ) ;
#3073 = DIRECTION ( 'NONE',  ( -1.000000000000000000, 0.000000000000000000, 0.000000000000000000 ) ) ;
#3074 = ORIENTED_EDGE ( 'NONE', *, *, #3528, .F. ) ;
#3075 = EDGE_CURVE ( 'NONE', #118, #971, #683, .T. ) ;
#3076 = DIRECTION ( 'NONE',  ( -1.000000000000000000, 0.000000000000000000, 0.000000000000000000 ) ) ;
#3077 = CARTESIAN_POINT ( 'NONE',  ( -129.3342196569888927, 78.27999264898247134, -59.00000000000000711 ) ) ;
#3078 = ORIENTED_EDGE ( 'NONE', *, *, #318, .F. ) ;
#3079 = CARTESIAN_POINT ( 'NONE',  ( -228.2472557322428486, -151.3380277304354138, 8.000000000000000000 ) ) ;
#3080 = DIRECTION ( 'NONE',  ( -1.000000000000000000, -5.232450433197542540E-16, 0.000000000000000000 ) ) ;
#3081 = DIRECTION ( 'NONE',  ( -0.5000000000000038858, -0.8660254037844363761, 0.000000000000000000 ) ) ;
#3082 = DIRECTION ( 'NONE',  ( -0.000000000000000000, -0.000000000000000000, -1.000000000000000000 ) ) ;
#3083 = ORIENTED_EDGE ( 'NONE', *, *, #2440, .F. ) ;
#3084 = DIRECTION ( 'NONE',  ( -1.000000000000000000, 0.000000000000000000, 0.000000000000000000 ) ) ;
#3085 = CC_DESIGN_PERSON_AND_ORGANIZATION_ASSIGNMENT ( #2046, #3212, ( #1501 ) ) ;
#3086 = EDGE_CURVE ( 'NONE', #1506, #1900, #894, .T. ) ;
#3087 = DIRECTION ( 'NONE',  ( 0.8660254037844357100, -0.5000000000000049960, 0.000000000000000000 ) ) ;
#3088 = ORIENTED_EDGE ( 'NONE', *, *, #2544, .T. ) ;
#3089 = VERTEX_POINT ( 'NONE', #655 ) ;
#3090 = LINE ( 'NONE', #847, #2141 ) ;
#3091 = EDGE_LOOP ( 'NONE', ( #2189, #3362, #328, #1983 ) ) ;
#3092 = VECTOR ( 'NONE', #2631, 1000.000000000000000 ) ;
#3093 = CARTESIAN_POINT ( 'NONE',  ( -120.7313339740396145, 102.1806277436053279, 0.000000000000000000 ) ) ;
#3094 = FACE_OUTER_BOUND ( 'NONE', #1935, .T. ) ;
#3095 = VECTOR ( 'NONE', #160, 1000.000000000000000 ) ;
#3096 = ORIENTED_EDGE ( 'NONE', *, *, #2922, .F. ) ;
#3097 = LINE ( 'NONE', #2003, #2367 ) ;
#3098 = VECTOR ( 'NONE', #1029, 1000.000000000000000 ) ;
#3099 = CARTESIAN_POINT ( 'NONE',  ( -33.22569887979242509, 186.4492173093101712, 8.000000000000000000 ) ) ;
#3100 = DIRECTION ( 'NONE',  ( 0.8660254037844425934, 0.4999999999999932832, 0.000000000000000000 ) ) ;
#3101 = DIRECTION ( 'NONE',  ( 0.000000000000000000, 0.000000000000000000, 1.000000000000000000 ) ) ;
#3102 = DIRECTION ( 'NONE',  ( -0.000000000000000000, -0.000000000000000000, -1.000000000000000000 ) ) ;
#3103 = ORIENTED_EDGE ( 'NONE', *, *, #391, .F. ) ;
#3104 = EDGE_CURVE ( 'NONE', #490, #581, #548, .T. ) ;
#3105 = VERTEX_POINT ( 'NONE', #2278 ) ;
#3106 = DIRECTION ( 'NONE',  ( -0.4999999999999998890, 0.8660254037844385966, 0.000000000000000000 ) ) ;
#3107 = VERTEX_POINT ( 'NONE', #2051 ) ;
#3108 = LINE ( 'NONE', #2014, #2677 ) ;
#3109 = CARTESIAN_POINT ( 'NONE',  ( -37.55582589871461607, 196.2448336758284029, 8.000000000000000000 ) ) ;
#3110 = ORIENTED_EDGE ( 'NONE', *, *, #1792, .T. ) ;
#3111 = EDGE_CURVE ( 'NONE', #1030, #1122, #147, .T. ) ;
#3112 = EDGE_CURVE ( 'NONE', #2859, #60, #2560, .T. ) ;
#3113 = CARTESIAN_POINT ( 'NONE',  ( 141.0749691346427142, -40.80474467253314685, 0.000000000000000000 ) ) ;
#3114 = VECTOR ( 'NONE', #3087, 1000.000000000000000 ) ;
#3115 = DIRECTION ( 'NONE',  ( 1.000000000000000000, 0.000000000000000000, 0.000000000000000000 ) ) ;
#3116 = CARTESIAN_POINT ( 'NONE',  ( 46.77430112021315978, -159.9858359136488843, 0.000000000000000000 ) ) ;
#3117 = CARTESIAN_POINT ( 'NONE',  ( 57.04353900682962575, -12.60607270437667360, 8.000000000000000000 ) ) ;
#3118 = CIRCLE ( 'NONE', #2423, 3.000000000000002665 ) ;
#3119 = VECTOR ( 'NONE', #3455, 1000.000000000000000 ) ;
#3120 = VERTEX_POINT ( 'NONE', #1787 ) ;
#3121 = VECTOR ( 'NONE', #2357, 1000.000000000000000 ) ;
#3122 = AXIS2_PLACEMENT_3D ( 'NONE', #2675, #3473, #3489 ) ;
#3123 = DIRECTION ( 'NONE',  ( -0.000000000000000000, -0.000000000000000000, -1.000000000000000000 ) ) ;
#3124 = ORIENTED_EDGE ( 'NONE', *, *, #1086, .F. ) ;
#3125 = VERTEX_POINT ( 'NONE', #1521 ) ;
#3126 = CYLINDRICAL_SURFACE ( 'NONE', #2081, 4.999999999999990230 ) ;
#3127 = DIRECTION ( 'NONE',  ( 1.000000000000000000, 0.000000000000000000, 0.000000000000000000 ) ) ;
#3128 = ADVANCED_FACE ( 'NONE', ( #2008 ), #3133, .T. ) ;
#3129 = CIRCLE ( 'NONE', #1243, 3.000000000000002665 ) ;
#3130 = CARTESIAN_POINT ( 'NONE',  ( -143.6263339740401648, 62.52532450431490219, 8.000000000000000000 ) ) ;
#3131 = LINE ( 'NONE', #2585, #2833 ) ;
#3132 = CARTESIAN_POINT ( 'NONE',  ( -117.1037935601527096, 108.4637120469668474, 8.000000000000000000 ) ) ;
#3133 = CYLINDRICAL_SURFACE ( 'NONE', #2546, 5.000000000000004441 ) ;
#3134 = ADVANCED_FACE ( 'NONE', ( #3165 ), #450, .F. ) ;
#3135 = ORIENTED_EDGE ( 'NONE', *, *, #3002, .F. ) ;
#3136 = DIRECTION ( 'NONE',  ( 0.000000000000000000, -0.000000000000000000, 1.000000000000000000 ) ) ;
#3137 = ORIENTED_EDGE ( 'NONE', *, *, #2906, .F. ) ;
#3138 = ORIENTED_EDGE ( 'NONE', *, *, #56, .F. ) ;
#3139 = DIRECTION ( 'NONE',  ( -0.000000000000000000, -0.000000000000000000, 1.000000000000000000 ) ) ;
#3140 = CARTESIAN_POINT ( 'NONE',  ( -167.8652768703705078, -55.57845520262037553, 8.000000000000000000 ) ) ;
#3141 = AXIS2_PLACEMENT_3D ( 'NONE', #3430, #2900, #397 ) ;
#3142 = DIRECTION ( 'NONE',  ( 0.000000000000000000, 0.000000000000000000, 1.000000000000000000 ) ) ;
#3143 = EDGE_CURVE ( 'NONE', #179, #421, #1537, .T. ) ;
#3144 = EDGE_CURVE ( 'NONE', #3225, #3380, #3439, .T. ) ;
#3145 = ORIENTED_EDGE ( 'NONE', *, *, #2854, .F. ) ;
#3146 = CARTESIAN_POINT ( 'NONE',  ( 132.2043952190441019, -80.13652885062265341, 8.000000000000000000 ) ) ;
#3147 = CARTESIAN_POINT ( 'NONE',  ( -31.09409057691692269, -61.16840576382615069, 0.000000000000000000 ) ) ;
#3148 = DIRECTION ( 'NONE',  ( 0.000000000000000000, 0.000000000000000000, 1.000000000000000000 ) ) ;
#3149 = DIRECTION ( 'NONE',  ( 0.000000000000000000, 0.000000000000000000, 1.000000000000000000 ) ) ;
#3150 = VERTEX_POINT ( 'NONE', #435 ) ;
#3151 = DIRECTION ( 'NONE',  ( -1.000000000000000000, -2.312964634635740689E-15, 0.000000000000000000 ) ) ;
#3152 = ORIENTED_EDGE ( 'NONE', *, *, #52, .F. ) ;
#3153 = EDGE_CURVE ( 'NONE', #581, #490, #3516, .T. ) ;
#3154 = AXIS2_PLACEMENT_3D ( 'NONE', #1620, #3423, #3438 ) ;
#3155 = VERTEX_POINT ( 'NONE', #2858 ) ;
#3156 = AXIS2_PLACEMENT_3D ( 'NONE', #67, #1977, #3073 ) ;
#3157 = DIRECTION ( 'NONE',  ( -0.000000000000000000, -0.000000000000000000, -1.000000000000000000 ) ) ;
#3158 = CARTESIAN_POINT ( 'NONE',  ( -37.09409057691692624, -61.16840576382615069, -23.00000000000000355 ) ) ;
#3159 = PERSON_AND_ORGANIZATION ( #3418, #693 ) ;
#3160 = VERTEX_POINT ( 'NONE', #418 ) ;
#3161 = ORIENTED_EDGE ( 'NONE', *, *, #911, .T. ) ;
#3162 = CARTESIAN_POINT ( 'NONE',  ( 22.51353415389858981, 86.27710342024667511, 8.000000000000000000 ) ) ;
#3163 = CARTESIAN_POINT ( 'NONE',  ( -121.4339205790749077, 110.9637120469668474, 0.000000000000000000 ) ) ;
#3164 = FACE_BOUND ( 'NONE', #1418, .T. ) ;
#3165 = FACE_OUTER_BOUND ( 'NONE', #451, .T. ) ;
#3166 = ORIENTED_EDGE ( 'NONE', *, *, #1641, .F. ) ;
#3167 = AXIS2_PLACEMENT_3D ( 'NONE', #2591, #3151, #3461 ) ;
#3168 = CARTESIAN_POINT ( 'NONE',  ( 109.6749362147632922, 6.233673257659029687, 8.000000000000000000 ) ) ;
#3169 = CARTESIAN_POINT ( 'NONE',  ( -65.72569888017383732, -189.9858359134302361, 0.000000000000000000 ) ) ;
#3170 = ORIENTED_EDGE ( 'NONE', *, *, #2043, .F. ) ;
#3171 = AXIS2_PLACEMENT_3D ( 'NONE', #2077, #1764, #2060 ) ;
#3172 = AXIS2_PLACEMENT_3D ( 'NONE', #2340, #2325, #2874 ) ;
#3173 = ORIENTED_EDGE ( 'NONE', *, *, #2247, .F. ) ;
#3174 = CIRCLE ( 'NONE', #720, 3.000000000000002665 ) ;
#3175 = ADVANCED_FACE ( 'NONE', ( #3405 ), #116, .F. ) ;
#3176 = EDGE_CURVE ( 'NONE', #1887, #2313, #2892, .T. ) ;
#3177 = DIRECTION ( 'NONE',  ( -0.000000000000000000, -0.000000000000000000, -1.000000000000000000 ) ) ;
#3178 = DIRECTION ( 'NONE',  ( 1.000000000000000000, 0.000000000000000000, 0.000000000000000000 ) ) ;
#3179 = EDGE_CURVE ( 'NONE', #1061, #1113, #2622, .T. ) ;
#3180 = DESIGN_CONTEXT ( 'detailed design', #2903, 'design' ) ;
#3181 = ORIENTED_EDGE ( 'NONE', *, *, #3112, .T. ) ;
#3182 = EDGE_LOOP ( 'NONE', ( #475, #1958, #194, #773 ) ) ;
#3183 = CIRCLE ( 'NONE', #2862, 3.000000000000002665 ) ;
#3184 = DIRECTION ( 'NONE',  ( -0.000000000000000000, -0.000000000000000000, -1.000000000000000000 ) ) ;
#3185 = LINE ( 'NONE', #1536, #209 ) ;
#3186 = CARTESIAN_POINT ( 'NONE',  ( 46.77430112021315978, -159.9858359136488843, 8.000000000000000000 ) ) ;
#3187 = ORIENTED_EDGE ( 'NONE', *, *, #3539, .T. ) ;
#3188 = CARTESIAN_POINT ( 'NONE',  ( -86.51569888017381516, -186.4858359134302646, -59.00000000000000711 ) ) ;
#3189 = DIRECTION ( 'NONE',  ( 1.000000000000000000, 0.000000000000000000, 0.000000000000000000 ) ) ;
#3190 = EDGE_CURVE ( 'NONE', #3219, #2381, #2038, .T. ) ;
#3191 = CIRCLE ( 'NONE', #111, 5.000000000000004441 ) ;
#3192 = ORIENTED_EDGE ( 'NONE', *, *, #2349, .F. ) ;
#3193 = VERTEX_POINT ( 'NONE', #2294 ) ;
#3194 = CARTESIAN_POINT ( 'NONE',  ( -55.72569888017383732, -129.9858359136491117, 0.000000000000000000 ) ) ;
#3195 = DIRECTION ( 'NONE',  ( 0.5000000000000016653, 0.8660254037844378194, 0.000000000000000000 ) ) ;
#3196 = DIRECTION ( 'NONE',  ( 0.000000000000000000, 0.000000000000000000, 1.000000000000000000 ) ) ;
#3197 = ORIENTED_EDGE ( 'NONE', *, *, #3112, .F. ) ;
#3198 = DIRECTION ( 'NONE',  ( -1.000000000000000000, 0.000000000000000000, 0.000000000000000000 ) ) ;
#3199 = LINE ( 'NONE', #1604, #2146 ) ;
#3200 = LOCAL_TIME ( 14, 41, 18.00000000000000000, #1383 ) ;
#3201 = CARTESIAN_POINT ( 'NONE',  ( -86.51569888017382937, -141.4858359134302646, 0.000000000000000000 ) ) ;
#3202 = ORIENTED_EDGE ( 'NONE', *, *, #626, .F. ) ;
#3203 = DIRECTION ( 'NONE',  ( -0.000000000000000000, -0.000000000000000000, -1.000000000000000000 ) ) ;
#3204 = CARTESIAN_POINT ( 'NONE',  ( -55.72569888017383732, -134.9858359136491401, 8.000000000000000000 ) ) ;
#3205 = ORIENTED_EDGE ( 'NONE', *, *, #747, .F. ) ;
#3206 = AXIS2_PLACEMENT_3D ( 'NONE', #3109, #2821, #2045 ) ;
#3207 = ORIENTED_EDGE ( 'NONE', *, *, #3179, .T. ) ;
#3208 = ORIENTED_EDGE ( 'NONE', *, *, #1872, .F. ) ;
#3209 = CARTESIAN_POINT ( 'NONE',  ( -238.8955718608775385, -152.4858359136485433, 0.000000000000000000 ) ) ;
#3210 = EDGE_LOOP ( 'NONE', ( #739, #3170 ) ) ;
#3211 = DIRECTION ( 'NONE',  ( -0.8660254037844377084, 0.5000000000000015543, 0.000000000000000000 ) ) ;
#3212 = PERSON_AND_ORGANIZATION_ROLE ( 'creator' ) ;
#3213 = VERTEX_POINT ( 'NONE', #2022 ) ;
#3214 = EDGE_CURVE ( 'NONE', #2818, #3304, #1249, .T. ) ;
#3215 = ADVANCED_FACE ( 'NONE', ( #1758 ), #2843, .F. ) ;
#3216 = DIRECTION ( 'NONE',  ( 1.000000000000000000, 0.000000000000000000, 0.000000000000000000 ) ) ;
#3217 = DIRECTION ( 'NONE',  ( 0.000000000000000000, 0.000000000000000000, 1.000000000000000000 ) ) ;
#3218 = FACE_OUTER_BOUND ( 'NONE', #1300, .T. ) ;
#3219 = VERTEX_POINT ( 'NONE', #3457 ) ;
#3220 = EDGE_CURVE ( 'NONE', #206, #736, #1003, .T. ) ;
#3221 = LINE ( 'NONE', #770, #1229 ) ;
#3222 = CARTESIAN_POINT ( 'NONE',  ( -83.05922890939577030, 80.43062774359324862, 8.000000000000000000 ) ) ;
#3223 = ORIENTED_EDGE ( 'NONE', *, *, #1759, .F. ) ;
#3224 = VECTOR ( 'NONE', #227, 1000.000000000000000 ) ;
#3225 = VERTEX_POINT ( 'NONE', #2980 ) ;
#3226 = AXIS2_PLACEMENT_3D ( 'NONE', #1505, #2074, #2878 ) ;
#3227 = VERTEX_POINT ( 'NONE', #1335 ) ;
#3228 = AXIS2_PLACEMENT_3D ( 'NONE', #2387, #2944, #3216 ) ;
#3229 = DIRECTION ( 'NONE',  ( -0.000000000000000000, -0.000000000000000000, -1.000000000000000000 ) ) ;
#3230 = AXIS2_PLACEMENT_3D ( 'NONE', #1316, #2124, #468 ) ;
#3231 = DIRECTION ( 'NONE',  ( -2.287426547298449792E-16, 1.000000000000000000, 0.000000000000000000 ) ) ;
#3232 = AXIS2_PLACEMENT_3D ( 'NONE', #1557, #987, #3189 ) ;
#3233 = AXIS2_PLACEMENT_3D ( 'NONE', #3188, #2107, #1006 ) ;
#3234 = VECTOR ( 'NONE', #3504, 1000.000000000000114 ) ;
#3235 = EDGE_CURVE ( 'NONE', #1665, #3107, #1514, .T. ) ;
#3236 = CYLINDRICAL_SURFACE ( 'NONE', #1780, 3.000000000000002665 ) ;
#3237 = VERTEX_POINT ( 'NONE', #3201 ) ;
#3238 = LINE ( 'NONE', #1784, #2710 ) ;
#3239 = DIRECTION ( 'NONE',  ( -0.000000000000000000, -0.000000000000000000, -1.000000000000000000 ) ) ;
#3240 = CARTESIAN_POINT ( 'NONE',  ( -116.8342196569887790, 99.93062774359337652, 8.000000000000000000 ) ) ;
#3241 = DIRECTION ( 'NONE',  ( -0.000000000000000000, -0.000000000000000000, -1.000000000000000000 ) ) ;
#3242 = DIRECTION ( 'NONE',  ( -1.000000000000000000, 0.000000000000000000, 0.000000000000000000 ) ) ;
#3243 = VERTEX_POINT ( 'NONE', #235 ) ;
#3244 = DIRECTION ( 'NONE',  ( -0.000000000000000000, -0.000000000000000000, -1.000000000000000000 ) ) ;
#3245 = EDGE_LOOP ( 'NONE', ( #223, #1978, #2072, #2115 ) ) ;
#3246 = EDGE_LOOP ( 'NONE', ( #1585, #522 ) ) ;
#3247 = AXIS2_PLACEMENT_3D ( 'NONE', #3021, #58, #2430 ) ;
#3248 = DIRECTION ( 'NONE',  ( -0.000000000000000000, 1.000000000000000000, -0.000000000000000000 ) ) ;
#3249 = PLANE ( 'NONE',  #260 ) ;
#3250 = ORIENTED_EDGE ( 'NONE', *, *, #647, .F. ) ;
#3251 = PERSON_AND_ORGANIZATION ( #3418, #693 ) ;
#3252 = FACE_BOUND ( 'NONE', #559, .T. ) ;
#3253 = ADVANCED_FACE ( 'NONE', ( #2637 ), #2162, .F. ) ;
#3254 = VERTEX_POINT ( 'NONE', #536 ) ;
#3255 = DIRECTION ( 'NONE',  ( -0.4999999999999992784, -0.8660254037844391517, 0.000000000000000000 ) ) ;
#3256 = CARTESIAN_POINT ( 'NONE',  ( -37.22569887978897185, -31.81407615355055896, -2.000000000000000000 ) ) ;
#3257 = VECTOR ( 'NONE', #3281, 1000.000000000000000 ) ;
#3258 = DIRECTION ( 'NONE',  ( -1.000000000000000000, 0.000000000000000000, 0.000000000000000000 ) ) ;
#3259 = CARTESIAN_POINT ( 'NONE',  ( 136.1974766286153340, -39.70471428493158328, 8.000000000000000000 ) ) ;
#3260 = ORIENTED_EDGE ( 'NONE', *, *, #822, .F. ) ;
#3261 = CARTESIAN_POINT ( 'NONE',  ( -143.6263339740401648, 62.52532450431490219, 8.000000000000000000 ) ) ;
#3262 = ORIENTED_EDGE ( 'NONE', *, *, #3190, .F. ) ;
#3263 = AXIS2_PLACEMENT_3D ( 'NONE', #218, #3490, #254 ) ;
#3264 = ORIENTED_EDGE ( 'NONE', *, *, #2906, .T. ) ;
#3265 = DIRECTION ( 'NONE',  ( 1.000000000000000000, 0.000000000000000000, 0.000000000000000000 ) ) ;
#3266 = EDGE_CURVE ( 'NONE', #3105, #3311, #2927, .T. ) ;
#3267 = CARTESIAN_POINT ( 'NONE',  ( -55.21309818478390952, -26.77716692367690499, 8.000000000000000000 ) ) ;
#3268 = VERTEX_POINT ( 'NONE', #735 ) ;
#3269 = CALENDAR_DATE ( 2025, 1, 5 ) ;
#3270 = ADVANCED_FACE ( 'NONE', ( #2145 ), #483, .F. ) ;
#3271 = CYLINDRICAL_SURFACE ( 'NONE', #3038, 5.000000000001052491 ) ;
#3272 = ORIENTED_EDGE ( 'NONE', *, *, #2759, .T. ) ;
#3273 = CARTESIAN_POINT ( 'NONE',  ( 15.54684153429061766, 31.87783216701532751, 0.000000000000000000 ) ) ;
#3274 = CYLINDRICAL_SURFACE ( 'NONE', #7, 4.999999999999990230 ) ;
#3275 = DIRECTION ( 'NONE',  ( 0.000000000000000000, -1.000000000000000000, 0.000000000000000000 ) ) ;
#3276 = DIRECTION ( 'NONE',  ( 0.8660254037844424824, 0.4999999999999932276, 0.000000000000000000 ) ) ;
#3277 = VERTEX_POINT ( 'NONE', #2089 ) ;
#3278 = LINE ( 'NONE', #1095, #1613 ) ;
#3279 = DIRECTION ( 'NONE',  ( 0.000000000000000000, 0.000000000000000000, 1.000000000000000000 ) ) ;
#3280 = ORIENTED_EDGE ( 'NONE', *, *, #193, .F. ) ;
#3281 = DIRECTION ( 'NONE',  ( 1.000000000000000000, -0.000000000000000000, -0.000000000000000000 ) ) ;
#3282 = VERTEX_POINT ( 'NONE', #1072 ) ;
#3283 = DIRECTION ( 'NONE',  ( 0.000000000000000000, -1.000000000000000000, -0.000000000000000000 ) ) ;
#3284 = VERTEX_POINT ( 'NONE', #3186 ) ;
#3285 = APPROVAL_ROLE ( '' ) ;
#3286 = EDGE_CURVE ( 'NONE', #1417, #711, #1554, .T. ) ;
#3287 = EDGE_CURVE ( 'NONE', #60, #1192, #1283, .T. ) ;
#3288 = AXIS2_PLACEMENT_3D ( 'NONE', #2543, #336, #2487 ) ;
#3289 = FACE_OUTER_BOUND ( 'NONE', #461, .T. ) ;
#3290 = VECTOR ( 'NONE', #1193, 1000.000000000000000 ) ;
#3291 = EDGE_CURVE ( 'NONE', #1996, #1954, #2766, .T. ) ;
#3292 = CIRCLE ( 'NONE', #204, 3.000000000000002665 ) ;
#3293 = UNCERTAINTY_MEASURE_WITH_UNIT (LENGTH_MEASURE( 1.000000000000000082E-05 ), #744, 'distance_accuracy_value', 'NONE');
#3294 = VECTOR ( 'NONE', #671, 1000.000000000000000 ) ;
#3295 = ORIENTED_EDGE ( 'NONE', *, *, #950, .T. ) ;
#3296 = VECTOR ( 'NONE', #653, 1000.000000000000000 ) ;
#3297 = CARTESIAN_POINT ( 'NONE',  ( -146.1263339740401648, 58.19519748539271120, 8.000000000000000000 ) ) ;
#3298 = DIRECTION ( 'NONE',  ( -0.5000000000000037748, -0.8660254037844364872, -0.000000000000000000 ) ) ;
#3299 = CARTESIAN_POINT ( 'NONE',  ( 116.1728218977965241, -14.02099488703140118, 0.000000000000000000 ) ) ;
#3300 = DIRECTION ( 'NONE',  ( 1.000000000000000000, 0.000000000000000000, 0.000000000000000000 ) ) ;
#3301 = VERTEX_POINT ( 'NONE', #1605 ) ;
#3302 = CARTESIAN_POINT ( 'NONE',  ( -111.5156988801738152, -147.4858359134303498, 0.000000000000000000 ) ) ;
#3303 = DIRECTION ( 'NONE',  ( -0.8660254037844385966, -0.5000000000000001110, 0.000000000000000000 ) ) ;
#3304 = VERTEX_POINT ( 'NONE', #2104 ) ;
#3305 = ADVANCED_FACE ( 'NONE', ( #1892 ), #2389, .F. ) ;
#3306 = LINE ( 'NONE', #2798, #2083 ) ;
#3307 = CARTESIAN_POINT ( 'NONE',  ( 161.7958579727627466, -151.3380277303767230, 0.000000000000000000 ) ) ;
#3308 = ORIENTED_EDGE ( 'NONE', *, *, #1134, .T. ) ;
#3309 = DIRECTION ( 'NONE',  ( -0.000000000000000000, -0.000000000000000000, 1.000000000000000000 ) ) ;
#3310 = DIRECTION ( 'NONE',  ( 0.8454889030309733489, -0.5339929913879781775, 0.000000000000000000 ) ) ;
#3311 = VERTEX_POINT ( 'NONE', #3240 ) ;
#3312 = LINE ( 'NONE', #2231, #2828 ) ;
#3313 = CARTESIAN_POINT ( 'NONE',  ( -65.72569888017383732, -189.9858359134302361, 8.000000000000000000 ) ) ;
#3314 = CARTESIAN_POINT ( 'NONE',  ( -55.72569888017383732, -129.9858359136491117, 8.000000000000000000 ) ) ;
#3315 = LINE ( 'NONE', #860, #3296 ) ;
#3316 = VERTEX_POINT ( 'NONE', #184 ) ;
#3317 = LINE ( 'NONE', #1917, #153 ) ;
#3318 = AXIS2_PLACEMENT_3D ( 'NONE', #493, #1830, #226 ) ;
#3319 = LINE ( 'NONE', #2738, #3114 ) ;
#3320 = EDGE_LOOP ( 'NONE', ( #3387, #2140, #1133, #566 ) ) ;
#3321 = ORIENTED_EDGE ( 'NONE', *, *, #991, .F. ) ;
#3322 = FACE_OUTER_BOUND ( 'NONE', #1103, .T. ) ;
#3323 = EDGE_CURVE ( 'NONE', #899, #3160, #604, .T. ) ;
#3324 = VECTOR ( 'NONE', #1410, 1000.000000000000000 ) ;
#3325 = LINE ( 'NONE', #2190, #764 ) ;
#3326 = ORIENTED_EDGE ( 'NONE', *, *, #1577, .T. ) ;
#3327 = LINE ( 'NONE', #605, #545 ) ;
#3328 = CARTESIAN_POINT ( 'NONE',  ( 114.0050632336408682, 8.733673257736285223, 8.000000000000000000 ) ) ;
#3329 = VERTEX_POINT ( 'NONE', #2660 ) ;
#3330 = DIRECTION ( 'NONE',  ( -0.000000000000000000, -0.000000000000000000, 1.000000000000000000 ) ) ;
#3331 = AXIS2_PLACEMENT_3D ( 'NONE', #553, #290, #1366 ) ;
#3332 = CARTESIAN_POINT ( 'NONE',  ( 133.8689743205029856, -32.67162998164252485, -59.00000000000000711 ) ) ;
#3333 = AXIS2_PLACEMENT_3D ( 'NONE', #560, #1593, #1650 ) ;
#3334 = ADVANCED_FACE ( 'NONE', ( #3218 ), #1588, .F. ) ;
#3335 = EDGE_CURVE ( 'NONE', #2978, #2435, #2676, .T. ) ;
#3336 = DIRECTION ( 'NONE',  ( -0.000000000000000000, -0.000000000000000000, -1.000000000000000000 ) ) ;
#3337 = FACE_BOUND ( 'NONE', #3363, .T. ) ;
#3338 = ORIENTED_EDGE ( 'NONE', *, *, #1390, .F. ) ;
#3339 = CARTESIAN_POINT ( 'NONE',  ( -56.08148988191288709, -49.20329330367697906, 8.000000000000000000 ) ) ;
#3340 = CARTESIAN_POINT ( 'NONE',  ( -60.72569888017383022, -184.9858359134302361, 8.000000000000000000 ) ) ;
#3341 = EDGE_CURVE ( 'NONE', #3519, #1538, #2407, .T. ) ;
#3342 = ORIENTED_EDGE ( 'NONE', *, *, #2871, .F. ) ;
#3343 = ORIENTED_EDGE ( 'NONE', *, *, #1767, .T. ) ;
#3344 = CARTESIAN_POINT ( 'NONE',  ( -111.9372866340504089, 111.4465962115220918, 0.000000000000000000 ) ) ;
#3345 = LINE ( 'NONE', #584, #983 ) ;
#3346 = ORIENTED_EDGE ( 'NONE', *, *, #2544, .F. ) ;
#3347 = CARTESIAN_POINT ( 'NONE',  ( -118.7707797079486767, -189.9858359134302646, 8.000000000000000000 ) ) ;
#3348 = CARTESIAN_POINT ( 'NONE',  ( -234.5654448419540756, -154.9858359136488559, 8.000000000000000000 ) ) ;
#3349 = AXIS2_PLACEMENT_3D ( 'NONE', #1043, #2116, #778 ) ;
#3350 = VERTEX_POINT ( 'NONE', #276 ) ;
#3351 = EDGE_CURVE ( 'NONE', #864, #1474, #3383, .T. ) ;
#3352 = DIRECTION ( 'NONE',  ( 0.000000000000000000, 0.000000000000000000, 1.000000000000000000 ) ) ;
#3353 = VECTOR ( 'NONE', #1138, 1000.000000000000000 ) ;
#3354 = VECTOR ( 'NONE', #2428, 999.9999999999998863 ) ;
#3355 = LINE ( 'NONE', #631, #1888 ) ;
#3356 = AXIS2_PLACEMENT_3D ( 'NONE', #940, #1540, #2896 ) ;
#3357 = LINE ( 'NONE', #2290, #1479 ) ;
#3358 = DIRECTION ( 'NONE',  ( -1.000000000000000000, 0.000000000000000000, 0.000000000000000000 ) ) ;
#3359 = ORIENTED_EDGE ( 'NONE', *, *, #1039, .T. ) ;
#3360 = DIRECTION ( 'NONE',  ( 0.5000000000000004441, -0.8660254037844383745, 0.000000000000000000 ) ) ;
#3361 = CARTESIAN_POINT ( 'NONE',  ( 34.59704207852223590, 36.27240042738326053, 0.000000000000000000 ) ) ;
#3362 = ORIENTED_EDGE ( 'NONE', *, *, #1872, .T. ) ;
#3363 = EDGE_LOOP ( 'NONE', ( #1340, #2786 ) ) ;
#3364 = DIRECTION ( 'NONE',  ( 0.8660254037844430375, 0.4999999999999925060, 0.000000000000000000 ) ) ;
#3365 = VERTEX_POINT ( 'NONE', #17 ) ;
#3366 = DIRECTION ( 'NONE',  ( -0.5000000000000004441, 0.8660254037844384856, 0.000000000000000000 ) ) ;
#3367 = FACE_OUTER_BOUND ( 'NONE', #316, .T. ) ;
#3368 = ORIENTED_EDGE ( 'NONE', *, *, #368, .F. ) ;
#3369 = AXIS2_PLACEMENT_3D ( 'NONE', #1647, #841, #2734 ) ;
#3370 = DIRECTION ( 'NONE',  ( -0.000000000000000000, -0.000000000000000000, 1.000000000000000000 ) ) ;
#3371 = CARTESIAN_POINT ( 'NONE',  ( -122.1621802216133830, -188.6598531365683016, 8.000000000000000000 ) ) ;
#3372 = ADVANCED_FACE ( 'NONE', ( #1929 ), #878, .T. ) ;
#3373 = CYLINDRICAL_SURFACE ( 'NONE', #2277, 3.000000000000002665 ) ;
#3374 = FACE_BOUND ( 'NONE', #1881, .T. ) ;
#3375 = DIRECTION ( 'NONE',  ( -0.000000000000000000, -0.000000000000000000, -1.000000000000000000 ) ) ;
#3376 = CARTESIAN_POINT ( 'NONE',  ( 87.59398357290992010, -30.52099488703112584, 8.000000000000000000 ) ) ;
#3377 = ORIENTED_EDGE ( 'NONE', *, *, #1347, .T. ) ;
#3378 = ORIENTED_EDGE ( 'NONE', *, *, #2016, .T. ) ;
#3379 = DIRECTION ( 'NONE',  ( -0.000000000000000000, -0.000000000000000000, 1.000000000000000000 ) ) ;
#3380 = VERTEX_POINT ( 'NONE', #2180 ) ;
#3381 = EDGE_CURVE ( 'NONE', #876, #2924, #803, .T. ) ;
#3382 = CARTESIAN_POINT ( 'NONE',  ( -178.9490749327655408, -48.65545749838689460, 8.000000000000000000 ) ) ;
#3383 = CIRCLE ( 'NONE', #411, 3.000000000000002665 ) ;
#3384 = LINE ( 'NONE', #109, #466 ) ;
#3385 = EDGE_CURVE ( 'NONE', #2561, #1137, #1721, .T. ) ;
#3386 = APPROVAL_PERSON_ORGANIZATION ( #3159, #1546, #779 ) ;
#3387 = ORIENTED_EDGE ( 'NONE', *, *, #2673, .T. ) ;
#3388 = CIRCLE ( 'NONE', #644, 3.000000000000002665 ) ;
#3389 = DIRECTION ( 'NONE',  ( -1.000000000000000000, 0.000000000000000000, 0.000000000000000000 ) ) ;
#3390 = DIRECTION ( 'NONE',  ( 0.000000000000000000, 0.000000000000000000, 1.000000000000000000 ) ) ;
#3391 = CARTESIAN_POINT ( 'NONE',  ( -11.23829957479208375, -50.70739184397518784, -23.00000000000000355 ) ) ;
#3392 = DIRECTION ( 'NONE',  ( -1.000000000000000000, 0.000000000000000000, 0.000000000000000000 ) ) ;
#3393 = EDGE_LOOP ( 'NONE', ( #3250, #534 ) ) ;
#3394 = ORIENTED_EDGE ( 'NONE', *, *, #2157, .T. ) ;
#3395 = LINE ( 'NONE', #687, #2770 ) ;
#3396 = EDGE_CURVE ( 'NONE', #2602, #1492, #37, .T. ) ;
#3397 = ORIENTED_EDGE ( 'NONE', *, *, #3144, .T. ) ;
#3398 = ORIENTED_EDGE ( 'NONE', *, *, #2624, .F. ) ;
#3399 = LINE ( 'NONE', #2883, #1483 ) ;
#3400 = CARTESIAN_POINT ( 'NONE',  ( 132.2043952190441019, -80.13652885062265341, 8.000000000000000000 ) ) ;
#3401 = EDGE_CURVE ( 'NONE', #639, #3213, #2683, .T. ) ;
#3402 = DIRECTION ( 'NONE',  ( -0.000000000000000000, -0.000000000000000000, 1.000000000000000000 ) ) ;
#3403 = DIRECTION ( 'NONE',  ( -0.9548095221620462869, -0.2972183984693492764, 0.000000000000000000 ) ) ;
#3404 = CARTESIAN_POINT ( 'NONE',  ( -83.05922890939577030, 80.43062774359324862, 0.000000000000000000 ) ) ;
#3405 = FACE_OUTER_BOUND ( 'NONE', #1221, .T. ) ;
#3406 = VECTOR ( 'NONE', #1956, 1000.000000000000114 ) ;
#3407 = VERTEX_POINT ( 'NONE', #1944 ) ;
#3408 = VECTOR ( 'NONE', #3460, 1000.000000000000000 ) ;
#3409 = VECTOR ( 'NONE', #2338, 999.9999999999998863 ) ;
#3410 = DIRECTION ( 'NONE',  ( -0.8660254037844434816, -0.4999999999999916178, 0.000000000000000000 ) ) ;
#3411 = ORIENTED_EDGE ( 'NONE', *, *, #120, .F. ) ;
#3412 = ORIENTED_EDGE ( 'NONE', *, *, #2951, .F. ) ;
#3413 = ADVANCED_FACE ( 'NONE', ( #1644 ), #1430, .F. ) ;
#3414 = EDGE_CURVE ( 'NONE', #1452, #789, #3355, .T. ) ;
#3415 = CARTESIAN_POINT ( 'NONE',  ( -102.8250637849936453, 33.19519748549397065, 8.000000000000000000 ) ) ;
#3416 = DIRECTION ( 'NONE',  ( 0.000000000000000000, 0.000000000000000000, 1.000000000000000000 ) ) ;
#3417 = EDGE_LOOP ( 'NONE', ( #3447, #2740 ) ) ;
#3418 = PERSON ( 'UNSPECIFIED', 'UNSPECIFIED', 'UNSPECIFIED', ('UNSPECIFIED'), ('UNSPECIFIED'), ('UNSPECIFIED') ) ;
#3419 = CIRCLE ( 'NONE', #2667, 3.000000000000002665 ) ;
#3420 = ADVANCED_FACE ( 'NONE', ( #1090 ), #3274, .T. ) ;
#3421 = CARTESIAN_POINT ( 'NONE',  ( 132.2043952190441019, -80.13652885062265341, 8.000000000000000000 ) ) ;
#3422 = CARTESIAN_POINT ( 'NONE',  ( -167.8652768703705078, -55.57845520262037553, 0.000000000000000000 ) ) ;
#3423 = DIRECTION ( 'NONE',  ( -0.000000000000000000, -0.000000000000000000, -1.000000000000000000 ) ) ;
#3424 = DIRECTION ( 'NONE',  ( -0.000000000000000000, -0.000000000000000000, -1.000000000000000000 ) ) ;
#3425 = VERTEX_POINT ( 'NONE', #556 ) ;
#3426 = DIRECTION ( 'NONE',  ( 0.8660254037844434816, 0.4999999999999916178, 0.000000000000000000 ) ) ;
#3427 = ORIENTED_EDGE ( 'NONE', *, *, #1885, .F. ) ;
#3428 = ORIENTED_EDGE ( 'NONE', *, *, #161, .F. ) ;
#3429 = EDGE_CURVE ( 'NONE', #868, #3365, #1829, .T. ) ;
#3430 = CARTESIAN_POINT ( 'NONE',  ( 34.59704207852223590, 36.27240042738326053, 8.000000000000000000 ) ) ;
#3431 = CARTESIAN_POINT ( 'NONE',  ( -234.5654448419555536, -159.9858359136494812, 0.000000000000000000 ) ) ;
#3432 = AXIS2_PLACEMENT_3D ( 'NONE', #2347, #1561, #2723 ) ;
#3433 = CALENDAR_DATE ( 2025, 1, 5 ) ;
#3434 = EDGE_LOOP ( 'NONE', ( #2475, #2468, #1649, #539 ) ) ;
#3435 = APPROVAL_PERSON_ORGANIZATION ( #3251, #872, #3285 ) ;
#3436 = CARTESIAN_POINT ( 'NONE',  ( -13.36990787766326250, -28.28126546397511021, 8.000000000000000000 ) ) ;
#3437 = CARTESIAN_POINT ( 'NONE',  ( 31.05092506722409595, 92.41445526058974735, 8.000000000000000000 ) ) ;
#3438 = DIRECTION ( 'NONE',  ( -1.000000000000000000, 0.000000000000000000, 0.000000000000000000 ) ) ;
#3439 = LINE ( 'NONE', #954, #1627 ) ;
#3440 = EDGE_CURVE ( 'NONE', #849, #3120, #293, .T. ) ;
#3441 = EDGE_CURVE ( 'NONE', #3519, #3480, #2767, .T. ) ;
#3442 = EDGE_LOOP ( 'NONE', ( #261, #2616, #1578, #696 ) ) ;
#3443 = PLANE ( 'NONE',  #503 ) ;
#3444 = PLANE ( 'NONE',  #3356 ) ;
#3445 = ORIENTED_EDGE ( 'NONE', *, *, #3396, .T. ) ;
#3446 = EDGE_CURVE ( 'NONE', #2299, #2329, #347, .T. ) ;
#3447 = ORIENTED_EDGE ( 'NONE', *, *, #274, .T. ) ;
#3448 = CIRCLE ( 'NONE', #3522, 5.000000000001048939 ) ;
#3449 = FACE_OUTER_BOUND ( 'NONE', #912, .T. ) ;
#3450 = DIRECTION ( 'NONE',  ( -0.000000000000000000, -0.000000000000000000, -1.000000000000000000 ) ) ;
#3451 = CARTESIAN_POINT ( 'NONE',  ( -100.7553813321024876, 61.77999264898234344, 8.000000000000000000 ) ) ;
#3452 = ORIENTED_EDGE ( 'NONE', *, *, #1952, .F. ) ;
#3453 = EDGE_CURVE ( 'NONE', #1919, #2381, #1677, .T. ) ;
#3454 = VERTEX_POINT ( 'NONE', #3019 ) ;
#3455 = DIRECTION ( 'NONE',  ( 0.000000000000000000, -1.000000000000000000, 0.000000000000000000 ) ) ;
#3456 = CARTESIAN_POINT ( 'NONE',  ( 0.4975139712179096896, -130.7583913984942114, 8.000000000000000000 ) ) ;
#3457 = CARTESIAN_POINT ( 'NONE',  ( -41.22569887978898606, -38.74227938382608727, 0.000000000000000000 ) ) ;
#3458 = ORIENTED_EDGE ( 'NONE', *, *, #2260, .F. ) ;
#3459 = VECTOR ( 'NONE', #561, 1000.000000000000114 ) ;
#3460 = DIRECTION ( 'NONE',  ( 0.000000000000000000, -1.000000000000000000, 0.000000000000000000 ) ) ;
#3461 = DIRECTION ( 'NONE',  ( 2.312964634635740689E-15, -1.000000000000000000, 0.000000000000000000 ) ) ;
#3462 = VERTEX_POINT ( 'NONE', #330 ) ;
#3463 = VECTOR ( 'NONE', #1535, 1000.000000000000000 ) ;
#3464 = AXIS2_PLACEMENT_3D ( 'NONE', #519, #3527, #2697 ) ;
#3465 = ORIENTED_EDGE ( 'NONE', *, *, #239, .T. ) ;
#3466 = VECTOR ( 'NONE', #809, 1000.000000000000000 ) ;
#3467 = AXIS2_PLACEMENT_3D ( 'NONE', #2092, #155, #3136 ) ;
#3468 = DIRECTION ( 'NONE',  ( -0.000000000000000000, -0.000000000000000000, -1.000000000000000000 ) ) ;
#3469 = CARTESIAN_POINT ( 'NONE',  ( -95.55922890939582715, 58.77999264898231502, -59.00000000000000711 ) ) ;
#3470 = ORIENTED_EDGE ( 'NONE', *, *, #2293, .F. ) ;
#3471 = AXIS2_PLACEMENT_3D ( 'NONE', #1520, #271, #515 ) ;
#3472 = CYLINDRICAL_SURFACE ( 'NONE', #2652, 3.000000000000002665 ) ;
#3473 = DIRECTION ( 'NONE',  ( -0.000000000000000000, -0.000000000000000000, -1.000000000000000000 ) ) ;
#3474 = DIRECTION ( 'NONE',  ( 0.000000000000000000, 0.000000000000000000, 1.000000000000000000 ) ) ;
#3475 = VERTEX_POINT ( 'NONE', #591 ) ;
#3476 = PLANE ( 'NONE',  #3233 ) ;
#3477 = LINE ( 'NONE', #1913, #144 ) ;
#3478 = VERTEX_POINT ( 'NONE', #572 ) ;
#3479 = ORIENTED_EDGE ( 'NONE', *, *, #2644, .T. ) ;
#3480 = VERTEX_POINT ( 'NONE', #2750 ) ;
#3481 = CARTESIAN_POINT ( 'NONE',  ( -225.2472557322428486, -151.3380277304354138, 8.000000000000000000 ) ) ;
#3482 = LINE ( 'NONE', #175, #3224 ) ;
#3483 = CALENDAR_DATE ( 2025, 1, 5 ) ;
#3484 = EDGE_CURVE ( 'NONE', #995, #231, #75, .T. ) ;
#3485 = AXIS2_PLACEMENT_3D ( 'NONE', #742, #1847, #2934 ) ;
#3486 = EDGE_CURVE ( 'NONE', #103, #2682, #1388, .T. ) ;
#3487 = EDGE_LOOP ( 'NONE', ( #1150, #375, #577, #1421 ) ) ;
#3488 = LINE ( 'NONE', #3162, #2995 ) ;
#3489 = DIRECTION ( 'NONE',  ( -1.000000000000000000, 0.000000000000000000, 0.000000000000000000 ) ) ;
#3490 = DIRECTION ( 'NONE',  ( -0.000000000000000000, -0.000000000000000000, -1.000000000000000000 ) ) ;
#3491 = ORIENTED_EDGE ( 'NONE', *, *, #2018, .F. ) ;
#3492 = CARTESIAN_POINT ( 'NONE',  ( -164.8652768703705078, -55.57845520262037553, 8.000000000000000000 ) ) ;
#3493 = FACE_OUTER_BOUND ( 'NONE', #1413, .T. ) ;
#3494 = VERTEX_POINT ( 'NONE', #1184 ) ;
#3495 = VERTEX_POINT ( 'NONE', #1259 ) ;
#3496 = ORIENTED_EDGE ( 'NONE', *, *, #2951, .T. ) ;
#3497 = EDGE_CURVE ( 'NONE', #3495, #689, #2867, .T. ) ;
#3498 = CARTESIAN_POINT ( 'NONE',  ( -86.51569888017381516, -180.4858359134302646, 8.000000000000000000 ) ) ;
#3499 = VECTOR ( 'NONE', #326, 1000.000000000000000 ) ;
#3500 = DIRECTION ( 'NONE',  ( -0.000000000000000000, -0.000000000000000000, 1.000000000000000000 ) ) ;
#3501 = DIRECTION ( 'NONE',  ( 0.000000000000000000, 0.000000000000000000, 1.000000000000000000 ) ) ;
#3502 = ORIENTED_EDGE ( 'NONE', *, *, #3071, .T. ) ;
#3503 = DIRECTION ( 'NONE',  ( 0.000000000000000000, 0.000000000000000000, 1.000000000000000000 ) ) ;
#3504 = DIRECTION ( 'NONE',  ( 0.5000000000000026645, 0.8660254037844371533, 0.000000000000000000 ) ) ;
#3505 = CARTESIAN_POINT ( 'NONE',  ( -117.1037935601527096, -186.4858359134302646, 0.000000000000000000 ) ) ;
#3506 = CYLINDRICAL_SURFACE ( 'NONE', #913, 3.000000000000002665 ) ;
#3507 = CYLINDRICAL_SURFACE ( 'NONE', #3512, 5.000000000000004441 ) ;
#3508 = VERTEX_POINT ( 'NONE', #1817 ) ;
#3509 = DIRECTION ( 'NONE',  ( -1.000000000000000000, 0.000000000000000000, 0.000000000000000000 ) ) ;
#3510 = AXIS2_PLACEMENT_3D ( 'NONE', #1420, #1099, #1401 ) ;
#3511 = EDGE_LOOP ( 'NONE', ( #3496, #2505, #1402, #843 ) ) ;
#3512 = AXIS2_PLACEMENT_3D ( 'NONE', #1287, #521, #1609 ) ;
#3513 = VERTEX_POINT ( 'NONE', #192 ) ;
#3514 = AXIS2_PLACEMENT_3D ( 'NONE', #1940, #1444, #627 ) ;
#3515 = DIRECTION ( 'NONE',  ( 1.000000000000000000, 0.000000000000000000, 0.000000000000000000 ) ) ;
#3516 = CIRCLE ( 'NONE', #2261, 3.000000000000002665 ) ;
#3517 = LINE ( 'NONE', #458, #2573 ) ;
#3518 = EDGE_CURVE ( 'NONE', #421, #2847, #1529, .T. ) ;
#3519 = VERTEX_POINT ( 'NONE', #460 ) ;
#3520 = EDGE_CURVE ( 'NONE', #2953, #287, #1449, .T. ) ;
#3521 = VECTOR ( 'NONE', #105, 1000.000000000000114 ) ;
#3522 = AXIS2_PLACEMENT_3D ( 'NONE', #2411, #2969, #2185 ) ;
#3523 = VECTOR ( 'NONE', #1468, 1000.000000000000000 ) ;
#3524 = CARTESIAN_POINT ( 'NONE',  ( -111.5156988801738009, -180.4858359134302646, 0.000000000000000000 ) ) ;
#3525 = VERTEX_POINT ( 'NONE', #1014 ) ;
#3526 = CARTESIAN_POINT ( 'NONE',  ( -121.4339205790749077, 110.9637120469668474, 8.000000000000000000 ) ) ;
#3527 = DIRECTION ( 'NONE',  ( 0.8660254037844363761, -0.5000000000000038858, 0.000000000000000000 ) ) ;
#3528 = EDGE_CURVE ( 'NONE', #2682, #287, #2913, .T. ) ;
#3529 = CARTESIAN_POINT ( 'NONE',  ( -37.22569887978897896, -45.67048261410159427, -2.000000000000000000 ) ) ;
#3530 = CARTESIAN_POINT ( 'NONE',  ( 57.04353900682962575, -12.60607270437667360, 8.000000000000000000 ) ) ;
#3531 = ORIENTED_EDGE ( 'NONE', *, *, #544, .T. ) ;
#3532 = DIRECTION ( 'NONE',  ( 0.000000000000000000, 0.000000000000000000, 1.000000000000000000 ) ) ;
#3533 = EDGE_LOOP ( 'NONE', ( #3161, #1660, #2984, #1441 ) ) ;
#3534 = ORIENTED_EDGE ( 'NONE', *, *, #2555, .F. ) ;
#3535 = VECTOR ( 'NONE', #2823, 1000.000000000000000 ) ;
#3536 = DIRECTION ( 'NONE',  ( -0.000000000000000000, -0.000000000000000000, -1.000000000000000000 ) ) ;
#3537 = CARTESIAN_POINT ( 'NONE',  ( 116.1728218977965241, -14.02099488703140118, 8.000000000000000000 ) ) ;
#3538 = ORIENTED_EDGE ( 'NONE', *, *, #613, .T. ) ;
#3539 = EDGE_CURVE ( 'NONE', #3365, #1994, #478, .T. ) ;
#3540 = EDGE_LOOP ( 'NONE', ( #2812, #1807, #2686, #139 ) ) ;
#3541 = VERTEX_POINT ( 'NONE', #3451 ) ;
#3542 = DIRECTION ( 'NONE',  ( -1.000000000000000000, 0.000000000000000000, 0.000000000000000000 ) ) ;
#3543 = DIRECTION ( 'NONE',  ( -1.000000000000000000, 0.000000000000000000, 0.000000000000000000 ) ) ;
#3544 = AXIS2_PLACEMENT_3D ( 'NONE', #2772, #842, #2200 ) ;
ENDSEC;
END-ISO-10303-21;
