ISO-10303-21;
HEADER;
FILE_DESCRIPTION (( 'STEP AP203' ),
    '1' );
FILE_NAME ('MOTOR_Défaut_sldprt.STEP',
    '2025-05-01T13:41:24',
    ( '' ),
    ( '' ),
    'SwSTEP 2.0',
    'SolidWorks 2022',
    '' );
FILE_SCHEMA (( 'CONFIG_CONTROL_DESIGN' ));
ENDSEC;

DATA;
#1 = AXIS2_PLACEMENT_3D ( 'NONE', #830, #1001, #1189 ) ;
#2 = CARTESIAN_POINT ( 'NONE',  ( -40.29999999999967031, -5.034287420542228841E-13, 0.000000000000000000 ) ) ;
#3 = ADVANCED_FACE ( 'NONE', ( #287, #1607 ), #428, .F. ) ;
#4 = LINE ( 'NONE', #328, #1046 ) ;
#5 = FACE_OUTER_BOUND ( 'NONE', #2073, .T. ) ;
#6 = EDGE_LOOP ( 'NONE', ( #1958, #235, #661, #548 ) ) ;
#7 = ADVANCED_FACE ( 'NONE', ( #1801 ), #667, .F. ) ;
#8 = ORIENTED_EDGE ( 'NONE', *, *, #628, .T. ) ;
#9 = CIRCLE ( 'NONE', #2017, 1.999999999999998224 ) ;
#10 = VECTOR ( 'NONE', #1723, 1000.000000000000000 ) ;
#11 = CARTESIAN_POINT ( 'NONE',  ( -7.541089098197038432, 33.51731895727888144, 30.00000000000000000 ) ) ;
#12 = ORIENTED_EDGE ( 'NONE', *, *, #1934, .T. ) ;
#13 = VECTOR ( 'NONE', #1922, 1000.000000000000114 ) ;
#14 = DIRECTION ( 'NONE',  ( -1.000000000000000000, -0.000000000000000000, -0.000000000000000000 ) ) ;
#15 = LINE ( 'NONE', #154, #1460 ) ;
#16 = DIRECTION ( 'NONE',  ( 1.000000000000000000, -7.648180615600750172E-16, -1.274696769266791531E-16 ) ) ;
#17 = CYLINDRICAL_SURFACE ( 'NONE', #1770, 9.960944859223857861 ) ;
#18 = DIRECTION ( 'NONE',  ( 0.7071067811865461294, 0.7071067811865489050, -0.000000000000000000 ) ) ;
#19 = EDGE_LOOP ( 'NONE', ( #1143, #1300, #1518 ) ) ;
#20 = ADVANCED_FACE ( 'NONE', ( #317 ), #2130, .T. ) ;
#21 = VERTEX_POINT ( 'NONE', #2139 ) ;
#22 = ORIENTED_EDGE ( 'NONE', *, *, #1322, .T. ) ;
#23 = ORIENTED_EDGE ( 'NONE', *, *, #271, .T. ) ;
#24 = EDGE_CURVE ( 'NONE', #236, #70, #2012, .T. ) ;
#25 = LINE ( 'NONE', #1809, #1326 ) ;
#26 = DIRECTION ( 'NONE',  ( 0.000000000000000000, 0.000000000000000000, -1.000000000000000000 ) ) ;
#27 = CARTESIAN_POINT ( 'NONE',  ( 0.000000000000000000, 0.000000000000000000, 0.000000000000000000 ) ) ;
#28 = DIRECTION ( 'NONE',  ( -1.000000000000000000, 0.000000000000000000, 0.000000000000000000 ) ) ;
#29 = DIRECTION ( 'NONE',  ( -0.000000000000000000, -0.000000000000000000, -1.000000000000000000 ) ) ;
#30 = VERTEX_POINT ( 'NONE', #477 ) ;
#31 = ORIENTED_EDGE ( 'NONE', *, *, #1279, .F. ) ;
#32 = AXIS2_PLACEMENT_3D ( 'NONE', #272, #789, #1104 ) ;
#33 = EDGE_LOOP ( 'NONE', ( #1427, #1547, #2105, #1418, #52, #1146 ) ) ;
#34 = ADVANCED_FACE ( 'NONE', ( #5 ), #821, .T. ) ;
#35 = CARTESIAN_POINT ( 'NONE',  ( -34.75891090180329712, 33.51731895727890276, 30.00000000000000000 ) ) ;
#36 = CIRCLE ( 'NONE', #2109, 1.500000000000667466 ) ;
#37 = CARTESIAN_POINT ( 'NONE',  ( -8.369516222943227390, 31.51731895727887789, 6.999999999999999112 ) ) ;
#38 = DIRECTION ( 'NONE',  ( -0.000000000000000000, -0.000000000000000000, 1.000000000000000000 ) ) ;
#39 = LINE ( 'NONE', #905, #837 ) ;
#40 = VECTOR ( 'NONE', #192, 1000.000000000000000 ) ;
#41 = EDGE_LOOP ( 'NONE', ( #1538, #1458 ) ) ;
#42 = ORIENTED_EDGE ( 'NONE', *, *, #1581, .F. ) ;
#43 = AXIS2_PLACEMENT_3D ( 'NONE', #1306, #129, #792 ) ;
#44 = CIRCLE ( 'NONE', #1844, 6.999999999999999112 ) ;
#45 = DIRECTION ( 'NONE',  ( -1.000000000000000000, 0.000000000000000000, 0.000000000000000000 ) ) ;
#46 = PRODUCT_DEFINITION_FORMATION_WITH_SPECIFIED_SOURCE ( 'ANY', '', #1354, .NOT_KNOWN. ) ;
#47 = CARTESIAN_POINT ( 'NONE',  ( -34.75891090180301291, -8.782681042720854592, 0.000000000000000000 ) ) ;
#48 = DIRECTION ( 'NONE',  ( 0.7071067811865462405, 0.7071067811865489050, 0.000000000000000000 ) ) ;
#49 = CARTESIAN_POINT ( 'NONE',  ( -42.29999999999967031, -1.241591944524080615, 22.00000000000000000 ) ) ;
#50 = EDGE_CURVE ( 'NONE', #1991, #2134, #1140, .T. ) ;
#51 = ORIENTED_EDGE ( 'NONE', *, *, #1727, .F. ) ;
#52 = ORIENTED_EDGE ( 'NONE', *, *, #469, .F. ) ;
#53 = PLANE ( 'NONE',  #1082 ) ;
#54 = PLANE ( 'NONE',  #695 ) ;
#55 = CARTESIAN_POINT ( 'NONE',  ( -21.15000000000009450, 12.36731895727903208, -35.00000000000000000 ) ) ;
#56 = DIRECTION ( 'NONE',  ( -1.000000000000000000, 0.000000000000000000, 0.000000000000000000 ) ) ;
#57 = LINE ( 'NONE', #719, #769 ) ;
#58 = EDGE_LOOP ( 'NONE', ( #668, #1992, #1048, #1408 ) ) ;
#59 = ORIENTED_EDGE ( 'NONE', *, *, #387, .T. ) ;
#60 = EDGE_CURVE ( 'NONE', #2119, #1545, #1990, .T. ) ;
#61 = VERTEX_POINT ( 'NONE', #329 ) ;
#62 = CARTESIAN_POINT ( 'NONE',  ( -7.541089098197034879, -8.782681042720788867, 30.00000000000000000 ) ) ;
#63 = COORDINATED_UNIVERSAL_TIME_OFFSET ( 1, 0, .AHEAD. ) ;
#64 = DIRECTION ( 'NONE',  ( 0.7071067811865477948, -0.7071067811865473507, 0.000000000000000000 ) ) ;
#65 = LINE ( 'NONE', #1857, #1455 ) ;
#66 = EDGE_CURVE ( 'NONE', #1957, #197, #1174, .T. ) ;
#67 = DIRECTION ( 'NONE',  ( -0.7071067811865477948, 0.7071067811865473507, -0.000000000000000000 ) ) ;
#68 = DIRECTION ( 'NONE',  ( -1.000000000000000000, 0.000000000000000000, 0.000000000000000000 ) ) ;
#69 = ORIENTED_EDGE ( 'NONE', *, *, #1580, .F. ) ;
#70 = VERTEX_POINT ( 'NONE', #157 ) ;
#71 = CIRCLE ( 'NONE', #32, 1.500000000000598188 ) ;
#72 = AXIS2_PLACEMENT_3D ( 'NONE', #81, #1536, #2056 ) ;
#73 = EDGE_CURVE ( 'NONE', #514, #959, #1652, .T. ) ;
#74 = ORIENTED_EDGE ( 'NONE', *, *, #1852, .T. ) ;
#75 = EDGE_CURVE ( 'NONE', #1100, #2119, #1835, .T. ) ;
#76 = VECTOR ( 'NONE', #1417, 1000.000000000000000 ) ;
#77 = DIRECTION ( 'NONE',  ( 0.000000000000000000, 0.000000000000000000, 1.000000000000000000 ) ) ;
#78 = VECTOR ( 'NONE', #128, 1000.000000000000000 ) ;
#79 = AXIS2_PLACEMENT_3D ( 'NONE', #2039, #1896, #1413 ) ;
#80 = CARTESIAN_POINT ( 'NONE',  ( -21.15000000000009450, 12.36731895727903208, -15.00000000000000000 ) ) ;
#81 = CARTESIAN_POINT ( 'NONE',  ( -20.35658240988916035, -20.35658240988878376, 0.000000000000000000 ) ) ;
#82 = LINE ( 'NONE', #1244, #1113 ) ;
#83 = CARTESIAN_POINT ( 'NONE',  ( -7.328666161966236992, -1.454014880755873707, 4.000000000000000000 ) ) ;
#84 = ORIENTED_EDGE ( 'NONE', *, *, #1951, .F. ) ;
#85 = ORIENTED_EDGE ( 'NONE', *, *, #2078, .T. ) ;
#86 = ORIENTED_EDGE ( 'NONE', *, *, #1171, .T. ) ;
#87 = LINE ( 'NONE', #564, #1462 ) ;
#88 = EDGE_CURVE ( 'NONE', #745, #1777, #644, .T. ) ;
#89 = CARTESIAN_POINT ( 'NONE',  ( 2.000000000000000000, 32.09309400823261882, 7.000000000000000000 ) ) ;
#90 = LINE ( 'NONE', #586, #1106 ) ;
#91 = DIRECTION ( 'NONE',  ( -0.000000000000000000, -0.000000000000000000, -1.000000000000000000 ) ) ;
#92 = DIRECTION ( 'NONE',  ( -1.000000000000000000, 0.000000000000000000, 0.000000000000000000 ) ) ;
#93 = LINE ( 'NONE', #547, #419 ) ;
#94 = ORIENTED_EDGE ( 'NONE', *, *, #593, .F. ) ;
#95 = ORIENTED_EDGE ( 'NONE', *, *, #1449, .T. ) ;
#96 = EDGE_CURVE ( 'NONE', #1110, #202, #1353, .T. ) ;
#97 = ADVANCED_FACE ( 'NONE', ( #168 ), #178, .F. ) ;
#98 = VECTOR ( 'NONE', #280, 1000.000000000000000 ) ;
#99 = CARTESIAN_POINT ( 'NONE',  ( 10.00000000000000000, -9.406905991767381181, 50.78506780000000020 ) ) ;
#100 = CARTESIAN_POINT ( 'NONE',  ( -34.75891090180301291, -8.782681042720854592, 30.00000000000000000 ) ) ;
#101 = CARTESIAN_POINT ( 'NONE',  ( -42.29999999999999716, 25.97622985908217075, 0.000000000000000000 ) ) ;
#102 = CARTESIAN_POINT ( 'NONE',  ( 2.000000000000000000, 0.000000000000000000, 0.000000000000000000 ) ) ;
#103 = ORIENTED_EDGE ( 'NONE', *, *, #817, .F. ) ;
#104 = ORIENTED_EDGE ( 'NONE', *, *, #1133, .T. ) ;
#105 = VECTOR ( 'NONE', #126, 999.9999999999998863 ) ;
#106 = VECTOR ( 'NONE', #1415, 1000.000000000000000 ) ;
#107 = DIRECTION ( 'NONE',  ( -1.000000000000000000, -0.000000000000000000, -0.000000000000000000 ) ) ;
#108 = DIRECTION ( 'NONE',  ( -0.000000000000000000, 1.000000000000000000, -0.000000000000000000 ) ) ;
#109 = VECTOR ( 'NONE', #975, 1000.000000000000000 ) ;
#110 = AXIS2_PLACEMENT_3D ( 'NONE', #476, #112, #1471 ) ;
#111 = DIRECTION ( 'NONE',  ( -0.000000000000000000, 1.000000000000000000, -0.000000000000000000 ) ) ;
#112 = DIRECTION ( 'NONE',  ( -0.000000000000000000, -0.000000000000000000, 1.000000000000000000 ) ) ;
#113 = ORIENTED_EDGE ( 'NONE', *, *, #973, .F. ) ;
#114 = ORIENTED_EDGE ( 'NONE', *, *, #2009, .T. ) ;
#115 = VECTOR ( 'NONE', #618, 1000.000000000000000 ) ;
#116 = EDGE_CURVE ( 'NONE', #1924, #648, #1492, .T. ) ;
#117 = PERSON_AND_ORGANIZATION ( #1227, #1847 ) ;
#118 = DIRECTION ( 'NONE',  ( -1.000000000000000000, 0.000000000000000000, 0.000000000000000000 ) ) ;
#119 = PLANE ( 'NONE',  #1111 ) ;
#120 = LINE ( 'NONE', #947, #631 ) ;
#121 = DIRECTION ( 'NONE',  ( 0.000000000000000000, -1.000000000000000000, 0.000000000000000000 ) ) ;
#122 = ORIENTED_EDGE ( 'NONE', *, *, #269, .F. ) ;
#123 = ORIENTED_EDGE ( 'NONE', *, *, #1510, .T. ) ;
#124 = ADVANCED_FACE ( 'NONE', ( #1823 ), #502, .T. ) ;
#125 = DIRECTION ( 'NONE',  ( -1.000000000000000000, 0.000000000000000000, 0.000000000000000000 ) ) ;
#126 = DIRECTION ( 'NONE',  ( -0.7071067811865462405, -0.7071067811865489050, -0.000000000000000000 ) ) ;
#127 = CARTESIAN_POINT ( 'NONE',  ( -34.75891090180303422, -6.782681042720855480, 22.00000000000000000 ) ) ;
#128 = DIRECTION ( 'NONE',  ( 1.000000000000000000, 2.421923861606929596E-15, 0.000000000000000000 ) ) ;
#129 = DIRECTION ( 'NONE',  ( -0.000000000000000000, -0.000000000000000000, -1.000000000000000000 ) ) ;
#130 = VERTEX_POINT ( 'NONE', #1661 ) ;
#131 = ORIENTED_EDGE ( 'NONE', *, *, #432, .F. ) ;
#132 = ADVANCED_FACE ( 'NONE', ( #858 ), #1686, .F. ) ;
#133 = ORIENTED_EDGE ( 'NONE', *, *, #261, .T. ) ;
#134 = ADVANCED_FACE ( 'NONE', ( #2041 ), #1551, .T. ) ;
#135 = AXIS2_PLACEMENT_3D ( 'NONE', #209, #2055, #48 ) ;
#136 = DIRECTION ( 'NONE',  ( -0.000000000000000000, -0.000000000000000000, -1.000000000000000000 ) ) ;
#137 = VECTOR ( 'NONE', #1217, 1000.000000000000000 ) ;
#138 = ADVANCED_FACE ( 'NONE', ( #555 ), #1898, .T. ) ;
#139 = DIRECTION ( 'NONE',  ( -1.000000000000000000, -0.000000000000000000, -0.000000000000000000 ) ) ;
#140 = CARTESIAN_POINT ( 'NONE',  ( -7.541089098197038432, 33.51731895727888144, 30.00000000000000000 ) ) ;
#141 = VECTOR ( 'NONE', #1820, 1000.000000000000000 ) ;
#142 = DIRECTION ( 'NONE',  ( 0.000000000000000000, 0.000000000000000000, -1.000000000000000000 ) ) ;
#143 = VECTOR ( 'NONE', #873, 1000.000000000000000 ) ;
#144 = DIRECTION ( 'NONE',  ( 0.000000000000000000, 0.000000000000000000, -1.000000000000000000 ) ) ;
#145 = ORIENTED_EDGE ( 'NONE', *, *, #615, .T. ) ;
#146 = ORIENTED_EDGE ( 'NONE', *, *, #722, .T. ) ;
#147 = AXIS2_PLACEMENT_3D ( 'NONE', #1525, #363, #844 ) ;
#148 = ORIENTED_EDGE ( 'NONE', *, *, #1873, .T. ) ;
#149 = DESIGN_CONTEXT ( 'detailed design', #1175, 'design' ) ;
#150 = CARTESIAN_POINT ( 'NONE',  ( -42.29999999999999716, 25.97622985908217075, 30.00000000000000000 ) ) ;
#151 = ORIENTED_EDGE ( 'NONE', *, *, #1759, .T. ) ;
#152 = EDGE_CURVE ( 'NONE', #2025, #1100, #1889, .T. ) ;
#153 = CARTESIAN_POINT ( 'NONE',  ( -33.93048377705684970, -6.782681042720853704, 6.999999999999999112 ) ) ;
#154 = CARTESIAN_POINT ( 'NONE',  ( -18.00219178148517685, 12.36731895727903208, -15.00000000000000000 ) ) ;
#155 = DIRECTION ( 'NONE',  ( 0.7071067811865473507, 0.7071067811865476838, -0.000000000000000000 ) ) ;
#156 = LINE ( 'NONE', #602, #1084 ) ;
#157 = CARTESIAN_POINT ( 'NONE',  ( -34.11282905502453389, 12.36731895727903208, 0.000000000000000000 ) ) ;
#158 = VERTEX_POINT ( 'NONE', #1205 ) ;
#159 = ORIENTED_EDGE ( 'NONE', *, *, #262, .F. ) ;
#160 = DIRECTION ( 'NONE',  ( 1.000000000000000000, -7.648180615600750172E-16, -1.274696769266791531E-16 ) ) ;
#161 = ORIENTED_EDGE ( 'NONE', *, *, #641, .F. ) ;
#162 = EDGE_CURVE ( 'NONE', #2003, #971, #1197, .T. ) ;
#163 = DIRECTION ( 'NONE',  ( -1.000000000000000000, 0.000000000000000000, 0.000000000000000000 ) ) ;
#164 = DIRECTION ( 'NONE',  ( 0.000000000000000000, 0.000000000000000000, -1.000000000000000000 ) ) ;
#165 = EDGE_CURVE ( 'NONE', #1654, #1100, #400, .T. ) ;
#166 = CARTESIAN_POINT ( 'NONE',  ( -7.541089098197034879, 33.51731895727888144, 22.00000000000000000 ) ) ;
#167 = CARTESIAN_POINT ( 'NONE',  ( -33.47133383803357276, 26.18865279531431511, 4.000000000000000000 ) ) ;
#168 = FACE_OUTER_BOUND ( 'NONE', #853, .T. ) ;
#169 = ORIENTED_EDGE ( 'NONE', *, *, #2049, .T. ) ;
#170 = ORIENTED_EDGE ( 'NONE', *, *, #1926, .T. ) ;
#171 = DIRECTION ( 'NONE',  ( 0.000000000000000000, 0.000000000000000000, -1.000000000000000000 ) ) ;
#172 = EDGE_LOOP ( 'NONE', ( #991, #984, #1485, #899, #1729, #1853, #1644, #95, #193, #2091, #330, #493 ) ) ;
#173 = FACE_BOUND ( 'NONE', #1994, .T. ) ;
#174 = FACE_OUTER_BOUND ( 'NONE', #767, .T. ) ;
#175 = VECTOR ( 'NONE', #2125, 1000.000000000000000 ) ;
#176 = CARTESIAN_POINT ( 'NONE',  ( -7.541089098197034879, 33.51731895727888144, 22.00000000000000000 ) ) ;
#177 = LINE ( 'NONE', #350, #2054 ) ;
#178 = PLANE ( 'NONE',  #1 ) ;
#179 = ORIENTED_EDGE ( 'NONE', *, *, #752, .T. ) ;
#180 = CIRCLE ( 'NONE', #450, 1.500000000000724754 ) ;
#181 = VERTEX_POINT ( 'NONE', #1371 ) ;
#182 = ADVANCED_FACE ( 'NONE', ( #569 ), #2023, .F. ) ;
#183 = VECTOR ( 'NONE', #524, 1000.000000000000000 ) ;
#184 = AXIS2_PLACEMENT_3D ( 'NONE', #1042, #1564, #56 ) ;
#185 = VERTEX_POINT ( 'NONE', #230 ) ;
#186 = VERTEX_POINT ( 'NONE', #1526 ) ;
#187 =( GEOMETRIC_REPRESENTATION_CONTEXT ( 3 ) GLOBAL_UNCERTAINTY_ASSIGNED_CONTEXT ( ( #1210 ) ) GLOBAL_UNIT_ASSIGNED_CONTEXT ( ( #1887, #874, #1203 ) ) REPRESENTATION_CONTEXT ( 'NONE', 'WORKASPACE' ) );
#188 = CARTESIAN_POINT ( 'NONE',  ( 0.000000000000000000, 39.09309400823261882, 7.000000000000048850 ) ) ;
#189 = LINE ( 'NONE', #839, #1732 ) ;
#190 = CARTESIAN_POINT ( 'NONE',  ( -42.29999999999999716, 25.97622985908217075, 30.00000000000000000 ) ) ;
#191 = CARTESIAN_POINT ( 'NONE',  ( 10.00000000000000000, 35.59309400823261171, 50.78506780000000020 ) ) ;
#192 = DIRECTION ( 'NONE',  ( -0.000000000000000000, -0.000000000000000000, 1.000000000000000000 ) ) ;
#193 = ORIENTED_EDGE ( 'NONE', *, *, #1580, .T. ) ;
#194 = EDGE_CURVE ( 'NONE', #342, #1286, #65, .T. ) ;
#195 = ORIENTED_EDGE ( 'NONE', *, *, #1934, .F. ) ;
#196 = EDGE_CURVE ( 'NONE', #559, #1006, #1865, .T. ) ;
#197 = VERTEX_POINT ( 'NONE', #544 ) ;
#198 = CARTESIAN_POINT ( 'NONE',  ( 10.00000000000000000, -3.406905991767381625, 25.78506780000000020 ) ) ;
#199 = PLANE ( 'NONE',  #423 ) ;
#200 = CARTESIAN_POINT ( 'NONE',  ( -2.000000000000002220, -0.4131648197775634745, 6.999999999999999112 ) ) ;
#201 = DIRECTION ( 'NONE',  ( -0.000000000000000000, -0.000000000000000000, 1.000000000000000000 ) ) ;
#202 = VERTEX_POINT ( 'NONE', #210 ) ;
#203 = VERTEX_POINT ( 'NONE', #1040 ) ;
#204 = EDGE_CURVE ( 'NONE', #2074, #910, #2013, .T. ) ;
#205 = PLANE ( 'NONE',  #1913 ) ;
#206 = ADVANCED_FACE ( 'NONE', ( #2069 ), #537, .T. ) ;
#207 = VECTOR ( 'NONE', #2123, 1000.000000000000000 ) ;
#208 = PERSON_AND_ORGANIZATION ( #1227, #1847 ) ;
#209 = CARTESIAN_POINT ( 'NONE',  ( -42.29999999999999716, 25.97622985908217075, 30.00000000000000000 ) ) ;
#210 = CARTESIAN_POINT ( 'NONE',  ( -3.174543961037556983E-13, 25.97622985908216364, 6.999999999999999112 ) ) ;
#211 = VECTOR ( 'NONE', #710, 1000.000000000000000 ) ;
#212 = ORIENTED_EDGE ( 'NONE', *, *, #1347, .T. ) ;
#213 = EDGE_LOOP ( 'NONE', ( #1445, #1597, #889, #1257 ) ) ;
#214 = AXIS2_PLACEMENT_3D ( 'NONE', #1089, #755, #894 ) ;
#215 = LINE ( 'NONE', #1194, #143 ) ;
#216 = VECTOR ( 'NONE', #1615, 1000.000000000000114 ) ;
#217 = EDGE_CURVE ( 'NONE', #1924, #21, #1213, .T. ) ;
#218 = CARTESIAN_POINT ( 'NONE',  ( -36.47133383803596729, -1.454014880754743499, 4.000000000000000000 ) ) ;
#219 = DIRECTION ( 'NONE',  ( -0.7071067811865411334, 0.7071067811865539010, -0.000000000000000000 ) ) ;
#220 = DIRECTION ( 'NONE',  ( -1.000000000000000000, 0.000000000000000000, 0.000000000000000000 ) ) ;
#221 = DIRECTION ( 'NONE',  ( 0.000000000000000000, -1.000000000000000000, 0.000000000000000000 ) ) ;
#222 = DIRECTION ( 'NONE',  ( -1.000000000000000000, 0.000000000000000000, 0.000000000000000000 ) ) ;
#223 = ORIENTED_EDGE ( 'NONE', *, *, #247, .F. ) ;
#224 = EDGE_LOOP ( 'NONE', ( #1646, #794 ) ) ;
#225 = VERTEX_POINT ( 'NONE', #717 ) ;
#226 = DIRECTION ( 'NONE',  ( 0.7071067811865540120, 0.7071067811865410224, -0.000000000000000000 ) ) ;
#227 = EDGE_CURVE ( 'NONE', #591, #852, #1391, .T. ) ;
#228 = APPROVAL_STATUS ( 'not_yet_approved' ) ;
#229 = DIRECTION ( 'NONE',  ( 0.000000000000000000, 0.000000000000000000, -1.000000000000000000 ) ) ;
#230 = CARTESIAN_POINT ( 'NONE',  ( -36.47133383803596729, -1.454014880754743499, 0.000000000000000000 ) ) ;
#231 = ADVANCED_FACE ( 'NONE', ( #1878 ), #1053, .T. ) ;
#232 = CARTESIAN_POINT ( 'NONE',  ( -7.541089098197038432, 33.51731895727888144, 0.000000000000000000 ) ) ;
#233 = CARTESIAN_POINT ( 'NONE',  ( -21.15000000000009450, 12.36731895727903208, -15.00000000000000000 ) ) ;
#234 = EDGE_LOOP ( 'NONE', ( #12, #307, #735, #1789 ) ) ;
#235 = ORIENTED_EDGE ( 'NONE', *, *, #1133, .F. ) ;
#236 = VERTEX_POINT ( 'NONE', #1242 ) ;
#237 = DIRECTION ( 'NONE',  ( 1.000000000000000000, 0.000000000000000000, -0.000000000000000000 ) ) ;
#238 = CARTESIAN_POINT ( 'NONE',  ( -33.93048377705712682, 31.51731895727889921, 22.00000000000000355 ) ) ;
#239 = CARTESIAN_POINT ( 'NONE',  ( -3.191891195797325054E-13, 25.97622985908216364, 0.000000000000000000 ) ) ;
#240 = DIRECTION ( 'NONE',  ( 0.000000000000000000, 0.000000000000000000, -1.000000000000000000 ) ) ;
#241 = VECTOR ( 'NONE', #1645, 1000.000000000000000 ) ;
#242 = LINE ( 'NONE', #101, #1876 ) ;
#243 = DIRECTION ( 'NONE',  ( 0.000000000000000000, 1.387778780781445922E-16, 1.000000000000000000 ) ) ;
#244 = ORIENTED_EDGE ( 'NONE', *, *, #951, .F. ) ;
#245 = EDGE_LOOP ( 'NONE', ( #1419, #444, #1276, #1694 ) ) ;
#246 = AXIS2_PLACEMENT_3D ( 'NONE', #876, #1076, #883 ) ;
#247 = EDGE_CURVE ( 'NONE', #1110, #203, #39, .T. ) ;
#248 = ORIENTED_EDGE ( 'NONE', *, *, #1467, .F. ) ;
#249 = CIRCLE ( 'NONE', #1078, 1.500000000000598188 ) ;
#250 = CIRCLE ( 'NONE', #1430, 1.500000000000724754 ) ;
#251 = CARTESIAN_POINT ( 'NONE',  ( 10.00000000000000000, 35.59309400823261171, 50.78506780000000020 ) ) ;
#252 = AXIS2_PLACEMENT_3D ( 'NONE', #1206, #1543, #1704 ) ;
#253 = DIRECTION ( 'NONE',  ( 0.000000000000000000, 0.000000000000000000, -1.000000000000000000 ) ) ;
#254 = APPROVAL_PERSON_ORGANIZATION ( #788, #1130, #2113 ) ;
#255 = CARTESIAN_POINT ( 'NONE',  ( -33.47133383803463147, -1.454014880754743277, 4.000000000000000000 ) ) ;
#256 = DIRECTION ( 'NONE',  ( -0.000000000000000000, 1.000000000000000000, -0.000000000000000000 ) ) ;
#257 = PLANE ( 'NONE',  #1115 ) ;
#258 = CARTESIAN_POINT ( 'NONE',  ( -7.541089098197034879, -8.782681042720788867, 0.000000000000000000 ) ) ;
#259 = ORIENTED_EDGE ( 'NONE', *, *, #2126, .F. ) ;
#260 = VERTEX_POINT ( 'NONE', #1561 ) ;
#261 = EDGE_CURVE ( 'NONE', #342, #1110, #742, .T. ) ;
#262 = EDGE_CURVE ( 'NONE', #533, #1777, #294, .T. ) ;
#263 = CARTESIAN_POINT ( 'NONE',  ( -42.29999999999999716, 25.97622985908217430, 22.00000000000000000 ) ) ;
#264 = LINE ( 'NONE', #928, #279 ) ;
#265 = CARTESIAN_POINT ( 'NONE',  ( -1.999999999999993561, 25.14780273433563806, 0.000000000000000000 ) ) ;
#266 = CARTESIAN_POINT ( 'NONE',  ( -7.541089098197034879, -8.782681042720788867, 30.00000000000000000 ) ) ;
#267 = ORIENTED_EDGE ( 'NONE', *, *, #204, .F. ) ;
#268 = ORIENTED_EDGE ( 'NONE', *, *, #1954, .T. ) ;
#269 = EDGE_CURVE ( 'NONE', #1198, #1323, #281, .T. ) ;
#270 = SECURITY_CLASSIFICATION_LEVEL ( 'unclassified' ) ;
#271 = EDGE_CURVE ( 'NONE', #2004, #1628, #1423, .T. ) ;
#272 = CARTESIAN_POINT ( 'NONE',  ( -34.97133383803416962, 26.18865279531431511, 0.000000000000000000 ) ) ;
#273 = LINE ( 'NONE', #936, #484 ) ;
#274 = FACE_OUTER_BOUND ( 'NONE', #1512, .T. ) ;
#275 = FACE_OUTER_BOUND ( 'NONE', #949, .T. ) ;
#276 = ORIENTED_EDGE ( 'NONE', *, *, #1402, .T. ) ;
#277 = EDGE_LOOP ( 'NONE', ( #1177, #634, #2106, #758 ) ) ;
#278 = CIRCLE ( 'NONE', #1452, 1.999999999999998224 ) ;
#279 = VECTOR ( 'NONE', #256, 1000.000000000000000 ) ;
#280 = DIRECTION ( 'NONE',  ( -2.549393538533585527E-16, -1.000000000000000000, 0.000000000000000000 ) ) ;
#281 = LINE ( 'NONE', #1774, #625 ) ;
#282 = AXIS2_PLACEMENT_3D ( 'NONE', #2038, #1539, #575 ) ;
#283 = ADVANCED_FACE ( 'NONE', ( #1941 ), #2102, .F. ) ;
#284 = AXIS2_PLACEMENT_3D ( 'NONE', #1692, #820, #1152 ) ;
#285 = CARTESIAN_POINT ( 'NONE',  ( -42.29999999999999716, 25.97622985908217075, 30.00000000000000000 ) ) ;
#286 = CARTESIAN_POINT ( 'NONE',  ( 1.642713706303439161E-14, -6.782681042720770215, 0.000000000000000000 ) ) ;
#287 = FACE_OUTER_BOUND ( 'NONE', #373, .T. ) ;
#288 = VERTEX_POINT ( 'NONE', #1574 ) ;
#289 = VECTOR ( 'NONE', #1195, 1000.000000000000000 ) ;
#290 = VERTEX_POINT ( 'NONE', #2115 ) ;
#291 = DIRECTION ( 'NONE',  ( -0.000000000000000000, -0.000000000000000000, -1.000000000000000000 ) ) ;
#292 = SHAPE_DEFINITION_REPRESENTATION ( #1527, #1784 ) ;
#293 = DIRECTION ( 'NONE',  ( 0.000000000000000000, 0.000000000000000000, 1.000000000000000000 ) ) ;
#294 = LINE ( 'NONE', #1763, #106 ) ;
#295 = LINE ( 'NONE', #955, #216 ) ;
#296 = DIRECTION ( 'NONE',  ( -0.000000000000000000, -0.000000000000000000, -1.000000000000000000 ) ) ;
#297 = EDGE_LOOP ( 'NONE', ( #1067, #1766, #429, #878 ) ) ;
#298 = ORIENTED_EDGE ( 'NONE', *, *, #605, .T. ) ;
#299 = EDGE_CURVE ( 'NONE', #1966, #1662, #1839, .T. ) ;
#300 = EDGE_CURVE ( 'NONE', #1367, #2003, #425, .T. ) ;
#301 = CARTESIAN_POINT ( 'NONE',  ( -34.97133383803529938, -1.454014880754743499, 4.000000000000000000 ) ) ;
#302 = CARTESIAN_POINT ( 'NONE',  ( -42.29999999999967031, -1.241591944524080615, 6.999999999999999112 ) ) ;
#303 = CARTESIAN_POINT ( 'NONE',  ( -2.000000000000000000, -0.4131648197775618092, 0.000000000000000000 ) ) ;
#304 = CARTESIAN_POINT ( 'NONE',  ( 2.000000000000000000, 32.09309400823256908, 8.673617379884035472E-16 ) ) ;
#305 = CARTESIAN_POINT ( 'NONE',  ( -8.187170944975660447, 12.36731895727903385, 2.000000000000000000 ) ) ;
#306 = ORIENTED_EDGE ( 'NONE', *, *, #1347, .F. ) ;
#307 = ORIENTED_EDGE ( 'NONE', *, *, #1060, .T. ) ;
#308 = ORIENTED_EDGE ( 'NONE', *, *, #951, .T. ) ;
#309 = EDGE_CURVE ( 'NONE', #897, #606, #600, .T. ) ;
#310 = DIRECTION ( 'NONE',  ( -0.000000000000000000, -0.000000000000000000, -1.000000000000000000 ) ) ;
#311 = VECTOR ( 'NONE', #1507, 999.9999999999998863 ) ;
#312 = FACE_BOUND ( 'NONE', #1610, .T. ) ;
#313 = CARTESIAN_POINT ( 'NONE',  ( -2.000000000000002220, -0.4131648197775634745, 22.00000000000000000 ) ) ;
#314 = DIRECTION ( 'NONE',  ( 0.7071067811865477948, -0.7071067811865473507, 0.000000000000000000 ) ) ;
#315 = VECTOR ( 'NONE', #1059, 1000.000000000000114 ) ;
#316 = FACE_OUTER_BOUND ( 'NONE', #925, .T. ) ;
#317 = FACE_OUTER_BOUND ( 'NONE', #1577, .T. ) ;
#318 = ORIENTED_EDGE ( 'NONE', *, *, #1069, .T. ) ;
#319 = VECTOR ( 'NONE', #579, 1000.000000000000000 ) ;
#320 = VERTEX_POINT ( 'NONE', #609 ) ;
#321 = ADVANCED_FACE ( 'NONE', ( #1592 ), #946, .T. ) ;
#322 = CARTESIAN_POINT ( 'NONE',  ( -34.97133383803416962, 26.18865279531431511, 4.000000000000000000 ) ) ;
#323 = EDGE_LOOP ( 'NONE', ( #961, #1157, #720, #1825 ) ) ;
#324 = EDGE_CURVE ( 'NONE', #30, #2134, #434, .T. ) ;
#325 = CARTESIAN_POINT ( 'NONE',  ( -40.29999999999999005, 25.14780273433601465, 22.00000000000000000 ) ) ;
#326 = CARTESIAN_POINT ( 'NONE',  ( 0.000000000000000000, 32.09309400823256908, 51.95488953446059810 ) ) ;
#327 = PLANE ( 'NONE',  #850 ) ;
#328 = CARTESIAN_POINT ( 'NONE',  ( 2.000000000000000000, 35.59309400823261171, 50.78506780000000020 ) ) ;
#329 = CARTESIAN_POINT ( 'NONE',  ( -36.47133383803596729, -1.454014880754743499, 4.000000000000000000 ) ) ;
#330 = ORIENTED_EDGE ( 'NONE', *, *, #1926, .F. ) ;
#331 = ORIENTED_EDGE ( 'NONE', *, *, #656, .F. ) ;
#332 = DIRECTION ( 'NONE',  ( -0.000000000000000000, -0.000000000000000000, -1.000000000000000000 ) ) ;
#333 = VERTEX_POINT ( 'NONE', #1746 ) ;
#334 = DIRECTION ( 'NONE',  ( -0.000000000000000000, -0.000000000000000000, -1.000000000000000000 ) ) ;
#335 = DIRECTION ( 'NONE',  ( 1.000000000000000000, 0.000000000000000000, 0.000000000000000000 ) ) ;
#336 = ADVANCED_FACE ( 'NONE', ( #1117 ), #1105, .F. ) ;
#337 = CARTESIAN_POINT ( 'NONE',  ( -34.75891090180329712, 33.51731895727890276, 30.00000000000000000 ) ) ;
#338 = DIRECTION ( 'NONE',  ( -1.000000000000000000, 0.000000000000000000, 0.000000000000000000 ) ) ;
#339 = CARTESIAN_POINT ( 'NONE',  ( 6.622363255820726151E-15, 25.97622985908216364, 6.999999999999999112 ) ) ;
#340 = ORIENTED_EDGE ( 'NONE', *, *, #1664, .T. ) ;
#341 = ORIENTED_EDGE ( 'NONE', *, *, #227, .T. ) ;
#342 = VERTEX_POINT ( 'NONE', #1953 ) ;
#343 = VERTEX_POINT ( 'NONE', #464 ) ;
#344 = VECTOR ( 'NONE', #727, 1000.000000000000000 ) ;
#345 = VECTOR ( 'NONE', #219, 1000.000000000000114 ) ;
#346 = DIRECTION ( 'NONE',  ( -1.000000000000000000, 0.000000000000000000, -0.000000000000000000 ) ) ;
#347 = FACE_OUTER_BOUND ( 'NONE', #849, .T. ) ;
#348 = AXIS2_PLACEMENT_3D ( 'NONE', #1318, #845, #1483 ) ;
#349 = PLANE ( 'NONE',  #671 ) ;
#350 = CARTESIAN_POINT ( 'NONE',  ( 0.000000000000000000, 32.09309400823256908, 0.000000000000000000 ) ) ;
#351 = DIRECTION ( 'NONE',  ( -1.000000000000000000, -0.000000000000000000, -0.000000000000000000 ) ) ;
#352 = ORIENTED_EDGE ( 'NONE', *, *, #1939, .T. ) ;
#353 = EDGE_CURVE ( 'NONE', #745, #1355, #273, .T. ) ;
#354 = VECTOR ( 'NONE', #939, 1000.000000000000000 ) ;
#355 = ORIENTED_EDGE ( 'NONE', *, *, #1060, .F. ) ;
#356 = VECTOR ( 'NONE', #643, 999.9999999999998863 ) ;
#357 = APPROVAL_PERSON_ORGANIZATION ( #1038, #848, #891 ) ;
#358 = VERTEX_POINT ( 'NONE', #790 ) ;
#359 = ORIENTED_EDGE ( 'NONE', *, *, #960, .F. ) ;
#360 = LINE ( 'NONE', #1159, #1736 ) ;
#361 = LINE ( 'NONE', #1020, #659 ) ;
#362 = FACE_OUTER_BOUND ( 'NONE', #41, .T. ) ;
#363 = DIRECTION ( 'NONE',  ( -0.000000000000000000, -0.000000000000000000, -1.000000000000000000 ) ) ;
#364 = DIRECTION ( 'NONE',  ( -1.000000000000000000, 0.000000000000000000, -0.000000000000000000 ) ) ;
#365 = CC_DESIGN_DATE_AND_TIME_ASSIGNMENT ( #1466, #803, ( #916 ) ) ;
#366 = ORIENTED_EDGE ( 'NONE', *, *, #1158, .T. ) ;
#367 = ADVANCED_FACE ( 'NONE', ( #617 ), #119, .F. ) ;
#368 = ORIENTED_EDGE ( 'NONE', *, *, #1069, .F. ) ;
#369 = DIRECTION ( 'NONE',  ( -0.000000000000000000, -0.000000000000000000, 1.000000000000000000 ) ) ;
#370 = FACE_OUTER_BOUND ( 'NONE', #1617, .T. ) ;
#371 = PLANE ( 'NONE',  #284 ) ;
#372 = DIRECTION ( 'NONE',  ( 0.000000000000000000, 0.000000000000000000, -1.000000000000000000 ) ) ;
#373 = EDGE_LOOP ( 'NONE', ( #23, #123, #1018, #1236, #85, #169, #2098, #681 ) ) ;
#374 = EDGE_LOOP ( 'NONE', ( #880, #340, #1032, #1400 ) ) ;
#375 = EDGE_CURVE ( 'NONE', #1631, #693, #2095, .T. ) ;
#376 = CARTESIAN_POINT ( 'NONE',  ( -21.15000000000009450, 12.36731895727903208, -35.00000000000000000 ) ) ;
#377 = COORDINATED_UNIVERSAL_TIME_OFFSET ( 1, 0, .AHEAD. ) ;
#378 = DIRECTION ( 'NONE',  ( -0.000000000000000000, 0.000000000000000000, 1.000000000000000000 ) ) ;
#379 = DIRECTION ( 'NONE',  ( 1.000000000000000000, 0.000000000000000000, 0.000000000000000000 ) ) ;
#380 = VECTOR ( 'NONE', #687, 1000.000000000000000 ) ;
#381 = DIRECTION ( 'NONE',  ( -0.000000000000000000, -0.000000000000000000, -1.000000000000000000 ) ) ;
#382 = DIRECTION ( 'NONE',  ( 0.000000000000000000, 1.000000000000000000, -1.387778780781445922E-16 ) ) ;
#383 = ORIENTED_EDGE ( 'NONE', *, *, #1017, .T. ) ;
#384 = ORIENTED_EDGE ( 'NONE', *, *, #593, .T. ) ;
#385 = VECTOR ( 'NONE', #485, 1000.000000000000000 ) ;
#386 = EDGE_CURVE ( 'NONE', #1080, #1968, #264, .T. ) ;
#387 = EDGE_CURVE ( 'NONE', #959, #2014, #1273, .T. ) ;
#388 = DIRECTION ( 'NONE',  ( 0.000000000000000000, 0.000000000000000000, -1.000000000000000000 ) ) ;
#389 = CIRCLE ( 'NONE', #2122, 7.000000000000000000 ) ;
#390 = CALENDAR_DATE ( 2025, 1, 5 ) ;
#391 = DIRECTION ( 'NONE',  ( -0.000000000000000000, -0.000000000000000000, 1.000000000000000000 ) ) ;
#392 = CARTESIAN_POINT ( 'NONE',  ( -21.15000000000009450, 12.36731895727903208, -35.00000000000000000 ) ) ;
#393 = CARTESIAN_POINT ( 'NONE',  ( -8.369516222943225614, -6.782681042720788867, 6.999999999999999112 ) ) ;
#394 = DIRECTION ( 'NONE',  ( -1.000000000000000000, -0.000000000000000000, -0.000000000000000000 ) ) ;
#395 = VERTEX_POINT ( 'NONE', #954 ) ;
#396 = ORIENTED_EDGE ( 'NONE', *, *, #1759, .F. ) ;
#397 = ORIENTED_EDGE ( 'NONE', *, *, #50, .T. ) ;
#398 = LINE ( 'NONE', #1229, #2087 ) ;
#399 = LINE ( 'NONE', #753, #870 ) ;
#400 = LINE ( 'NONE', #866, #211 ) ;
#401 = EDGE_CURVE ( 'NONE', #1566, #1688, #1583, .T. ) ;
#402 = CARTESIAN_POINT ( 'NONE',  ( 0.000000000000000000, 39.09309400823261882, 44.95488953446054836 ) ) ;
#403 = DIRECTION ( 'NONE',  ( -0.000000000000000000, 1.000000000000000000, 0.000000000000000000 ) ) ;
#404 = ORIENTED_EDGE ( 'NONE', *, *, #96, .T. ) ;
#405 = ORIENTED_EDGE ( 'NONE', *, *, #734, .F. ) ;
#406 = EDGE_LOOP ( 'NONE', ( #2140, #581, #1209, #822, #1596, #1859, #430, #909, #992, #1141, #417, #1258, #1666 ) ) ;
#407 = DIRECTION ( 'NONE',  ( -0.000000000000000000, -0.000000000000000000, -1.000000000000000000 ) ) ;
#408 = FACE_OUTER_BOUND ( 'NONE', #478, .T. ) ;
#409 = DIRECTION ( 'NONE',  ( 0.000000000000000000, -1.000000000000000000, 0.000000000000000000 ) ) ;
#410 = EDGE_CURVE ( 'NONE', #2092, #333, #1479, .T. ) ;
#411 = AXIS2_PLACEMENT_3D ( 'NONE', #1039, #1573, #1702 ) ;
#412 = LINE ( 'NONE', #1107, #1393 ) ;
#413 = DIRECTION ( 'NONE',  ( 0.000000000000000000, -0.000000000000000000, 1.000000000000000000 ) ) ;
#414 = ORIENTED_EDGE ( 'NONE', *, *, #1927, .F. ) ;
#415 = ORIENTED_EDGE ( 'NONE', *, *, #1905, .T. ) ;
#416 = ADVANCED_FACE ( 'NONE', ( #2136 ), #1160, .F. ) ;
#417 = ORIENTED_EDGE ( 'NONE', *, *, #1166, .T. ) ;
#418 = VECTOR ( 'NONE', #816, 1000.000000000000000 ) ;
#419 = VECTOR ( 'NONE', #1881, 1000.000000000000000 ) ;
#420 = CARTESIAN_POINT ( 'NONE',  ( -24.29780821851501571, 12.36731895727903208, -15.00000000000000000 ) ) ;
#421 = VECTOR ( 'NONE', #296, 1000.000000000000000 ) ;
#422 = DIRECTION ( 'NONE',  ( 0.000000000000000000, 0.000000000000000000, 1.000000000000000000 ) ) ;
#423 = AXIS2_PLACEMENT_3D ( 'NONE', #999, #1524, #1659 ) ;
#424 = DIRECTION ( 'NONE',  ( 0.000000000000000000, 0.000000000000000000, -1.000000000000000000 ) ) ;
#425 = LINE ( 'NONE', #100, #1357 ) ;
#426 = CARTESIAN_POINT ( 'NONE',  ( -8.955302660570131579, 32.10310539490578208, 6.999999999999999112 ) ) ;
#427 = CARTESIAN_POINT ( 'NONE',  ( -42.29999999999999716, 25.97622985908217075, 0.000000000000000000 ) ) ;
#428 = PLANE ( 'NONE',  #1837 ) ;
#429 = ORIENTED_EDGE ( 'NONE', *, *, #518, .T. ) ;
#430 = ORIENTED_EDGE ( 'NONE', *, *, #1467, .T. ) ;
#431 = EDGE_CURVE ( 'NONE', #868, #1499, #509, .T. ) ;
#432 = EDGE_CURVE ( 'NONE', #343, #260, #1514, .T. ) ;
#433 = DIRECTION ( 'NONE',  ( -1.000000000000000000, 0.000000000000000000, 0.000000000000000000 ) ) ;
#434 = LINE ( 'NONE', #1603, #696 ) ;
#435 = DIRECTION ( 'NONE',  ( 1.000000000000000000, 0.000000000000000000, 0.000000000000000000 ) ) ;
#436 = CARTESIAN_POINT ( 'NONE',  ( -3.261280134836397337E-13, -1.241591944524077284, 30.00000000000000000 ) ) ;
#437 = ORIENTED_EDGE ( 'NONE', *, *, #1290, .T. ) ;
#438 = VERTEX_POINT ( 'NONE', #640 ) ;
#439 = EDGE_CURVE ( 'NONE', #514, #1631, #499, .T. ) ;
#440 = LINE ( 'NONE', #1782, #1936 ) ;
#441 = CARTESIAN_POINT ( 'NONE',  ( -33.47133383803357276, 26.18865279531431511, 4.000000000000000000 ) ) ;
#442 = DIRECTION ( 'NONE',  ( 0.000000000000000000, -0.000000000000000000, 1.000000000000000000 ) ) ;
#443 = LINE ( 'NONE', #1108, #944 ) ;
#444 = ORIENTED_EDGE ( 'NONE', *, *, #1649, .T. ) ;
#445 = VERTEX_POINT ( 'NONE', #1350 ) ;
#446 = AXIS2_PLACEMENT_3D ( 'NONE', #1762, #1272, #1623 ) ;
#447 = VECTOR ( 'NONE', #18, 1000.000000000000114 ) ;
#448 = ADVANCED_FACE ( 'NONE', ( #174, #473 ), #486, .F. ) ;
#449 = LINE ( 'NONE', #1114, #588 ) ;
#450 = AXIS2_PLACEMENT_3D ( 'NONE', #83, #1705, #222 ) ;
#451 = CC_DESIGN_PERSON_AND_ORGANIZATION_ASSIGNMENT ( #567, #1752, ( #46 ) ) ;
#452 = CARTESIAN_POINT ( 'NONE',  ( -40.29999999999999716, 25.97622985908219917, 6.999999999999999112 ) ) ;
#453 = DIRECTION ( 'NONE',  ( -0.000000000000000000, -0.000000000000000000, -1.000000000000000000 ) ) ;
#454 = VECTOR ( 'NONE', #2128, 1000.000000000000000 ) ;
#455 = AXIS2_PLACEMENT_3D ( 'NONE', #699, #856, #1029 ) ;
#456 = EDGE_CURVE ( 'NONE', #186, #1044, #1624, .T. ) ;
#457 = CARTESIAN_POINT ( 'NONE',  ( -34.75891090180302712, -8.782681042720854592, 22.00000000000000000 ) ) ;
#458 = DIRECTION ( 'NONE',  ( -1.000000000000000000, -2.421923861606928413E-15, 0.000000000000000000 ) ) ;
#459 = ORIENTED_EDGE ( 'NONE', *, *, #898, .T. ) ;
#460 = ORIENTED_EDGE ( 'NONE', *, *, #1556, .T. ) ;
#461 = LOCAL_TIME ( 14, 41, 24.00000000000000000, #1215 ) ;
#462 = DIRECTION ( 'NONE',  ( -1.000000000000000000, 0.000000000000000000, 0.000000000000000000 ) ) ;
#463 = LINE ( 'NONE', #263, #1558 ) ;
#464 = CARTESIAN_POINT ( 'NONE',  ( 10.00000000000000000, 29.59309400823261882, 50.78506780000000020 ) ) ;
#465 = PLANE ( 'NONE',  #494 ) ;
#466 = CYLINDRICAL_SURFACE ( 'NONE', #110, 1.999999999999998224 ) ;
#467 = VERTEX_POINT ( 'NONE', #1304 ) ;
#468 = ORIENTED_EDGE ( 'NONE', *, *, #1593, .T. ) ;
#469 = EDGE_CURVE ( 'NONE', #1312, #968, #526, .T. ) ;
#470 = EDGE_LOOP ( 'NONE', ( #2026, #1750, #670, #383 ) ) ;
#471 = CARTESIAN_POINT ( 'NONE',  ( -42.29999999999965610, -1.241591944524070179, 30.00000000000000000 ) ) ;
#472 = DIRECTION ( 'NONE',  ( 1.249202833881456598E-14, -1.000000000000000000, 0.000000000000000000 ) ) ;
#473 = FACE_BOUND ( 'NONE', #480, .T. ) ;
#474 = CARTESIAN_POINT ( 'NONE',  ( -7.328666161965104564, 26.18865279531318535, 4.000000000000000000 ) ) ;
#475 = EDGE_CURVE ( 'NONE', #1662, #1966, #1630, .T. ) ;
#476 = CARTESIAN_POINT ( 'NONE',  ( -21.15000000000009450, 12.36731895727903208, -35.00000000000000000 ) ) ;
#477 = CARTESIAN_POINT ( 'NONE',  ( -42.29999999999965610, -1.241591944524070179, 0.000000000000000000 ) ) ;
#478 = EDGE_LOOP ( 'NONE', ( #1653, #913, #1792, #1904 ) ) ;
#479 = EDGE_CURVE ( 'NONE', #395, #968, #997, .T. ) ;
#480 = EDGE_LOOP ( 'NONE', ( #811, #694, #331, #1344 ) ) ;
#481 = AXIS2_PLACEMENT_3D ( 'NONE', #629, #599, #1116 ) ;
#482 = CYLINDRICAL_SURFACE ( 'NONE', #517, 3.147808218514919876 ) ;
#483 = ORIENTED_EDGE ( 'NONE', *, *, #884, .F. ) ;
#484 = VECTOR ( 'NONE', #108, 1000.000000000000000 ) ;
#485 = DIRECTION ( 'NONE',  ( 8.844985641595591069E-32, -8.844985641595586690E-32, -1.000000000000000000 ) ) ;
#486 = PLANE ( 'NONE',  #1359 ) ;
#487 = DIRECTION ( 'NONE',  ( 1.000000000000000000, 0.000000000000000000, -0.000000000000000000 ) ) ;
#488 = AXIS2_PLACEMENT_3D ( 'NONE', #1559, #1028, #2027 ) ;
#489 = LINE ( 'NONE', #2000, #183 ) ;
#490 = DIRECTION ( 'NONE',  ( -1.000000000000000000, 0.000000000000000000, -0.000000000000000000 ) ) ;
#491 = ORIENTED_EDGE ( 'NONE', *, *, #545, .F. ) ;
#492 = VECTOR ( 'NONE', #1425, 1000.000000000000000 ) ;
#493 = ORIENTED_EDGE ( 'NONE', *, *, #324, .F. ) ;
#494 = AXIS2_PLACEMENT_3D ( 'NONE', #1785, #1799, #314 ) ;
#495 = FACE_OUTER_BOUND ( 'NONE', #1091, .T. ) ;
#496 = VERTEX_POINT ( 'NONE', #140 ) ;
#497 = EDGE_CURVE ( 'NONE', #1688, #1984, #249, .T. ) ;
#498 = DIRECTION ( 'NONE',  ( -1.000000000000000000, -0.000000000000000000, -0.000000000000000000 ) ) ;
#499 = LINE ( 'NONE', #303, #729 ) ;
#500 = DIRECTION ( 'NONE',  ( 1.000000000000000000, 0.000000000000000000, 0.000000000000000000 ) ) ;
#501 = DIRECTION ( 'NONE',  ( 0.000000000000000000, 0.000000000000000000, -1.000000000000000000 ) ) ;
#502 = PLANE ( 'NONE',  #2084 ) ;
#503 = ORIENTED_EDGE ( 'NONE', *, *, #88, .T. ) ;
#504 = ORIENTED_EDGE ( 'NONE', *, *, #1939, .F. ) ;
#505 = EDGE_LOOP ( 'NONE', ( #1851, #1201, #950, #624 ) ) ;
#506 = ORIENTED_EDGE ( 'NONE', *, *, #1131, .T. ) ;
#507 = EDGE_CURVE ( 'NONE', #1807, #496, #189, .T. ) ;
#508 = CARTESIAN_POINT ( 'NONE',  ( 0.000000000000000000, 0.000000000000000000, 0.000000000000000000 ) ) ;
#509 = LINE ( 'NONE', #2147, #380 ) ;
#510 = DIRECTION ( 'NONE',  ( 0.000000000000000000, 0.000000000000000000, -1.000000000000000000 ) ) ;
#511 = CARTESIAN_POINT ( 'NONE',  ( -18.00219178148517685, 12.36731895727903208, 0.000000000000000000 ) ) ;
#512 = DIRECTION ( 'NONE',  ( 0.000000000000000000, 0.000000000000000000, -1.000000000000000000 ) ) ;
#513 = VERTEX_POINT ( 'NONE', #1648 ) ;
#514 = VERTEX_POINT ( 'NONE', #313 ) ;
#515 = ORIENTED_EDGE ( 'NONE', *, *, #708, .T. ) ;
#516 = ORIENTED_EDGE ( 'NONE', *, *, #387, .F. ) ;
#517 = AXIS2_PLACEMENT_3D ( 'NONE', #1145, #391, #1711 ) ;
#518 = EDGE_CURVE ( 'NONE', #158, #1662, #15, .T. ) ;
#519 = VECTOR ( 'NONE', #1614, 999.9999999999998863 ) ;
#520 = PLANE ( 'NONE',  #1980 ) ;
#521 = DIRECTION ( 'NONE',  ( -0.000000000000000000, -0.000000000000000000, -1.000000000000000000 ) ) ;
#522 = EDGE_CURVE ( 'NONE', #197, #860, #855, .T. ) ;
#523 = FACE_OUTER_BOUND ( 'NONE', #1094, .T. ) ;
#524 = DIRECTION ( 'NONE',  ( -0.000000000000000000, -0.000000000000000000, -1.000000000000000000 ) ) ;
#525 = CARTESIAN_POINT ( 'NONE',  ( -34.97133383803416962, 26.18865279531431511, 4.000000000000000000 ) ) ;
#526 = CIRCLE ( 'NONE', #1182, 6.999999999999999112 ) ;
#527 = ADVANCED_FACE ( 'NONE', ( #1830 ), #650, .F. ) ;
#528 = EDGE_CURVE ( 'NONE', #343, #1167, #1810, .T. ) ;
#529 = CIRCLE ( 'NONE', #488, 1.500000000000598188 ) ;
#530 = EDGE_LOOP ( 'NONE', ( #1005, #746, #1978, #1706 ) ) ;
#531 = VECTOR ( 'NONE', #144, 1000.000000000000000 ) ;
#532 = AXIS2_PLACEMENT_3D ( 'NONE', #1283, #1274, #442 ) ;
#533 = VERTEX_POINT ( 'NONE', #1339 ) ;
#534 = FACE_OUTER_BOUND ( 'NONE', #374, .T. ) ;
#535 = DIRECTION ( 'NONE',  ( -1.000000000000000000, 0.000000000000000000, 0.000000000000000000 ) ) ;
#536 = CARTESIAN_POINT ( 'NONE',  ( -33.47133383803357276, 26.18865279531431511, 0.000000000000000000 ) ) ;
#537 = CYLINDRICAL_SURFACE ( 'NONE', #246, 7.000000000000000000 ) ;
#538 = ORIENTED_EDGE ( 'NONE', *, *, #960, .T. ) ;
#539 = ADVANCED_FACE ( 'NONE', ( #347 ), #1184, .F. ) ;
#540 = EDGE_LOOP ( 'NONE', ( #161, #415, #1567, #1993 ) ) ;
#541 = PLANE ( 'NONE',  #1874 ) ;
#542 = DATE_AND_TIME ( #740, #461 ) ;
#543 = LINE ( 'NONE', #1204, #345 ) ;
#544 = CARTESIAN_POINT ( 'NONE',  ( 0.000000000000000000, 32.09309400823256908, 51.95488953446059810 ) ) ;
#545 = EDGE_CURVE ( 'NONE', #852, #30, #361, .T. ) ;
#546 = LINE ( 'NONE', #265, #1431 ) ;
#547 = CARTESIAN_POINT ( 'NONE',  ( 10.00000000000000000, -9.406905991767381181, 50.78506780000000020 ) ) ;
#548 = ORIENTED_EDGE ( 'NONE', *, *, #324, .T. ) ;
#549 = ADVANCED_FACE ( 'NONE', ( #1156 ), #835, .F. ) ;
#550 = ORIENTED_EDGE ( 'NONE', *, *, #2126, .T. ) ;
#551 = CARTESIAN_POINT ( 'NONE',  ( -5.828666161965512238, -1.454014880755873484, 4.000000000000000000 ) ) ;
#552 = CIRCLE ( 'NONE', #446, 12.96282905502443583 ) ;
#553 = APPLICATION_PROTOCOL_DEFINITION ( 'international standard', 'config_control_design', 1994, #1175 ) ;
#554 = CARTESIAN_POINT ( 'NONE',  ( 2.000000000000000000, 29.59309400823261882, 50.78506780000000020 ) ) ;
#555 = FACE_OUTER_BOUND ( 'NONE', #277, .T. ) ;
#556 = AXIS2_PLACEMENT_3D ( 'NONE', #810, #1472, #1307 ) ;
#557 = CARTESIAN_POINT ( 'NONE',  ( 10.00000000000000000, -3.406905991767381625, 50.78506780000000020 ) ) ;
#558 = DIRECTION ( 'NONE',  ( -1.000000000000000000, 0.000000000000000000, 0.000000000000000000 ) ) ;
#559 = VERTEX_POINT ( 'NONE', #799 ) ;
#560 = EDGE_LOOP ( 'NONE', ( #2005, #148 ) ) ;
#561 = EDGE_LOOP ( 'NONE', ( #645, #84, #621, #1546 ) ) ;
#562 = CIRCLE ( 'NONE', #1699, 1.500000000000724754 ) ;
#563 = CIRCLE ( 'NONE', #1262, 1.500000000000667466 ) ;
#564 = CARTESIAN_POINT ( 'NONE',  ( 2.000000000000000000, 39.09309400823261882, 44.95488953446054836 ) ) ;
#565 = VECTOR ( 'NONE', #1230, 1000.000000000000000 ) ;
#566 = EDGE_CURVE ( 'NONE', #1045, #467, #2143, .T. ) ;
#567 = PERSON_AND_ORGANIZATION ( #1227, #1847 ) ;
#568 = FACE_OUTER_BOUND ( 'NONE', #833, .T. ) ;
#569 = FACE_OUTER_BOUND ( 'NONE', #58, .T. ) ;
#570 = DIRECTION ( 'NONE',  ( -1.000000000000000000, 0.000000000000000000, 0.000000000000000000 ) ) ;
#571 = DIRECTION ( 'NONE',  ( 0.000000000000000000, 0.000000000000000000, -1.000000000000000000 ) ) ;
#572 = ORIENTED_EDGE ( 'NONE', *, *, #872, .F. ) ;
#573 = ORIENTED_EDGE ( 'NONE', *, *, #1998, .T. ) ;
#574 = ORIENTED_EDGE ( 'NONE', *, *, #1808, .F. ) ;
#575 = DIRECTION ( 'NONE',  ( 0.000000000000000000, 0.000000000000000000, -1.000000000000000000 ) ) ;
#576 = EDGE_CURVE ( 'NONE', #1247, #648, #278, .T. ) ;
#577 = DIRECTION ( 'NONE',  ( 0.000000000000000000, -1.387778780781445922E-16, -1.000000000000000000 ) ) ;
#578 = CARTESIAN_POINT ( 'NONE',  ( -1.632808471763169678E-13, -1.241591944523914304, 6.999999999999999112 ) ) ;
#579 = DIRECTION ( 'NONE',  ( -1.000000000000000000, 7.648180615600750172E-16, 0.000000000000000000 ) ) ;
#580 = DIRECTION ( 'NONE',  ( 0.000000000000000000, 0.000000000000000000, -1.000000000000000000 ) ) ;
#581 = ORIENTED_EDGE ( 'NONE', *, *, #479, .F. ) ;
#582 = ORIENTED_EDGE ( 'NONE', *, *, #1779, .T. ) ;
#583 = VERTEX_POINT ( 'NONE', #1291 ) ;
#584 = DIRECTION ( 'NONE',  ( -1.000000000000000000, 0.000000000000000000, 0.000000000000000000 ) ) ;
#585 = DIRECTION ( 'NONE',  ( 1.000000000000000000, 0.000000000000000000, 0.000000000000000000 ) ) ;
#586 = CARTESIAN_POINT ( 'NONE',  ( -40.29999999999966320, -0.4131648197779154152, 0.000000000000000000 ) ) ;
#587 = DIRECTION ( 'NONE',  ( 0.7071067811865473507, 0.7071067811865477948, -0.000000000000000000 ) ) ;
#588 = VECTOR ( 'NONE', #160, 1000.000000000000000 ) ;
#589 = PLANE ( 'NONE',  #214 ) ;
#590 = FACE_OUTER_BOUND ( 'NONE', #1861, .T. ) ;
#591 = VERTEX_POINT ( 'NONE', #636 ) ;
#592 = ORIENTED_EDGE ( 'NONE', *, *, #1556, .F. ) ;
#593 = EDGE_CURVE ( 'NONE', #2119, #513, #449, .T. ) ;
#594 = AXIS2_PLACEMENT_3D ( 'NONE', #1965, #29, #1153 ) ;
#595 = ADVANCED_FACE ( 'NONE', ( #495 ), #1498, .F. ) ;
#596 = VECTOR ( 'NONE', #1327, 1000.000000000000000 ) ;
#597 = VECTOR ( 'NONE', #1456, 1000.000000000000000 ) ;
#598 = COORDINATED_UNIVERSAL_TIME_OFFSET ( 1, 0, .AHEAD. ) ;
#599 = DIRECTION ( 'NONE',  ( 0.000000000000000000, 0.000000000000000000, -1.000000000000000000 ) ) ;
#600 = LINE ( 'NONE', #1921, #1421 ) ;
#601 = CARTESIAN_POINT ( 'NONE',  ( -24.29780821851501571, 12.36731895727903208, 0.000000000000000000 ) ) ;
#602 = CARTESIAN_POINT ( 'NONE',  ( -34.75891090180329712, 33.51731895727890276, 30.00000000000000000 ) ) ;
#603 = ORIENTED_EDGE ( 'NONE', *, *, #1927, .T. ) ;
#604 = EDGE_LOOP ( 'NONE', ( #620, #1016 ) ) ;
#605 = EDGE_CURVE ( 'NONE', #1285, #2074, #1302, .T. ) ;
#606 = VERTEX_POINT ( 'NONE', #983 ) ;
#607 = PERSON_AND_ORGANIZATION_ROLE ( 'design_supplier' ) ;
#608 = FACE_OUTER_BOUND ( 'NONE', #470, .T. ) ;
#609 = CARTESIAN_POINT ( 'NONE',  ( 2.000000000000000000, 39.09309400823261882, 44.95488953446054836 ) ) ;
#610 = CARTESIAN_POINT ( 'NONE',  ( 2.000000000000000000, 32.09309400823256908, 51.95488953446059810 ) ) ;
#611 = DIRECTION ( 'NONE',  ( -0.7071067811865477948, 0.7071067811865473507, 0.000000000000000000 ) ) ;
#612 = ORIENTED_EDGE ( 'NONE', *, *, #507, .T. ) ;
#613 = EDGE_LOOP ( 'NONE', ( #1537, #713, #1132, #1587 ) ) ;
#614 = EDGE_CURVE ( 'NONE', #496, #2062, #993, .T. ) ;
#615 = EDGE_CURVE ( 'NONE', #1566, #1225, #1832, .T. ) ;
#616 = DIRECTION ( 'NONE',  ( -2.421923861606929596E-15, 1.000000000000000000, 0.000000000000000000 ) ) ;
#617 = FACE_OUTER_BOUND ( 'NONE', #1718, .T. ) ;
#618 = DIRECTION ( 'NONE',  ( -0.000000000000000000, -0.000000000000000000, -1.000000000000000000 ) ) ;
#619 = CARTESIAN_POINT ( 'NONE',  ( -7.541089098197036655, 33.51731895727888144, 6.999999999999999112 ) ) ;
#620 = ORIENTED_EDGE ( 'NONE', *, *, #475, .F. ) ;
#621 = ORIENTED_EDGE ( 'NONE', *, *, #528, .F. ) ;
#622 = VECTOR ( 'NONE', #136, 1000.000000000000000 ) ;
#623 = AXIS2_PLACEMENT_3D ( 'NONE', #2086, #630, #1912 ) ;
#624 = ORIENTED_EDGE ( 'NONE', *, *, #1337, .F. ) ;
#625 = VECTOR ( 'NONE', #453, 1000.000000000000000 ) ;
#626 = DIRECTION ( 'NONE',  ( -1.000000000000000000, 0.000000000000000000, 0.000000000000000000 ) ) ;
#627 = VECTOR ( 'NONE', #1090, 1000.000000000000000 ) ;
#628 = EDGE_CURVE ( 'NONE', #61, #797, #36, .T. ) ;
#629 = CARTESIAN_POINT ( 'NONE',  ( -21.15000000000009450, 12.36731895727903208, 0.000000000000000000 ) ) ;
#630 = DIRECTION ( 'NONE',  ( 0.000000000000000000, -0.000000000000000000, -1.000000000000000000 ) ) ;
#631 = VECTOR ( 'NONE', #155, 1000.000000000000114 ) ;
#632 = FACE_OUTER_BOUND ( 'NONE', #1945, .T. ) ;
#633 = CARTESIAN_POINT ( 'NONE',  ( -3.261280134836397337E-13, -1.241591944524077284, 30.00000000000000000 ) ) ;
#634 = ORIENTED_EDGE ( 'NONE', *, *, #217, .F. ) ;
#635 = ORIENTED_EDGE ( 'NONE', *, *, #605, .F. ) ;
#636 = CARTESIAN_POINT ( 'NONE',  ( -42.29999999999999716, 25.97622985908217430, 6.999999999999999112 ) ) ;
#637 = ADVANCED_FACE ( 'NONE', ( #2133 ), #1960, .F. ) ;
#638 = MANIFOLD_SOLID_BREP ( 'Boss.-Extru.8', #1287 ) ;
#639 = CARTESIAN_POINT ( 'NONE',  ( -1.999999999999993561, 25.97622985908216364, 22.00000000000000000 ) ) ;
#640 = CARTESIAN_POINT ( 'NONE',  ( 10.00000000000000000, 35.59309400823261171, 50.78506780000000020 ) ) ;
#641 = EDGE_CURVE ( 'NONE', #1268, #158, #1004, .T. ) ;
#642 = CARTESIAN_POINT ( 'NONE',  ( -36.47133383803476647, 26.18865279531431511, 0.000000000000000000 ) ) ;
#643 = DIRECTION ( 'NONE',  ( -0.7071067811865477948, 0.7071067811865473507, -0.000000000000000000 ) ) ;
#644 = LINE ( 'NONE', #1642, #871 ) ;
#645 = ORIENTED_EDGE ( 'NONE', *, *, #734, .T. ) ;
#646 = VERTEX_POINT ( 'NONE', #1612 ) ;
#647 = DIRECTION ( 'NONE',  ( -2.549393538533585527E-16, -1.000000000000000000, 0.000000000000000000 ) ) ;
#648 = VERTEX_POINT ( 'NONE', #1970 ) ;
#649 = DIRECTION ( 'NONE',  ( 0.7071067811865540120, 0.7071067811865410224, -0.000000000000000000 ) ) ;
#650 = PLANE ( 'NONE',  #1142 ) ;
#651 = AXIS2_PLACEMENT_3D ( 'NONE', #945, #2085, #1303 ) ;
#652 = DIRECTION ( 'NONE',  ( -0.000000000000000000, -0.000000000000000000, -1.000000000000000000 ) ) ;
#653 = FACE_OUTER_BOUND ( 'NONE', #613, .T. ) ;
#654 = CARTESIAN_POINT ( 'NONE',  ( -34.75891090180301291, -8.782681042720854592, 30.00000000000000000 ) ) ;
#655 = ORIENTED_EDGE ( 'NONE', *, *, #1024, .T. ) ;
#656 = EDGE_CURVE ( 'NONE', #1301, #2004, #1134, .T. ) ;
#657 = ORIENTED_EDGE ( 'NONE', *, *, #1024, .F. ) ;
#658 = EDGE_CURVE ( 'NONE', #1777, #1473, #1983, .T. ) ;
#659 = VECTOR ( 'NONE', #1450, 1000.000000000000000 ) ;
#660 = CARTESIAN_POINT ( 'NONE',  ( -34.97133383803529938, -1.454014880754743499, 4.000000000000000000 ) ) ;
#661 = ORIENTED_EDGE ( 'NONE', *, *, #545, .T. ) ;
#662 = CARTESIAN_POINT ( 'NONE',  ( -8.828666161965651682, 26.18865279531318535, 4.000000000000000000 ) ) ;
#663 = DIRECTION ( 'NONE',  ( -0.000000000000000000, -0.000000000000000000, 1.000000000000000000 ) ) ;
#664 = LINE ( 'NONE', #166, #1600 ) ;
#665 = VECTOR ( 'NONE', #1036, 1000.000000000000000 ) ;
#666 = DIRECTION ( 'NONE',  ( -0.000000000000000000, -0.000000000000000000, 1.000000000000000000 ) ) ;
#667 = CYLINDRICAL_SURFACE ( 'NONE', #594, 1.500000000000598188 ) ;
#668 = ORIENTED_EDGE ( 'NONE', *, *, #1838, .T. ) ;
#669 = VECTOR ( 'NONE', #221, 1000.000000000000000 ) ;
#670 = ORIENTED_EDGE ( 'NONE', *, *, #1786, .F. ) ;
#671 = AXIS2_PLACEMENT_3D ( 'NONE', #819, #1316, #1481 ) ;
#672 = EDGE_CURVE ( 'NONE', #1499, #971, #1621, .T. ) ;
#673 = DIRECTION ( 'NONE',  ( -1.000000000000000000, 0.000000000000000000, 0.000000000000000000 ) ) ;
#674 = ORIENTED_EDGE ( 'NONE', *, *, #737, .F. ) ;
#675 = LINE ( 'NONE', #826, #877 ) ;
#676 = DIRECTION ( 'NONE',  ( -0.7071067811865473507, -0.7071067811865477948, 0.000000000000000000 ) ) ;
#677 = DIRECTION ( 'NONE',  ( -7.648180615600750172E-16, -1.000000000000000000, 0.000000000000000000 ) ) ;
#678 = CARTESIAN_POINT ( 'NONE',  ( -40.29999999999999005, 25.14780273433601465, 6.999999999999999112 ) ) ;
#679 = DIRECTION ( 'NONE',  ( 2.549393538533585527E-16, 1.000000000000000000, 1.274696769266792764E-16 ) ) ;
#680 = EDGE_LOOP ( 'NONE', ( #1817, #1520, #1667, #1407, #359, #836, #103, #396 ) ) ;
#681 = ORIENTED_EDGE ( 'NONE', *, *, #656, .T. ) ;
#682 = EDGE_CURVE ( 'NONE', #591, #1397, #1634, .T. ) ;
#683 = EDGE_LOOP ( 'NONE', ( #1476, #298, #1168, #1892 ) ) ;
#684 = EDGE_LOOP ( 'NONE', ( #538, #1237, #1677, #1437 ) ) ;
#685 = EDGE_CURVE ( 'NONE', #797, #61, #1663, .T. ) ;
#686 = CARTESIAN_POINT ( 'NONE',  ( 2.000000000000000000, -5.401655608247960316, 0.000000000000000000 ) ) ;
#687 = DIRECTION ( 'NONE',  ( 1.249202833881456913E-14, -1.000000000000000000, 0.000000000000000000 ) ) ;
#688 = ADVANCED_FACE ( 'NONE', ( #1311 ), #482, .T. ) ;
#689 = PLANE ( 'NONE',  #1398 ) ;
#690 = CARTESIAN_POINT ( 'NONE',  ( 10.00000000000000000, -9.406905991767381181, 50.78506780000000020 ) ) ;
#691 = DIRECTION ( 'NONE',  ( 0.000000000000000000, 0.000000000000000000, -1.000000000000000000 ) ) ;
#692 = ORIENTED_EDGE ( 'NONE', *, *, #872, .T. ) ;
#693 = VERTEX_POINT ( 'NONE', #1403 ) ;
#694 = ORIENTED_EDGE ( 'NONE', *, *, #1542, .T. ) ;
#695 = AXIS2_PLACEMENT_3D ( 'NONE', #1241, #64, #1390 ) ;
#696 = VECTOR ( 'NONE', #781, 1000.000000000000000 ) ;
#697 = LINE ( 'NONE', #1513, #2117 ) ;
#698 = ADVANCED_FACE ( 'NONE', ( #2040 ), #1864, .F. ) ;
#699 = CARTESIAN_POINT ( 'NONE',  ( 0.000000000000000000, 32.09309400823261882, 44.95488953446059810 ) ) ;
#700 = DIRECTION ( 'NONE',  ( 0.000000000000000000, 0.000000000000000000, -1.000000000000000000 ) ) ;
#701 = CARTESIAN_POINT ( 'NONE',  ( -40.88578643762656384, 0.1726216178490015407, 6.999999999999999112 ) ) ;
#702 = AXIS2_PLACEMENT_3D ( 'NONE', #1457, #783, #1275 ) ;
#703 = ORIENTED_EDGE ( 'NONE', *, *, #479, .T. ) ;
#704 = AXIS2_PLACEMENT_3D ( 'NONE', #1747, #1077, #743 ) ;
#705 = CC_DESIGN_APPROVAL ( #848, ( #46 ) ) ;
#706 = ORIENTED_EDGE ( 'NONE', *, *, #628, .F. ) ;
#707 = FACE_BOUND ( 'NONE', #2036, .T. ) ;
#708 = EDGE_CURVE ( 'NONE', #1618, #2120, #1216, .T. ) ;
#709 = FACE_OUTER_BOUND ( 'NONE', #2072, .T. ) ;
#710 = DIRECTION ( 'NONE',  ( 0.000000000000000000, 0.000000000000000000, 1.000000000000000000 ) ) ;
#711 = EDGE_CURVE ( 'NONE', #2062, #1301, #399, .T. ) ;
#712 = ORIENTED_EDGE ( 'NONE', *, *, #247, .T. ) ;
#713 = ORIENTED_EDGE ( 'NONE', *, *, #1171, .F. ) ;
#714 = DIRECTION ( 'NONE',  ( 2.549393538533585527E-16, 1.000000000000000000, -0.000000000000000000 ) ) ;
#715 = CARTESIAN_POINT ( 'NONE',  ( 2.000000000000000000, -5.401655608248009166, 44.95488953446059099 ) ) ;
#716 = DIRECTION ( 'NONE',  ( 1.000000000000000000, 0.000000000000000000, 0.000000000000000000 ) ) ;
#717 = CARTESIAN_POINT ( 'NONE',  ( -3.261280134836397337E-13, -1.241591944524077284, 30.00000000000000000 ) ) ;
#718 = DIRECTION ( 'NONE',  ( 0.000000000000000000, 0.000000000000000000, -1.000000000000000000 ) ) ;
#719 = CARTESIAN_POINT ( 'NONE',  ( 10.00000000000000000, 35.59309400823261171, 50.78506780000000020 ) ) ;
#720 = ORIENTED_EDGE ( 'NONE', *, *, #2037, .F. ) ;
#721 = ORIENTED_EDGE ( 'NONE', *, *, #1412, .T. ) ;
#722 = EDGE_CURVE ( 'NONE', #968, #2092, #904, .T. ) ;
#723 = ORIENTED_EDGE ( 'NONE', *, *, #1379, .T. ) ;
#724 = DIRECTION ( 'NONE',  ( -0.000000000000000000, -0.000000000000000000, -1.000000000000000000 ) ) ;
#725 = AXIS2_PLACEMENT_3D ( 'NONE', #1911, #424, #1087 ) ;
#726 = CALENDAR_DATE ( 2025, 1, 5 ) ;
#727 = DIRECTION ( 'NONE',  ( -1.000000000000000000, -0.000000000000000000, -0.000000000000000000 ) ) ;
#728 = DIRECTION ( 'NONE',  ( 0.7071067811865411334, -0.7071067811865539010, 0.000000000000000000 ) ) ;
#729 = VECTOR ( 'NONE', #164, 1000.000000000000000 ) ;
#730 = PLANE ( 'NONE',  #704 ) ;
#731 = FACE_OUTER_BOUND ( 'NONE', #941, .T. ) ;
#732 = ORIENTED_EDGE ( 'NONE', *, *, #1899, .T. ) ;
#733 = ORIENTED_EDGE ( 'NONE', *, *, #1439, .F. ) ;
#734 = EDGE_CURVE ( 'NONE', #260, #1310, #1232, .T. ) ;
#735 = ORIENTED_EDGE ( 'NONE', *, *, #1410, .T. ) ;
#736 = VECTOR ( 'NONE', #67, 999.9999999999998863 ) ;
#737 = EDGE_CURVE ( 'NONE', #559, #2025, #90, .T. ) ;
#738 = AXIS2_PLACEMENT_3D ( 'NONE', #27, #2137, #500 ) ;
#739 = DIRECTION ( 'NONE',  ( 0.000000000000000000, -0.000000000000000000, -1.000000000000000000 ) ) ;
#740 = CALENDAR_DATE ( 2025, 1, 5 ) ;
#741 = DIRECTION ( 'NONE',  ( 0.000000000000000000, -1.000000000000000000, 0.000000000000000000 ) ) ;
#742 = LINE ( 'NONE', #578, #2047 ) ;
#743 = DIRECTION ( 'NONE',  ( -1.249202833881456913E-14, 1.000000000000000000, 0.000000000000000000 ) ) ;
#744 = DIRECTION ( 'NONE',  ( 1.000000000000000000, 0.000000000000000000, 0.000000000000000000 ) ) ;
#745 = VERTEX_POINT ( 'NONE', #239 ) ;
#746 = ORIENTED_EDGE ( 'NONE', *, *, #2049, .F. ) ;
#747 = VERTEX_POINT ( 'NONE', #1560 ) ;
#748 = PRODUCT_RELATED_PRODUCT_CATEGORY ( 'detail', '', ( #1354 ) ) ;
#749 = DIRECTION ( 'NONE',  ( 1.000000000000000000, 0.000000000000000000, 0.000000000000000000 ) ) ;
#750 = EDGE_CURVE ( 'NONE', #158, #1268, #1869, .T. ) ;
#751 = MECHANICAL_CONTEXT ( 'NONE', #1793, 'mechanical' ) ;
#752 = EDGE_CURVE ( 'NONE', #181, #591, #1535, .T. ) ;
#753 = CARTESIAN_POINT ( 'NONE',  ( -7.541089098197036655, 33.51731895727888144, 21.99999999999999645 ) ) ;
#754 = CARTESIAN_POINT ( 'NONE',  ( 10.00000000000000000, 35.59309400823261171, 25.78506780000000376 ) ) ;
#755 = DIRECTION ( 'NONE',  ( 1.000000000000000000, -2.549393538533585527E-16, 0.000000000000000000 ) ) ;
#756 = PLANE ( 'NONE',  #1260 ) ;
#757 = ORIENTED_EDGE ( 'NONE', *, *, #162, .F. ) ;
#758 = ORIENTED_EDGE ( 'NONE', *, *, #906, .T. ) ;
#759 = ORIENTED_EDGE ( 'NONE', *, *, #269, .T. ) ;
#760 = DIRECTION ( 'NONE',  ( -1.000000000000000000, -2.421923861606929596E-15, 0.000000000000000000 ) ) ;
#761 = DIRECTION ( 'NONE',  ( -0.000000000000000000, -0.000000000000000000, 1.000000000000000000 ) ) ;
#762 = AXIS2_PLACEMENT_3D ( 'NONE', #1773, #2094, #963 ) ;
#763 = ADVANCED_FACE ( 'NONE', ( #408 ), #54, .T. ) ;
#764 = CARTESIAN_POINT ( 'NONE',  ( -8.828666161965651682, 26.18865279531318535, 4.000000000000000000 ) ) ;
#765 = CARTESIAN_POINT ( 'NONE',  ( -8.828666161966960857, -1.454014880755873707, 0.000000000000000000 ) ) ;
#766 = ORIENTED_EDGE ( 'NONE', *, *, #1713, .F. ) ;
#767 = EDGE_LOOP ( 'NONE', ( #1935, #1109, #712, #69, #1608, #2048, #733, #1882, #2033, #1679, #1717, #1278 ) ) ;
#768 = VECTOR ( 'NONE', #1281, 1000.000000000000000 ) ;
#769 = VECTOR ( 'NONE', #1381, 1000.000000000000000 ) ;
#770 = VECTOR ( 'NONE', #1849, 1000.000000000000000 ) ;
#771 = AXIS2_PLACEMENT_3D ( 'NONE', #988, #487, #1505 ) ;
#772 = DIRECTION ( 'NONE',  ( -1.000000000000000000, -0.000000000000000000, -0.000000000000000000 ) ) ;
#773 = DIRECTION ( 'NONE',  ( -0.000000000000000000, 0.000000000000000000, 1.000000000000000000 ) ) ;
#774 = CARTESIAN_POINT ( 'NONE',  ( 10.00000000000000000, 35.59309400823261171, 25.78506780000000376 ) ) ;
#775 = LINE ( 'NONE', #1099, #492 ) ;
#776 = ORIENTED_EDGE ( 'NONE', *, *, #1808, .T. ) ;
#777 = ORIENTED_EDGE ( 'NONE', *, *, #711, .F. ) ;
#778 = ADVANCED_FACE ( 'NONE', ( #1414 ), #1720, .F. ) ;
#779 = CALENDAR_DATE ( 2025, 1, 5 ) ;
#780 = FACE_OUTER_BOUND ( 'NONE', #33, .T. ) ;
#781 = DIRECTION ( 'NONE',  ( 0.7071067811865410224, -0.7071067811865540120, -0.000000000000000000 ) ) ;
#782 = LINE ( 'NONE', #1138, #1047 ) ;
#783 = DIRECTION ( 'NONE',  ( 1.000000000000000000, 0.000000000000000000, 0.000000000000000000 ) ) ;
#784 = EDGE_LOOP ( 'NONE', ( #703, #146, #31, #1487, #1511 ) ) ;
#785 = ORIENTED_EDGE ( 'NONE', *, *, #1779, .F. ) ;
#786 = ADVANCED_FACE ( 'NONE', ( #709 ), #1897, .F. ) ;
#787 = DIRECTION ( 'NONE',  ( -0.000000000000000000, -0.000000000000000000, -1.000000000000000000 ) ) ;
#788 = PERSON_AND_ORGANIZATION ( #1227, #1847 ) ;
#789 = DIRECTION ( 'NONE',  ( 0.000000000000000000, 0.000000000000000000, -1.000000000000000000 ) ) ;
#790 = CARTESIAN_POINT ( 'NONE',  ( 10.00000000000000000, -3.406905991767381625, 50.78506780000000020 ) ) ;
#791 = LINE ( 'NONE', #1470, #597 ) ;
#792 = DIRECTION ( 'NONE',  ( -1.000000000000000000, 0.000000000000000000, 0.000000000000000000 ) ) ;
#793 = ORIENTED_EDGE ( 'NONE', *, *, #1447, .F. ) ;
#794 = ORIENTED_EDGE ( 'NONE', *, *, #818, .F. ) ;
#795 = VECTOR ( 'NONE', #1489, 1000.000000000000000 ) ;
#796 = AXIS2_PLACEMENT_3D ( 'NONE', #525, #512, #490 ) ;
#797 = VERTEX_POINT ( 'NONE', #255 ) ;
#798 = EDGE_CURVE ( 'NONE', #1499, #1367, #1888, .T. ) ;
#799 = CARTESIAN_POINT ( 'NONE',  ( -40.29999999999965610, -0.4131648197779110854, 6.999999999999999112 ) ) ;
#800 = VECTOR ( 'NONE', #1658, 1000.000000000000000 ) ;
#801 = ADVANCED_FACE ( 'NONE', ( #568 ), #1377, .F. ) ;
#802 = CIRCLE ( 'NONE', #1147, 6.999999999999998224 ) ;
#803 = DATE_TIME_ROLE ( 'classification_date' ) ;
#804 = FACE_OUTER_BOUND ( 'NONE', #505, .T. ) ;
#805 = DIRECTION ( 'NONE',  ( 1.000000000000000000, 0.000000000000000000, 0.000000000000000000 ) ) ;
#806 = VECTOR ( 'NONE', #1931, 1000.000000000000000 ) ;
#807 = AXIS2_PLACEMENT_3D ( 'NONE', #2, #1875, #1733 ) ;
#808 = LINE ( 'NONE', #1930, #78 ) ;
#809 = CYLINDRICAL_SURFACE ( 'NONE', #43, 1.500000000000724754 ) ;
#810 = CARTESIAN_POINT ( 'NONE',  ( 10.00000000000000000, -3.406905991767381625, 50.78506780000000020 ) ) ;
#811 = ORIENTED_EDGE ( 'NONE', *, *, #1131, .F. ) ;
#812 = ORIENTED_EDGE ( 'NONE', *, *, #672, .F. ) ;
#813 = DIRECTION ( 'NONE',  ( 0.000000000000000000, 0.000000000000000000, -1.000000000000000000 ) ) ;
#814 = ORIENTED_EDGE ( 'NONE', *, *, #2078, .F. ) ;
#815 = DIRECTION ( 'NONE',  ( -1.000000000000000000, 0.000000000000000000, 0.000000000000000000 ) ) ;
#816 = DIRECTION ( 'NONE',  ( 0.000000000000000000, -1.000000000000000000, -1.850630814949432645E-16 ) ) ;
#817 = EDGE_CURVE ( 'NONE', #2107, #1545, #1540, .T. ) ;
#818 = EDGE_CURVE ( 'NONE', #1285, #290, #1034, .T. ) ;
#819 = CARTESIAN_POINT ( 'NONE',  ( -7.328666161965104564, 26.18865279531318535, 4.000000000000000000 ) ) ;
#820 = DIRECTION ( 'NONE',  ( 3.249703707158398729E-32, 1.274696769266792764E-16, -1.000000000000000000 ) ) ;
#821 = PLANE ( 'NONE',  #348 ) ;
#822 = ORIENTED_EDGE ( 'NONE', *, *, #1451, .F. ) ;
#823 = ORIENTED_EDGE ( 'NONE', *, *, #1050, .F. ) ;
#824 = CARTESIAN_POINT ( 'NONE',  ( -11.18905514077623842, 12.36731895727903385, 2.000000000000000000 ) ) ;
#825 = ORIENTED_EDGE ( 'NONE', *, *, #60, .F. ) ;
#826 = CARTESIAN_POINT ( 'NONE',  ( 10.00000000000000000, 35.59309400823261171, 50.78506780000000020 ) ) ;
#827 = CARTESIAN_POINT ( 'NONE',  ( 10.00000000000000000, 29.59309400823261882, 50.78506780000000020 ) ) ;
#828 = FACE_OUTER_BOUND ( 'NONE', #684, .T. ) ;
#829 = LINE ( 'NONE', #1352, #1982 ) ;
#830 = CARTESIAN_POINT ( 'NONE',  ( 10.00000000000000000, 35.59309400823261171, 50.78506780000000020 ) ) ;
#831 = ORIENTED_EDGE ( 'NONE', *, *, #933, .T. ) ;
#832 = EDGE_CURVE ( 'NONE', #2014, #2025, #543, .T. ) ;
#833 = EDGE_LOOP ( 'NONE', ( #1884, #1579, #1070, #1155 ) ) ;
#834 = CIRCLE ( 'NONE', #2046, 1.999999999999998224 ) ;
#835 = CYLINDRICAL_SURFACE ( 'NONE', #1728, 1.500000000000667466 ) ;
#836 = ORIENTED_EDGE ( 'NONE', *, *, #1998, .F. ) ;
#837 = VECTOR ( 'NONE', #1365, 1000.000000000000000 ) ;
#838 = FACE_BOUND ( 'NONE', #1102, .T. ) ;
#839 = CARTESIAN_POINT ( 'NONE',  ( -7.541089098197038432, 33.51731895727888144, 30.00000000000000000 ) ) ;
#840 = AXIS2_PLACEMENT_3D ( 'NONE', #1256, #403, #413 ) ;
#841 = LINE ( 'NONE', #1975, #1432 ) ;
#842 = CIRCLE ( 'NONE', #2052, 1.500000000000546896 ) ;
#843 = EDGE_CURVE ( 'NONE', #445, #70, #2145, .T. ) ;
#844 = DIRECTION ( 'NONE',  ( -1.000000000000000000, 0.000000000000000000, 0.000000000000000000 ) ) ;
#845 = DIRECTION ( 'NONE',  ( 0.7071067811865473507, 0.7071067811865477948, 0.000000000000000000 ) ) ;
#846 = EDGE_LOOP ( 'NONE', ( #516, #1824, #244, #982, #94, #1528, #1269, #1288 ) ) ;
#847 = CIRCLE ( 'NONE', #879, 1.500000000000546896 ) ;
#848 = APPROVAL ( #228, 'UNSPECIFIED' ) ;
#849 = EDGE_LOOP ( 'NONE', ( #1696, #74, #1883, #259 ) ) ;
#850 = AXIS2_PLACEMENT_3D ( 'NONE', #1151, #1161, #1811 ) ;
#851 = EDGE_CURVE ( 'NONE', #1312, #860, #1602, .T. ) ;
#852 = VERTEX_POINT ( 'NONE', #302 ) ;
#853 = EDGE_LOOP ( 'NONE', ( #721, #131, #1221, #468 ) ) ;
#854 = FACE_OUTER_BOUND ( 'NONE', #887, .T. ) ;
#855 = LINE ( 'NONE', #326, #418 ) ;
#856 = DIRECTION ( 'NONE',  ( 1.000000000000000000, 0.000000000000000000, 0.000000000000000000 ) ) ;
#857 = DIRECTION ( 'NONE',  ( -0.000000000000000000, 1.000000000000000000, -0.000000000000000000 ) ) ;
#858 = FACE_OUTER_BOUND ( 'NONE', #859, .T. ) ;
#859 = EDGE_LOOP ( 'NONE', ( #732, #1519, #823, #1948 ) ) ;
#860 = VERTEX_POINT ( 'NONE', #927 ) ;
#861 = ORIENTED_EDGE ( 'NONE', *, *, #614, .F. ) ;
#862 = ADVANCED_FACE ( 'NONE', ( #780 ), #1433, .T. ) ;
#863 = LINE ( 'NONE', #198, #1009 ) ;
#864 = FACE_OUTER_BOUND ( 'NONE', #1484, .T. ) ;
#865 = FACE_OUTER_BOUND ( 'NONE', #560, .T. ) ;
#866 = CARTESIAN_POINT ( 'NONE',  ( -40.29999999999998295, 25.14780273433601465, 0.000000000000000000 ) ) ;
#867 = ORIENTED_EDGE ( 'NONE', *, *, #401, .T. ) ;
#868 = VERTEX_POINT ( 'NONE', #1952 ) ;
#869 = ADVANCED_FACE ( 'NONE', ( #608 ), #1441, .T. ) ;
#870 = VECTOR ( 'NONE', #1052, 999.9999999999998863 ) ;
#871 = VECTOR ( 'NONE', #1013, 999.9999999999998863 ) ;
#872 = EDGE_CURVE ( 'NONE', #1045, #868, #1453, .T. ) ;
#873 = DIRECTION ( 'NONE',  ( -0.000000000000000000, -0.000000000000000000, -1.000000000000000000 ) ) ;
#874 =( NAMED_UNIT ( * ) PLANE_ANGLE_UNIT ( ) SI_UNIT ( $, .RADIAN. ) );
#875 = DIRECTION ( 'NONE',  ( -0.7071067811865461294, -0.7071067811865489050, 0.000000000000000000 ) ) ;
#876 = CARTESIAN_POINT ( 'NONE',  ( 2.000000000000000000, -5.401655608248010054, 7.000000000000000000 ) ) ;
#877 = VECTOR ( 'NONE', #1986, 1000.000000000000000 ) ;
#878 = ORIENTED_EDGE ( 'NONE', *, *, #475, .T. ) ;
#879 = AXIS2_PLACEMENT_3D ( 'NONE', #2079, #718, #92 ) ;
#880 = ORIENTED_EDGE ( 'NONE', *, *, #1722, .T. ) ;
#881 = PLANE ( 'NONE',  #282 ) ;
#882 = CARTESIAN_POINT ( 'NONE',  ( 10.00000000000000000, -9.406905991767381181, 25.78506780000000020 ) ) ;
#883 = DIRECTION ( 'NONE',  ( 0.000000000000000000, 0.000000000000000000, 1.000000000000000000 ) ) ;
#884 = EDGE_CURVE ( 'NONE', #971, #583, #463, .T. ) ;
#885 = DIRECTION ( 'NONE',  ( 0.000000000000000000, 0.000000000000000000, -1.000000000000000000 ) ) ;
#886 = CARTESIAN_POINT ( 'NONE',  ( -11.18905514077623842, 12.36731895727903385, 2.000000000000000000 ) ) ;
#887 = EDGE_LOOP ( 'NONE', ( #1176, #1358, #1826, #1193 ) ) ;
#888 = ORIENTED_EDGE ( 'NONE', *, *, #1212, .T. ) ;
#889 = ORIENTED_EDGE ( 'NONE', *, *, #262, .T. ) ;
#890 = LINE ( 'NONE', #1690, #315 ) ;
#891 = APPROVAL_ROLE ( '' ) ;
#892 = DIRECTION ( 'NONE',  ( -1.000000000000000000, 0.000000000000000000, 0.000000000000000000 ) ) ;
#893 = DIRECTION ( 'NONE',  ( -1.000000000000000000, 0.000000000000000000, -0.000000000000000000 ) ) ;
#894 = DIRECTION ( 'NONE',  ( 2.549393538533585527E-16, 1.000000000000000000, 0.000000000000000000 ) ) ;
#895 = CARTESIAN_POINT ( 'NONE',  ( -34.75891090180329712, 33.51731895727890276, 30.00000000000000000 ) ) ;
#896 = ORIENTED_EDGE ( 'NONE', *, *, #196, .T. ) ;
#897 = VERTEX_POINT ( 'NONE', #1582 ) ;
#898 = EDGE_CURVE ( 'NONE', #70, #445, #552, .T. ) ;
#899 = ORIENTED_EDGE ( 'NONE', *, *, #88, .F. ) ;
#900 = DIRECTION ( 'NONE',  ( 1.000000000000000000, 0.000000000000000000, 0.000000000000000000 ) ) ;
#901 = AXIS2_PLACEMENT_3D ( 'NONE', #322, #1655, #626 ) ;
#902 = VECTOR ( 'NONE', #2030, 1000.000000000000000 ) ;
#903 = DIRECTION ( 'NONE',  ( -1.000000000000000000, -0.000000000000000000, -0.000000000000000000 ) ) ;
#904 = LINE ( 'NONE', #2068, #1072 ) ;
#905 = CARTESIAN_POINT ( 'NONE',  ( -3.261280134836397337E-13, -1.241591944524077284, 30.00000000000000000 ) ) ;
#906 = EDGE_CURVE ( 'NONE', #648, #1247, #834, .T. ) ;
#907 = DIRECTION ( 'NONE',  ( -0.7071067811865462405, -0.7071067811865489050, -0.000000000000000000 ) ) ;
#908 = CARTESIAN_POINT ( 'NONE',  ( -33.93048377705684970, -6.782681042720851927, 0.000000000000000000 ) ) ;
#909 = ORIENTED_EDGE ( 'NONE', *, *, #2037, .T. ) ;
#910 = VERTEX_POINT ( 'NONE', #1124 ) ;
#911 = AXIS2_PLACEMENT_3D ( 'NONE', #1796, #2135, #815 ) ;
#912 = CC_DESIGN_PERSON_AND_ORGANIZATION_ASSIGNMENT ( #117, #934, ( #916 ) ) ;
#913 = ORIENTED_EDGE ( 'NONE', *, *, #1689, .T. ) ;
#914 = AXIS2_PLACEMENT_3D ( 'NONE', #1444, #1964, #966 ) ;
#915 = EDGE_CURVE ( 'NONE', #358, #395, #440, .T. ) ;
#916 = SECURITY_CLASSIFICATION ( '', '', #270 ) ;
#917 = EDGE_CURVE ( 'NONE', #1984, #1688, #71, .T. ) ;
#918 = CARTESIAN_POINT ( 'NONE',  ( -1.632808471763169678E-13, -1.241591944523914304, 6.999999999999999112 ) ) ;
#919 = FACE_OUTER_BOUND ( 'NONE', #924, .T. ) ;
#920 = DIRECTION ( 'NONE',  ( 0.7071067811865410224, -0.7071067811865540120, -0.000000000000000000 ) ) ;
#921 = DIRECTION ( 'NONE',  ( 1.000000000000000000, -7.648180615600750172E-16, 0.000000000000000000 ) ) ;
#922 = DIRECTION ( 'NONE',  ( 0.000000000000000000, 0.000000000000000000, -1.000000000000000000 ) ) ;
#923 = CARTESIAN_POINT ( 'NONE',  ( 2.000000000000000000, 29.59309400823261527, 25.78506780000000376 ) ) ;
#924 = EDGE_LOOP ( 'NONE', ( #1343, #1802, #1426, #1959 ) ) ;
#925 = EDGE_LOOP ( 'NONE', ( #1894, #888 ) ) ;
#926 = ADVANCED_FACE ( 'NONE', ( #804 ), #1280, .F. ) ;
#927 = CARTESIAN_POINT ( 'NONE',  ( 0.000000000000000000, -5.401655608247960316, 51.95488953446059099 ) ) ;
#928 = CARTESIAN_POINT ( 'NONE',  ( 2.000000000000000000, 32.09309400823256908, 0.000000000000000000 ) ) ;
#929 = DIRECTION ( 'NONE',  ( -0.000000000000000000, -0.000000000000000000, -1.000000000000000000 ) ) ;
#930 = FACE_OUTER_BOUND ( 'NONE', #19, .T. ) ;
#931 = ORIENTED_EDGE ( 'NONE', *, *, #1906, .F. ) ;
#932 = VERTEX_POINT ( 'NONE', #99 ) ;
#933 = EDGE_CURVE ( 'NONE', #1397, #30, #1468, .T. ) ;
#934 = PERSON_AND_ORGANIZATION_ROLE ( 'classification_officer' ) ;
#935 = DIRECTION ( 'NONE',  ( 1.249202833881456913E-14, -1.000000000000000000, 0.000000000000000000 ) ) ;
#936 = CARTESIAN_POINT ( 'NONE',  ( 0.000000000000000000, 32.09309400823256908, 0.000000000000000000 ) ) ;
#937 = AXIS2_PLACEMENT_3D ( 'NONE', #80, #229, #892 ) ;
#938 = LINE ( 'NONE', #774, #1463 ) ;
#939 = DIRECTION ( 'NONE',  ( -0.000000000000000000, -0.000000000000000000, -1.000000000000000000 ) ) ;
#940 = EDGE_LOOP ( 'NONE', ( #133, #404, #1893, #1509, #179, #341, #104, #1918 ) ) ;
#941 = EDGE_LOOP ( 'NONE', ( #2045, #1319, #1979, #1757, #1836 ) ) ;
#942 = VECTOR ( 'NONE', #1023, 1000.000000000000000 ) ;
#943 = VECTOR ( 'NONE', #334, 1000.000000000000000 ) ;
#944 = VECTOR ( 'NONE', #1606, 1000.000000000000000 ) ;
#945 = CARTESIAN_POINT ( 'NONE',  ( 0.000000000000000000, -5.401655608248010054, 7.000000000000000000 ) ) ;
#946 = CYLINDRICAL_SURFACE ( 'NONE', #1625, 3.147808218514919876 ) ;
#947 = CARTESIAN_POINT ( 'NONE',  ( -3.261280134836397337E-13, -1.241591944524077284, 30.00000000000000000 ) ) ;
#948 = CARTESIAN_POINT ( 'NONE',  ( 2.000000000000000000, 35.59309400823261171, 50.78506780000000020 ) ) ;
#949 = EDGE_LOOP ( 'NONE', ( #1002, #51, #759, #366 ) ) ;
#950 = ORIENTED_EDGE ( 'NONE', *, *, #1243, .F. ) ;
#951 = EDGE_CURVE ( 'NONE', #1222, #514, #1294, .T. ) ;
#952 = CARTESIAN_POINT ( 'NONE',  ( -7.328666161965104564, 26.18865279531318535, 4.000000000000000000 ) ) ;
#953 = CARTESIAN_POINT ( 'NONE',  ( 2.000000000000000000, -5.401655608247960316, 51.95488953446059099 ) ) ;
#954 = CARTESIAN_POINT ( 'NONE',  ( 2.000000000000000000, -3.406905991767381625, 50.78506780000000020 ) ) ;
#955 = CARTESIAN_POINT ( 'NONE',  ( -3.261280134836397337E-13, -1.241591944524077284, 0.000000000000000000 ) ) ;
#956 = EDGE_CURVE ( 'NONE', #606, #981, #1313, .T. ) ;
#957 = CARTESIAN_POINT ( 'NONE',  ( -33.93048377705711971, 31.51731895727889210, 6.999999999999999112 ) ) ;
#958 = ORIENTED_EDGE ( 'NONE', *, *, #1542, .F. ) ;
#959 = VERTEX_POINT ( 'NONE', #1940 ) ;
#960 = EDGE_CURVE ( 'NONE', #1654, #559, #1961, .T. ) ;
#961 = ORIENTED_EDGE ( 'NONE', *, *, #956, .T. ) ;
#962 = DIRECTION ( 'NONE',  ( -1.000000000000000000, 7.648180615600750172E-16, -0.000000000000000000 ) ) ;
#963 = DIRECTION ( 'NONE',  ( 0.000000000000000000, 0.000000000000000000, 1.000000000000000000 ) ) ;
#964 = CARTESIAN_POINT ( 'NONE',  ( 0.000000000000000000, -5.401655608248009166, 44.95488953446059099 ) ) ;
#965 = DIRECTION ( 'NONE',  ( -0.000000000000000000, -0.000000000000000000, -1.000000000000000000 ) ) ;
#966 = DIRECTION ( 'NONE',  ( 0.000000000000000000, 0.000000000000000000, -1.000000000000000000 ) ) ;
#967 = ORIENTED_EDGE ( 'NONE', *, *, #641, .T. ) ;
#968 = VERTEX_POINT ( 'NONE', #1745 ) ;
#969 = VECTOR ( 'NONE', #291, 1000.000000000000000 ) ;
#970 = AXIS2_PLACEMENT_3D ( 'NONE', #754, #773, #1754 ) ;
#971 = VERTEX_POINT ( 'NONE', #1096 ) ;
#972 = DIRECTION ( 'NONE',  ( 0.000000000000000000, 0.000000000000000000, -1.000000000000000000 ) ) ;
#973 = EDGE_CURVE ( 'NONE', #1181, #185, #1900, .T. ) ;
#974 = VECTOR ( 'NONE', #1916, 1000.000000000000000 ) ;
#975 = DIRECTION ( 'NONE',  ( 1.000000000000000000, 2.421923861606928413E-15, 0.000000000000000000 ) ) ;
#976 = DIRECTION ( 'NONE',  ( -7.648180615600750172E-16, -1.000000000000000000, 8.844985641595580122E-32 ) ) ;
#977 = CIRCLE ( 'NONE', #1599, 12.96282905502443583 ) ;
#978 = LINE ( 'NONE', #1265, #13 ) ;
#979 = CARTESIAN_POINT ( 'NONE',  ( -21.15000000000009450, 12.36731895727903208, -35.00000000000000000 ) ) ;
#980 = DIRECTION ( 'NONE',  ( -0.000000000000000000, -0.000000000000000000, -1.000000000000000000 ) ) ;
#981 = VERTEX_POINT ( 'NONE', #1591 ) ;
#982 = ORIENTED_EDGE ( 'NONE', *, *, #1322, .F. ) ;
#983 = CARTESIAN_POINT ( 'NONE',  ( 0.000000000000000000, -12.40165560824801005, 7.000000000000051514 ) ) ;
#984 = ORIENTED_EDGE ( 'NONE', *, *, #1858, .F. ) ;
#985 = EDGE_CURVE ( 'NONE', #1871, #1325, #1488, .T. ) ;
#986 = FACE_BOUND ( 'NONE', #1057, .T. ) ;
#987 = CARTESIAN_POINT ( 'NONE',  ( 2.000000000000000000, -9.406905991767381181, 50.78506780000000020 ) ) ;
#988 = CARTESIAN_POINT ( 'NONE',  ( 0.000000000000000000, 32.09309400823261882, 7.000000000000000000 ) ) ;
#989 = CARTESIAN_POINT ( 'NONE',  ( -21.15000000000009450, 12.36731895727903208, 2.000000000000000000 ) ) ;
#990 = CARTESIAN_POINT ( 'NONE',  ( 2.000000000000000000, 32.09309400823256908, 51.95488953446059810 ) ) ;
#991 = ORIENTED_EDGE ( 'NONE', *, *, #933, .F. ) ;
#992 = ORIENTED_EDGE ( 'NONE', *, *, #386, .T. ) ;
#993 = LINE ( 'NONE', #11, #207 ) ;
#994 = VERTEX_POINT ( 'NONE', #188 ) ;
#995 = EDGE_CURVE ( 'NONE', #1006, #1814, #1019, .T. ) ;
#996 = CARTESIAN_POINT ( 'NONE',  ( -7.328666161965104564, 26.18865279531318535, 4.000000000000000000 ) ) ;
#997 = LINE ( 'NONE', #1170, #800 ) ;
#998 = EDGE_CURVE ( 'NONE', #1618, #288, #1007, .T. ) ;
#999 = CARTESIAN_POINT ( 'NONE',  ( -32.72390136716808229, 32.72390136716794728, 0.000000000000000000 ) ) ;
#1000 = FACE_OUTER_BOUND ( 'NONE', #683, .T. ) ;
#1001 = DIRECTION ( 'NONE',  ( 0.000000000000000000, 0.000000000000000000, -1.000000000000000000 ) ) ;
#1002 = ORIENTED_EDGE ( 'NONE', *, *, #1199, .F. ) ;
#1003 = ORIENTED_EDGE ( 'NONE', *, *, #1497, .F. ) ;
#1004 = CIRCLE ( 'NONE', #2008, 3.147808218514919876 ) ;
#1005 = ORIENTED_EDGE ( 'NONE', *, *, #614, .T. ) ;
#1006 = VERTEX_POINT ( 'NONE', #153 ) ;
#1007 = LINE ( 'NONE', #1829, #596 ) ;
#1008 = CARTESIAN_POINT ( 'NONE',  ( -21.15000000000009450, 12.36731895727903208, 0.000000000000000000 ) ) ;
#1009 = VECTOR ( 'NONE', #1522, 1000.000000000000000 ) ;
#1010 = CARTESIAN_POINT ( 'NONE',  ( 2.000000000000000000, -3.406905991767381625, 25.78506780000000020 ) ) ;
#1011 = AXIS2_PLACEMENT_3D ( 'NONE', #1915, #922, #570 ) ;
#1012 = CARTESIAN_POINT ( 'NONE',  ( -8.369516222943225614, -6.782681042720789755, 0.000000000000000000 ) ) ;
#1013 = DIRECTION ( 'NONE',  ( -0.7071067811865477948, 0.7071067811865473507, -0.000000000000000000 ) ) ;
#1014 = VERTEX_POINT ( 'NONE', #2146 ) ;
#1015 = CC_DESIGN_APPROVAL ( #1609, ( #1860 ) ) ;
#1016 = ORIENTED_EDGE ( 'NONE', *, *, #299, .F. ) ;
#1017 = EDGE_CURVE ( 'NONE', #320, #646, #25, .T. ) ;
#1018 = ORIENTED_EDGE ( 'NONE', *, *, #162, .T. ) ;
#1019 = LINE ( 'NONE', #1148, #109 ) ;
#1020 = CARTESIAN_POINT ( 'NONE',  ( -42.29999999999965610, -1.241591944524070179, 30.00000000000000000 ) ) ;
#1021 = CARTESIAN_POINT ( 'NONE',  ( -21.15000000000009450, 12.36731895727903208, 2.000000000000000000 ) ) ;
#1022 = CARTESIAN_POINT ( 'NONE',  ( -5.828666161965512238, -1.454014880755873484, 0.000000000000000000 ) ) ;
#1023 = DIRECTION ( 'NONE',  ( -8.844985641595537426E-32, -8.844985641595573553E-32, -1.000000000000000000 ) ) ;
#1024 = EDGE_CURVE ( 'NONE', #513, #2107, #1996, .T. ) ;
#1025 = EDGE_LOOP ( 'NONE', ( #1716, #1619, #1493, #515 ) ) ;
#1026 = EDGE_CURVE ( 'NONE', #288, #2044, #863, .T. ) ;
#1027 = ORIENTED_EDGE ( 'NONE', *, *, #60, .T. ) ;
#1028 = DIRECTION ( 'NONE',  ( 0.000000000000000000, 0.000000000000000000, -1.000000000000000000 ) ) ;
#1029 = DIRECTION ( 'NONE',  ( 0.000000000000000000, 0.000000000000000000, -1.000000000000000000 ) ) ;
#1030 = DIRECTION ( 'NONE',  ( -1.000000000000000000, -0.000000000000000000, -0.000000000000000000 ) ) ;
#1031 = CARTESIAN_POINT ( 'NONE',  ( 2.000000000000000000, 39.09309400823261882, 44.95488953446054836 ) ) ;
#1032 = ORIENTED_EDGE ( 'NONE', *, *, #998, .T. ) ;
#1033 = ORIENTED_EDGE ( 'NONE', *, *, #1713, .T. ) ;
#1034 = CIRCLE ( 'NONE', #725, 9.960944859223857861 ) ;
#1035 = VECTOR ( 'NONE', #1315, 1000.000000000000000 ) ;
#1036 = DIRECTION ( 'NONE',  ( 0.000000000000000000, -1.000000000000000000, -1.850630814949432645E-16 ) ) ;
#1037 = ADVANCED_FACE ( 'NONE', ( #854 ), #1638, .F. ) ;
#1038 = PERSON_AND_ORGANIZATION ( #1227, #1847 ) ;
#1039 = CARTESIAN_POINT ( 'NONE',  ( 2.000000000000000000, 32.09309400823256908, 51.95488953446059810 ) ) ;
#1040 = CARTESIAN_POINT ( 'NONE',  ( 0.000000000000000000, -1.241591944523994018, 0.000000000000000000 ) ) ;
#1041 = VECTOR ( 'NONE', #724, 1000.000000000000000 ) ;
#1042 = CARTESIAN_POINT ( 'NONE',  ( -21.15000000000009450, 12.36731895727903208, 2.000000000000000000 ) ) ;
#1043 = CARTESIAN_POINT ( 'NONE',  ( -3.191891195797325054E-13, 25.97622985908216364, 30.00000000000000000 ) ) ;
#1044 = VERTEX_POINT ( 'NONE', #1671 ) ;
#1045 = VERTEX_POINT ( 'NONE', #35 ) ;
#1046 = VECTOR ( 'NONE', #666, 1000.000000000000000 ) ;
#1047 = VECTOR ( 'NONE', #1963, 1000.000000000000000 ) ;
#1048 = ORIENTED_EDGE ( 'NONE', *, *, #1166, .F. ) ;
#1049 = CARTESIAN_POINT ( 'NONE',  ( -1.999999999999993561, 25.14780273433563806, 22.00000000000000000 ) ) ;
#1050 = EDGE_CURVE ( 'NONE', #288, #358, #360, .T. ) ;
#1051 = DATE_AND_TIME ( #390, #1985 ) ;
#1052 = DIRECTION ( 'NONE',  ( 0.7071067811865477948, -0.7071067811865473507, 0.000000000000000000 ) ) ;
#1053 = PLANE ( 'NONE',  #1937 ) ;
#1054 = LINE ( 'NONE', #1584, #1534 ) ;
#1055 = PLANE ( 'NONE',  #1843 ) ;
#1056 = EDGE_LOOP ( 'NONE', ( #1409, #706, #550, #460 ) ) ;
#1057 = EDGE_LOOP ( 'NONE', ( #1068, #1803 ) ) ;
#1058 = ORIENTED_EDGE ( 'NONE', *, *, #1064, .F. ) ;
#1059 = DIRECTION ( 'NONE',  ( 0.7071067811865411334, -0.7071067811865539010, 0.000000000000000000 ) ) ;
#1060 = EDGE_CURVE ( 'NONE', #186, #438, #675, .T. ) ;
#1061 = APPLICATION_PROTOCOL_DEFINITION ( 'international standard', 'config_control_design', 1994, #1793 ) ;
#1062 = DIRECTION ( 'NONE',  ( 0.000000000000000000, 0.000000000000000000, 1.000000000000000000 ) ) ;
#1063 = CARTESIAN_POINT ( 'NONE',  ( -34.97133383803529938, -1.454014880754743499, 4.000000000000000000 ) ) ;
#1064 = EDGE_CURVE ( 'NONE', #1991, #342, #697, .T. ) ;
#1065 = DIRECTION ( 'NONE',  ( 0.7071067811865473507, 0.7071067811865477948, -0.000000000000000000 ) ) ;
#1066 = PLANE ( 'NONE',  #1112 ) ;
#1067 = ORIENTED_EDGE ( 'NONE', *, *, #1905, .F. ) ;
#1068 = ORIENTED_EDGE ( 'NONE', *, *, #898, .F. ) ;
#1069 = EDGE_CURVE ( 'NONE', #1261, #1871, #1598, .T. ) ;
#1070 = ORIENTED_EDGE ( 'NONE', *, *, #1144, .F. ) ;
#1071 = DIRECTION ( 'NONE',  ( 0.000000000000000000, 0.000000000000000000, -1.000000000000000000 ) ) ;
#1072 = VECTOR ( 'NONE', #741, 1000.000000000000000 ) ;
#1073 = AXIS2_PLACEMENT_3D ( 'NONE', #55, #240, #1404 ) ;
#1074 = CARTESIAN_POINT ( 'NONE',  ( 2.000000000000000000, -9.406905991767381181, 25.78506780000000020 ) ) ;
#1075 = CARTESIAN_POINT ( 'NONE',  ( -34.75891090180301291, -8.782681042720854592, 30.00000000000000000 ) ) ;
#1076 = DIRECTION ( 'NONE',  ( -1.000000000000000000, -0.000000000000000000, -0.000000000000000000 ) ) ;
#1077 = DIRECTION ( 'NONE',  ( 1.000000000000000000, 1.249202833881456913E-14, -0.000000000000000000 ) ) ;
#1078 = AXIS2_PLACEMENT_3D ( 'NONE', #1125, #1328, #1783 ) ;
#1079 = LINE ( 'NONE', #908, #974 ) ;
#1080 = VERTEX_POINT ( 'NONE', #686 ) ;
#1081 = ORIENTED_EDGE ( 'NONE', *, *, #1379, .F. ) ;
#1082 = AXIS2_PLACEMENT_3D ( 'NONE', #1214, #226, #1239 ) ;
#1083 = EDGE_CURVE ( 'NONE', #1438, #994, #2018, .T. ) ;
#1084 = VECTOR ( 'NONE', #1266, 1000.000000000000000 ) ;
#1085 = CC_DESIGN_SECURITY_CLASSIFICATION ( #916, ( #46 ) ) ;
#1086 = LINE ( 'NONE', #895, #627 ) ;
#1087 = DIRECTION ( 'NONE',  ( -1.000000000000000000, 0.000000000000000000, 0.000000000000000000 ) ) ;
#1088 = CARTESIAN_POINT ( 'NONE',  ( -42.29999999999999716, 25.97622985908217075, 30.00000000000000000 ) ) ;
#1089 = CARTESIAN_POINT ( 'NONE',  ( -2.000000000000000000, 5.098787077067171054E-16, 0.000000000000000000 ) ) ;
#1090 = DIRECTION ( 'NONE',  ( -1.000000000000000000, 7.648180615600750172E-16, -0.000000000000000000 ) ) ;
#1091 = EDGE_LOOP ( 'NONE', ( #1459, #1382, #437, #122 ) ) ;
#1092 = ORIENTED_EDGE ( 'NONE', *, *, #309, .T. ) ;
#1093 = ADVANCED_FACE ( 'NONE', ( #2006 ), #520, .F. ) ;
#1094 = EDGE_LOOP ( 'NONE', ( #635, #1385, #1101, #267 ) ) ;
#1095 = ADVANCED_FACE ( 'NONE', ( #1647 ), #1657, .F. ) ;
#1096 = CARTESIAN_POINT ( 'NONE',  ( -42.29999999999967031, -1.241591944524080615, 22.00000000000000000 ) ) ;
#1097 = CARTESIAN_POINT ( 'NONE',  ( -21.15000000000009450, 12.36731895727903208, -15.00000000000000000 ) ) ;
#1098 = FACE_OUTER_BOUND ( 'NONE', #1971, .T. ) ;
#1099 = CARTESIAN_POINT ( 'NONE',  ( -34.75891090180302712, -8.782681042720854592, 22.00000000000000000 ) ) ;
#1100 = VERTEX_POINT ( 'NONE', #325 ) ;
#1101 = ORIENTED_EDGE ( 'NONE', *, *, #1886, .T. ) ;
#1102 = EDGE_LOOP ( 'NONE', ( #574, #306 ) ) ;
#1103 = ADVANCED_FACE ( 'NONE', ( #1682, #173, #312, #838, #986, #1501 ), #1338, .F. ) ;
#1104 = DIRECTION ( 'NONE',  ( -1.000000000000000000, 0.000000000000000000, 0.000000000000000000 ) ) ;
#1105 = PLANE ( 'NONE',  #970 ) ;
#1106 = VECTOR ( 'NONE', #1062, 1000.000000000000000 ) ;
#1107 = CARTESIAN_POINT ( 'NONE',  ( 2.000000000000000000, -3.406905991767381625, 50.78506780000000020 ) ) ;
#1108 = CARTESIAN_POINT ( 'NONE',  ( 2.000000000000000000, -3.406905991767381625, 25.78506780000000020 ) ) ;
#1109 = ORIENTED_EDGE ( 'NONE', *, *, #96, .F. ) ;
#1110 = VERTEX_POINT ( 'NONE', #918 ) ;
#1111 = AXIS2_PLACEMENT_3D ( 'NONE', #1088, #1434, #1735 ) ;
#1112 = AXIS2_PLACEMENT_3D ( 'NONE', #1724, #382, #243 ) ;
#1113 = VECTOR ( 'NONE', #1901, 1000.000000000000000 ) ;
#1114 = CARTESIAN_POINT ( 'NONE',  ( -7.541089098197036655, 31.51731895727887789, 22.00000000000000000 ) ) ;
#1115 = AXIS2_PLACEMENT_3D ( 'NONE', #1405, #1552, #1714 ) ;
#1116 = DIRECTION ( 'NONE',  ( -1.000000000000000000, 0.000000000000000000, 0.000000000000000000 ) ) ;
#1117 = FACE_OUTER_BOUND ( 'NONE', #1687, .T. ) ;
#1118 = EDGE_CURVE ( 'NONE', #1225, #1984, #1202, .T. ) ;
#1119 = CARTESIAN_POINT ( 'NONE',  ( -1.632808471763169678E-13, -1.241591944523914304, 22.00000000000000000 ) ) ;
#1120 = FACE_OUTER_BOUND ( 'NONE', #245, .T. ) ;
#1121 = EDGE_LOOP ( 'NONE', ( #1815, #276 ) ) ;
#1122 = EDGE_LOOP ( 'NONE', ( #1629, #1780, #958, #414 ) ) ;
#1123 = DIRECTION ( 'NONE',  ( -1.000000000000000000, 0.000000000000000000, 0.000000000000000000 ) ) ;
#1124 = CARTESIAN_POINT ( 'NONE',  ( -31.11094485922395236, 12.36731895727903208, 0.000000000000000000 ) ) ;
#1125 = CARTESIAN_POINT ( 'NONE',  ( -34.97133383803416962, 26.18865279531431511, 0.000000000000000000 ) ) ;
#1126 = CARTESIAN_POINT ( 'NONE',  ( 2.000000000000000000, 35.59309400823261171, 25.78506780000000376 ) ) ;
#1127 = LINE ( 'NONE', #619, #356 ) ;
#1128 = EDGE_LOOP ( 'NONE', ( #368, #1842, #212, #1333 ) ) ;
#1129 = ORIENTED_EDGE ( 'NONE', *, *, #576, .F. ) ;
#1130 = APPROVAL ( #1590, 'UNSPECIFIED' ) ;
#1131 = EDGE_CURVE ( 'NONE', #225, #1807, #398, .T. ) ;
#1132 = ORIENTED_EDGE ( 'NONE', *, *, #1118, .T. ) ;
#1133 = EDGE_CURVE ( 'NONE', #852, #1991, #890, .T. ) ;
#1134 = LINE ( 'NONE', #1335, #1250 ) ;
#1135 = VECTOR ( 'NONE', #935, 1000.000000000000000 ) ;
#1136 = CARTESIAN_POINT ( 'NONE',  ( -34.75891090180301291, -8.782681042720854592, 30.00000000000000000 ) ) ;
#1137 = CARTESIAN_POINT ( 'NONE',  ( 2.410501479047663363E-14, 31.51731895727887078, -2.964602049219109468E-30 ) ) ;
#1138 = CARTESIAN_POINT ( 'NONE',  ( 10.00000000000000000, 29.59309400823261527, 25.78506780000000376 ) ) ;
#1139 = LINE ( 'NONE', #948, #1669 ) ;
#1140 = LINE ( 'NONE', #654, #1870 ) ;
#1141 = ORIENTED_EDGE ( 'NONE', *, *, #1186, .T. ) ;
#1142 = AXIS2_PLACEMENT_3D ( 'NONE', #1973, #676, #1149 ) ;
#1143 = ORIENTED_EDGE ( 'NONE', *, *, #722, .F. ) ;
#1144 = EDGE_CURVE ( 'NONE', #1957, #1312, #1885, .T. ) ;
#1145 = CARTESIAN_POINT ( 'NONE',  ( -21.15000000000009450, 12.36731895727903208, -15.00000000000000000 ) ) ;
#1146 = ORIENTED_EDGE ( 'NONE', *, *, #851, .T. ) ;
#1147 = AXIS2_PLACEMENT_3D ( 'NONE', #1872, #237, #77 ) ;
#1148 = CARTESIAN_POINT ( 'NONE',  ( -34.75891090180303422, -6.782681042720855480, 6.999999999999999112 ) ) ;
#1149 = DIRECTION ( 'NONE',  ( 0.7071067811865477948, -0.7071067811865473507, 0.000000000000000000 ) ) ;
#1150 = AXIS2_PLACEMENT_3D ( 'NONE', #1660, #501, #1822 ) ;
#1151 = CARTESIAN_POINT ( 'NONE',  ( -3.261280134836397337E-13, -1.241591944524077284, 30.00000000000000000 ) ) ;
#1152 = DIRECTION ( 'NONE',  ( 0.000000000000000000, 1.000000000000000000, 1.274696769266792764E-16 ) ) ;
#1153 = DIRECTION ( 'NONE',  ( -1.000000000000000000, 0.000000000000000000, 0.000000000000000000 ) ) ;
#1154 = ORIENTED_EDGE ( 'NONE', *, *, #507, .F. ) ;
#1155 = ORIENTED_EDGE ( 'NONE', *, *, #66, .T. ) ;
#1156 = FACE_OUTER_BOUND ( 'NONE', #1056, .T. ) ;
#1157 = ORIENTED_EDGE ( 'NONE', *, *, #1449, .F. ) ;
#1158 = EDGE_CURVE ( 'NONE', #1323, #1681, #250, .T. ) ;
#1159 = CARTESIAN_POINT ( 'NONE',  ( 10.00000000000000000, -3.406905991767381625, 50.78506780000000020 ) ) ;
#1160 = PLANE ( 'NONE',  #1321 ) ;
#1161 = DIRECTION ( 'NONE',  ( -0.7071067811865477948, 0.7071067811865473507, 0.000000000000000000 ) ) ;
#1162 = DIRECTION ( 'NONE',  ( -0.000000000000000000, -0.000000000000000000, -1.000000000000000000 ) ) ;
#1163 = CARTESIAN_POINT ( 'NONE',  ( -7.328666161966236992, -1.454014880755873707, 4.000000000000000000 ) ) ;
#1164 = ORIENTED_EDGE ( 'NONE', *, *, #798, .F. ) ;
#1165 = ORIENTED_EDGE ( 'NONE', *, *, #1743, .F. ) ;
#1166 = EDGE_CURVE ( 'NONE', #1438, #320, #87, .T. ) ;
#1167 = VERTEX_POINT ( 'NONE', #1411 ) ;
#1168 = ORIENTED_EDGE ( 'NONE', *, *, #1259, .F. ) ;
#1169 = DIRECTION ( 'NONE',  ( -0.000000000000000000, 0.000000000000000000, 1.000000000000000000 ) ) ;
#1170 = CARTESIAN_POINT ( 'NONE',  ( 2.000000000000000000, -3.406905991767381625, 50.78506780000000020 ) ) ;
#1171 = EDGE_CURVE ( 'NONE', #1225, #1566, #529, .T. ) ;
#1172 = PLANE ( 'NONE',  #738 ) ;
#1173 = LINE ( 'NONE', #690, #770 ) ;
#1174 = LINE ( 'NONE', #990, #1908 ) ;
#1175 = APPLICATION_CONTEXT ( 'configuration controlled 3d designs of mechanical parts and assemblies' ) ;
#1176 = ORIENTED_EDGE ( 'NONE', *, *, #1873, .F. ) ;
#1177 = ORIENTED_EDGE ( 'NONE', *, *, #1649, .F. ) ;
#1178 = VECTOR ( 'NONE', #962, 1000.000000000000000 ) ;
#1179 = AXIS2_PLACEMENT_3D ( 'NONE', #1031, #409, #1703 ) ;
#1180 = ORIENTED_EDGE ( 'NONE', *, *, #995, .T. ) ;
#1181 = VERTEX_POINT ( 'NONE', #1369 ) ;
#1182 = AXIS2_PLACEMENT_3D ( 'NONE', #1639, #335, #1797 ) ;
#1183 = DIRECTION ( 'NONE',  ( -0.7071067811865410224, 0.7071067811865540120, 0.000000000000000000 ) ) ;
#1184 = CYLINDRICAL_SURFACE ( 'NONE', #1529, 1.500000000000667466 ) ;
#1185 = AXIS2_PLACEMENT_3D ( 'NONE', #996, #1478, #163 ) ;
#1186 = EDGE_CURVE ( 'NONE', #1968, #1438, #802, .T. ) ;
#1187 = PLANE ( 'NONE',  #1224 ) ;
#1188 = CYLINDRICAL_SURFACE ( 'NONE', #147, 1.500000000000598188 ) ;
#1189 = DIRECTION ( 'NONE',  ( -1.000000000000000000, 0.000000000000000000, -0.000000000000000000 ) ) ;
#1190 = ADVANCED_FACE ( 'NONE', ( #534 ), #205, .T. ) ;
#1191 = LOCAL_TIME ( 14, 41, 24.00000000000000000, #598 ) ;
#1192 = VERTEX_POINT ( 'NONE', #1731 ) ;
#1193 = ORIENTED_EDGE ( 'NONE', *, *, #24, .F. ) ;
#1194 = CARTESIAN_POINT ( 'NONE',  ( -5.828666161965512238, -1.454014880755873484, 4.000000000000000000 ) ) ;
#1195 = DIRECTION ( 'NONE',  ( -1.000000000000000000, -0.000000000000000000, -0.000000000000000000 ) ) ;
#1196 = FACE_BOUND ( 'NONE', #680, .T. ) ;
#1197 = LINE ( 'NONE', #49, #1387 ) ;
#1198 = VERTEX_POINT ( 'NONE', #1698 ) ;
#1199 = EDGE_CURVE ( 'NONE', #1208, #1681, #215, .T. ) ;
#1200 = ADVANCED_FACE ( 'NONE', ( #1531 ), #541, .F. ) ;
#1201 = ORIENTED_EDGE ( 'NONE', *, *, #1510, .F. ) ;
#1202 = LINE ( 'NONE', #1572, #1804 ) ;
#1203 =( NAMED_UNIT ( * ) SI_UNIT ( $, .STERADIAN. ) SOLID_ANGLE_UNIT ( ) );
#1204 = CARTESIAN_POINT ( 'NONE',  ( -40.88578643762656384, 0.1726216178490015407, 22.00000000000000000 ) ) ;
#1205 = CARTESIAN_POINT ( 'NONE',  ( -18.00219178148517685, 12.36731895727903208, -15.00000000000000000 ) ) ;
#1206 = CARTESIAN_POINT ( 'NONE',  ( -7.328666161965104564, 26.18865279531318535, 0.000000000000000000 ) ) ;
#1207 = CARTESIAN_POINT ( 'NONE',  ( -3.174543961037556983E-13, 25.97622985908216364, 21.99999999999999645 ) ) ;
#1208 = VERTEX_POINT ( 'NONE', #551 ) ;
#1209 = ORIENTED_EDGE ( 'NONE', *, *, #1899, .F. ) ;
#1210 = UNCERTAINTY_MEASURE_WITH_UNIT (LENGTH_MEASURE( 1.000000000000000082E-05 ), #1887, 'distance_accuracy_value', 'NONE');
#1211 = AXIS2_PLACEMENT_3D ( 'NONE', #1550, #378, #716 ) ;
#1212 = EDGE_CURVE ( 'NONE', #21, #1924, #9, .T. ) ;
#1213 = CIRCLE ( 'NONE', #1073, 1.999999999999998224 ) ;
#1214 = CARTESIAN_POINT ( 'NONE',  ( -34.75891090180301291, -8.782681042720854592, 30.00000000000000000 ) ) ;
#1215 = COORDINATED_UNIVERSAL_TIME_OFFSET ( 1, 0, .AHEAD. ) ;
#1216 = LINE ( 'NONE', #882, #344 ) ;
#1217 = DIRECTION ( 'NONE',  ( 1.249202833881456598E-14, -1.000000000000000000, 0.000000000000000000 ) ) ;
#1218 = CIRCLE ( 'NONE', #1562, 9.960944859223857861 ) ;
#1219 = FACE_OUTER_BOUND ( 'NONE', #234, .T. ) ;
#1220 = LINE ( 'NONE', #1043, #1532 ) ;
#1221 = ORIENTED_EDGE ( 'NONE', *, *, #1410, .F. ) ;
#1222 = VERTEX_POINT ( 'NONE', #1049 ) ;
#1223 = VECTOR ( 'NONE', #1491, 1000.000000000000000 ) ;
#1224 = AXIS2_PLACEMENT_3D ( 'NONE', #337, #677, #1340 ) ;
#1225 = VERTEX_POINT ( 'NONE', #1401 ) ;
#1226 = ADVANCED_FACE ( 'NONE', ( #707, #2065 ), #881, .T. ) ;
#1227 = PERSON ( 'UNSPECIFIED', 'UNSPECIFIED', 'UNSPECIFIED', ('UNSPECIFIED'), ('UNSPECIFIED'), ('UNSPECIFIED') ) ;
#1228 = CC_DESIGN_PERSON_AND_ORGANIZATION_ASSIGNMENT ( #2066, #1863, ( #1860 ) ) ;
#1229 = CARTESIAN_POINT ( 'NONE',  ( -3.191891195797325054E-13, 25.97622985908216364, 30.00000000000000000 ) ) ;
#1230 = DIRECTION ( 'NONE',  ( -0.000000000000000000, -0.000000000000000000, -1.000000000000000000 ) ) ;
#1231 = ADVANCED_FACE ( 'NONE', ( #1709 ), #53, .F. ) ;
#1232 = LINE ( 'NONE', #554, #1282 ) ;
#1233 = DIRECTION ( 'NONE',  ( -0.7071067811865411334, 0.7071067811865539010, -0.000000000000000000 ) ) ;
#1234 = LINE ( 'NONE', #1255, #1503 ) ;
#1235 = CARTESIAN_POINT ( 'NONE',  ( -34.75891090180301291, -8.782681042720854592, 30.00000000000000000 ) ) ;
#1236 = ORIENTED_EDGE ( 'NONE', *, *, #884, .T. ) ;
#1237 = ORIENTED_EDGE ( 'NONE', *, *, #737, .T. ) ;
#1238 = EDGE_LOOP ( 'NONE', ( #793, #42, #1586, #459 ) ) ;
#1239 = DIRECTION ( 'NONE',  ( -0.7071067811865410224, 0.7071067811865540120, 0.000000000000000000 ) ) ;
#1240 = LINE ( 'NONE', #218, #565 ) ;
#1241 = CARTESIAN_POINT ( 'NONE',  ( -0.7934175901112198170, 0.7934175901112193730, 0.000000000000000000 ) ) ;
#1242 = CARTESIAN_POINT ( 'NONE',  ( -34.11282905502453389, 12.36731895727903208, 2.000000000000000000 ) ) ;
#1243 = EDGE_CURVE ( 'NONE', #1277, #1628, #1548, .T. ) ;
#1244 = CARTESIAN_POINT ( 'NONE',  ( -31.11094485922395236, 12.36731895727903208, 2.000000000000000000 ) ) ;
#1245 = LINE ( 'NONE', #1406, #1632 ) ;
#1246 = EDGE_LOOP ( 'NONE', ( #1448, #867, #1374, #1308 ) ) ;
#1247 = VERTEX_POINT ( 'NONE', #1895 ) ;
#1248 = ORIENTED_EDGE ( 'NONE', *, *, #685, .T. ) ;
#1249 = CARTESIAN_POINT ( 'NONE',  ( -21.15000000000009450, 12.36731895727903208, 0.000000000000000000 ) ) ;
#1250 = VECTOR ( 'NONE', #647, 1000.000000000000000 ) ;
#1251 = VECTOR ( 'NONE', #1332, 1000.000000000000000 ) ;
#1252 = PERSON_AND_ORGANIZATION ( #1227, #1847 ) ;
#1253 = DIRECTION ( 'NONE',  ( -1.000000000000000000, 7.648180615600750172E-16, 0.000000000000000000 ) ) ;
#1254 = CARTESIAN_POINT ( 'NONE',  ( -34.75891090180329712, 33.51731895727890276, 30.00000000000000000 ) ) ;
#1255 = CARTESIAN_POINT ( 'NONE',  ( -5.828666161964557446, 26.18865279531318535, 4.000000000000000000 ) ) ;
#1256 = CARTESIAN_POINT ( 'NONE',  ( 10.00000000000000000, -9.406905991767381181, 50.78506780000000020 ) ) ;
#1257 = ORIENTED_EDGE ( 'NONE', *, *, #658, .T. ) ;
#1258 = ORIENTED_EDGE ( 'NONE', *, *, #1786, .T. ) ;
#1259 = EDGE_CURVE ( 'NONE', #910, #2074, #1218, .T. ) ;
#1260 = AXIS2_PLACEMENT_3D ( 'NONE', #233, #1585, #1544 ) ;
#1261 = VERTEX_POINT ( 'NONE', #1909 ) ;
#1262 = AXIS2_PLACEMENT_3D ( 'NONE', #1616, #1298, #338 ) ;
#1263 = CARTESIAN_POINT ( 'NONE',  ( -34.97133383803529938, -1.454014880754743499, 0.000000000000000000 ) ) ;
#1264 = DIRECTION ( 'NONE',  ( 0.000000000000000000, 0.000000000000000000, -1.000000000000000000 ) ) ;
#1265 = CARTESIAN_POINT ( 'NONE',  ( -33.34469733943019776, 32.10310539490581760, 6.999999999999999112 ) ) ;
#1266 = DIRECTION ( 'NONE',  ( -0.000000000000000000, -0.000000000000000000, -1.000000000000000000 ) ) ;
#1267 = ORIENTED_EDGE ( 'NONE', *, *, #832, .T. ) ;
#1268 = VERTEX_POINT ( 'NONE', #420 ) ;
#1269 = ORIENTED_EDGE ( 'NONE', *, *, #152, .F. ) ;
#1270 = EDGE_CURVE ( 'NONE', #496, #1045, #1086, .T. ) ;
#1271 = COORDINATED_UNIVERSAL_TIME_OFFSET ( 1, 0, .AHEAD. ) ;
#1272 = DIRECTION ( 'NONE',  ( 0.000000000000000000, 0.000000000000000000, -1.000000000000000000 ) ) ;
#1273 = LINE ( 'NONE', #127, #1974 ) ;
#1274 = DIRECTION ( 'NONE',  ( -0.000000000000000000, 1.000000000000000000, 0.000000000000000000 ) ) ;
#1275 = DIRECTION ( 'NONE',  ( 0.000000000000000000, 0.000000000000000000, -1.000000000000000000 ) ) ;
#1276 = ORIENTED_EDGE ( 'NONE', *, *, #576, .T. ) ;
#1277 = VERTEX_POINT ( 'NONE', #266 ) ;
#1278 = ORIENTED_EDGE ( 'NONE', *, *, #353, .F. ) ;
#1279 = EDGE_CURVE ( 'NONE', #932, #2092, #93, .T. ) ;
#1280 = PLANE ( 'NONE',  #1791 ) ;
#1281 = DIRECTION ( 'NONE',  ( 2.549393538533585527E-16, 1.000000000000000000, 1.274696769266792764E-16 ) ) ;
#1282 = VECTOR ( 'NONE', #577, 1000.000000000000000 ) ;
#1283 = CARTESIAN_POINT ( 'NONE',  ( 2.000000000000000000, -12.40165560824801005, 44.95488953446054126 ) ) ;
#1284 = FACE_OUTER_BOUND ( 'NONE', #1555, .T. ) ;
#1285 = VERTEX_POINT ( 'NONE', #886 ) ;
#1286 = VERTEX_POINT ( 'NONE', #258 ) ;
#1287 = CLOSED_SHELL ( 'NONE', ( #1480, #321, #595, #539, #7, #637, #1569, #1037, #1226, #1761, #1533, #1429, #926, #1231, #2112, #367, #2035, #778, #416, #2034, #527, #2067, #1751, #1093, #786, #2108, #1995, #283, #2063, #1981, #1103, #1604, #1571, #2093, #1969, #2020, #1620, #20, #549, #231, #1428, #124, #3, #1697, #34, #134, #763, #448, #862, #1967, #206, #2141, #182, #869, #801, #336, #1200, #97, #1373, #1828, #1095, #1366, #698, #132, #1190, #1309, #688, #1296, #138, #1521 ) ) ;
#1288 = ORIENTED_EDGE ( 'NONE', *, *, #832, .F. ) ;
#1289 = CIRCLE ( 'NONE', #702, 6.999999999999999112 ) ;
#1290 = EDGE_CURVE ( 'NONE', #1681, #1323, #562, .T. ) ;
#1291 = CARTESIAN_POINT ( 'NONE',  ( -42.29999999999999716, 25.97622985908217430, 22.00000000000000000 ) ) ;
#1292 = AXIS2_PLACEMENT_3D ( 'NONE', #474, #965, #2103 ) ;
#1293 = CC_DESIGN_PERSON_AND_ORGANIZATION_ASSIGNMENT ( #1938, #607, ( #46 ) ) ;
#1294 = LINE ( 'NONE', #639, #98 ) ;
#1295 = DIRECTION ( 'NONE',  ( 1.000000000000000000, 0.000000000000000000, 0.000000000000000000 ) ) ;
#1296 = ADVANCED_FACE ( 'NONE', ( #1553, #590 ), #756, .T. ) ;
#1297 = CARTESIAN_POINT ( 'NONE',  ( 0.000000000000000000, 0.000000000000000000, 30.00000000000000000 ) ) ;
#1298 = DIRECTION ( 'NONE',  ( 0.000000000000000000, 0.000000000000000000, -1.000000000000000000 ) ) ;
#1299 = EDGE_LOOP ( 'NONE', ( #308, #1570, #1346, #582 ) ) ;
#1300 = ORIENTED_EDGE ( 'NONE', *, *, #1477, .T. ) ;
#1301 = VERTEX_POINT ( 'NONE', #1207 ) ;
#1302 = LINE ( 'NONE', #824, #969 ) ;
#1303 = DIRECTION ( 'NONE',  ( 0.000000000000000000, 0.000000000000000000, -1.000000000000000000 ) ) ;
#1304 = CARTESIAN_POINT ( 'NONE',  ( -34.75891090180329712, 33.51731895727890276, 22.00000000000000000 ) ) ;
#1305 = CARTESIAN_POINT ( 'NONE',  ( 2.000000000000000000, -12.40165560824801005, 7.000000000000051514 ) ) ;
#1306 = CARTESIAN_POINT ( 'NONE',  ( -7.328666161966236992, -1.454014880755873707, 4.000000000000000000 ) ) ;
#1307 = DIRECTION ( 'NONE',  ( 0.000000000000000000, -0.000000000000000000, -1.000000000000000000 ) ) ;
#1308 = ORIENTED_EDGE ( 'NONE', *, *, #1118, .F. ) ;
#1309 = ADVANCED_FACE ( 'NONE', ( #930 ), #1055, .F. ) ;
#1310 = VERTEX_POINT ( 'NONE', #923 ) ;
#1311 = FACE_OUTER_BOUND ( 'NONE', #297, .T. ) ;
#1312 = VERTEX_POINT ( 'NONE', #1748 ) ;
#1313 = CIRCLE ( 'NONE', #651, 7.000000000000000000 ) ;
#1314 = CARTESIAN_POINT ( 'NONE',  ( 10.00000000000000000, -3.406905991767381625, 50.78506780000000020 ) ) ;
#1315 = DIRECTION ( 'NONE',  ( -0.000000000000000000, -0.000000000000000000, -1.000000000000000000 ) ) ;
#1316 = DIRECTION ( 'NONE',  ( 0.000000000000000000, 0.000000000000000000, -1.000000000000000000 ) ) ;
#1317 = FACE_OUTER_BOUND ( 'NONE', #940, .T. ) ;
#1318 = CARTESIAN_POINT ( 'NONE',  ( 11.57390136716782436, 11.57390136716783147, 0.000000000000000000 ) ) ;
#1319 = ORIENTED_EDGE ( 'NONE', *, *, #1680, .T. ) ;
#1320 = AXIS2_PLACEMENT_3D ( 'NONE', #1753, #107, #293 ) ;
#1321 = AXIS2_PLACEMENT_3D ( 'NONE', #1137, #976, #1997 ) ;
#1322 = EDGE_CURVE ( 'NONE', #513, #1222, #1245, .T. ) ;
#1323 = VERTEX_POINT ( 'NONE', #765 ) ;
#1324 = CARTESIAN_POINT ( 'NONE',  ( -21.15000000000009450, 12.36731895727903208, -15.00000000000000000 ) ) ;
#1325 = VERTEX_POINT ( 'NONE', #2059 ) ;
#1326 = VECTOR ( 'NONE', #14, 1000.000000000000000 ) ;
#1327 = DIRECTION ( 'NONE',  ( -0.000000000000000000, 1.000000000000000000, -0.000000000000000000 ) ) ;
#1328 = DIRECTION ( 'NONE',  ( 0.000000000000000000, 0.000000000000000000, -1.000000000000000000 ) ) ;
#1329 = AXIS2_PLACEMENT_3D ( 'NONE', #2138, #1162, #1516 ) ;
#1330 = DIRECTION ( 'NONE',  ( 0.7071067811865489050, -0.7071067811865462405, 0.000000000000000000 ) ) ;
#1331 = DIRECTION ( 'NONE',  ( -0.000000000000000000, -0.000000000000000000, -1.000000000000000000 ) ) ;
#1332 = DIRECTION ( 'NONE',  ( -0.000000000000000000, -0.000000000000000000, -1.000000000000000000 ) ) ;
#1333 = ORIENTED_EDGE ( 'NONE', *, *, #985, .F. ) ;
#1334 = EDGE_LOOP ( 'NONE', ( #2082, #1557, #1578, #603, #506, #612, #2061, #692 ) ) ;
#1335 = CARTESIAN_POINT ( 'NONE',  ( 6.622363255820726151E-15, 25.97622985908216364, 22.00000000000000000 ) ) ;
#1336 = EDGE_LOOP ( 'NONE', ( #268, #483, #812, #2099 ) ) ;
#1337 = EDGE_CURVE ( 'NONE', #1367, #1277, #1739, .T. ) ;
#1338 = PLANE ( 'NONE',  #2050 ) ;
#1339 = CARTESIAN_POINT ( 'NONE',  ( -7.541089098197036655, 33.51731895727888144, 6.999999999999999112 ) ) ;
#1340 = DIRECTION ( 'NONE',  ( 1.000000000000000000, -7.648180615600750172E-16, 0.000000000000000000 ) ) ;
#1341 = CYLINDRICAL_SURFACE ( 'NONE', #1329, 12.96282905502443583 ) ;
#1342 = CARTESIAN_POINT ( 'NONE',  ( -19.15000000000009805, 12.36731895727903208, -35.00000000000000000 ) ) ;
#1343 = ORIENTED_EDGE ( 'NONE', *, *, #2100, .T. ) ;
#1344 = ORIENTED_EDGE ( 'NONE', *, *, #1384, .F. ) ;
#1345 = ORIENTED_EDGE ( 'NONE', *, *, #300, .F. ) ;
#1346 = ORIENTED_EDGE ( 'NONE', *, *, #375, .T. ) ;
#1347 = EDGE_CURVE ( 'NONE', #130, #1325, #842, .T. ) ;
#1348 = EDGE_CURVE ( 'NONE', #747, #897, #2080, .T. ) ;
#1349 = CARTESIAN_POINT ( 'NONE',  ( 2.000000000000000000, 39.09309400823261882, 7.000000000000048850 ) ) ;
#1350 = CARTESIAN_POINT ( 'NONE',  ( -8.187170944975660447, 12.36731895727903385, 0.000000000000000000 ) ) ;
#1351 = CARTESIAN_POINT ( 'NONE',  ( -11.18905514077623842, 12.36731895727903385, 0.000000000000000000 ) ) ;
#1352 = CARTESIAN_POINT ( 'NONE',  ( 2.000000000000000000, -9.406905991767381181, 50.78506780000000020 ) ) ;
#1353 = LINE ( 'NONE', #339, #1798 ) ;
#1354 = PRODUCT ( 'MOTOR_D\X2\00e9\X0\faut_sldprt', 'MOTOR_D\X2\00e9\X0\faut_sldprt', '', ( #751 ) ) ;
#1355 = VERTEX_POINT ( 'NONE', #1902 ) ;
#1356 = AXIS2_PLACEMENT_3D ( 'NONE', #1075, #1370, #1734 ) ;
#1357 = VECTOR ( 'NONE', #91, 1000.000000000000000 ) ;
#1358 = ORIENTED_EDGE ( 'NONE', *, *, #1447, .T. ) ;
#1359 = AXIS2_PLACEMENT_3D ( 'NONE', #964, #805, #26 ) ;
#1360 = DIRECTION ( 'NONE',  ( -0.000000000000000000, -0.000000000000000000, 1.000000000000000000 ) ) ;
#1361 = VECTOR ( 'NONE', #498, 1000.000000000000000 ) ;
#1362 = DIRECTION ( 'NONE',  ( 0.7071067811865461294, 0.7071067811865489050, -0.000000000000000000 ) ) ;
#1363 = AXIS2_PLACEMENT_3D ( 'NONE', #979, #1776, #2097 ) ;
#1364 = LINE ( 'NONE', #191, #1563 ) ;
#1365 = DIRECTION ( 'NONE',  ( -0.000000000000000000, -0.000000000000000000, -1.000000000000000000 ) ) ;
#1366 = ADVANCED_FACE ( 'NONE', ( #731 ), #1891, .F. ) ;
#1367 = VERTEX_POINT ( 'NONE', #1867 ) ;
#1368 = EDGE_LOOP ( 'NONE', ( #1907, #1129 ) ) ;
#1369 = CARTESIAN_POINT ( 'NONE',  ( -33.47133383803463147, -1.454014880754743277, 0.000000000000000000 ) ) ;
#1370 = DIRECTION ( 'NONE',  ( -2.421923861606929596E-15, 1.000000000000000000, 0.000000000000000000 ) ) ;
#1371 = CARTESIAN_POINT ( 'NONE',  ( -34.75891090180329712, 33.51731895727890276, 6.999999999999999112 ) ) ;
#1372 = ORIENTED_EDGE ( 'NONE', *, *, #1743, .T. ) ;
#1373 = ADVANCED_FACE ( 'NONE', ( #1715 ), #1066, .F. ) ;
#1374 = ORIENTED_EDGE ( 'NONE', *, *, #497, .T. ) ;
#1375 = DIRECTION ( 'NONE',  ( -1.000000000000000000, 0.000000000000000000, 0.000000000000000000 ) ) ;
#1376 = CYLINDRICAL_SURFACE ( 'NONE', #1949, 6.999999999999998224 ) ;
#1377 = PLANE ( 'NONE',  #411 ) ;
#1378 = CARTESIAN_POINT ( 'NONE',  ( -42.29999999999999716, 25.97622985908217430, 6.999999999999999112 ) ) ;
#1379 = EDGE_CURVE ( 'NONE', #2014, #1006, #1079, .T. ) ;
#1380 = DIRECTION ( 'NONE',  ( -0.000000000000000000, 0.000000000000000000, 1.000000000000000000 ) ) ;
#1381 = DIRECTION ( 'NONE',  ( 0.000000000000000000, -1.000000000000000000, 0.000000000000000000 ) ) ;
#1382 = ORIENTED_EDGE ( 'NONE', *, *, #1199, .T. ) ;
#1383 = ORIENTED_EDGE ( 'NONE', *, *, #1412, .F. ) ;
#1384 = EDGE_CURVE ( 'NONE', #1807, #1301, #1220, .T. ) ;
#1385 = ORIENTED_EDGE ( 'NONE', *, *, #818, .T. ) ;
#1386 = VECTOR ( 'NONE', #772, 1000.000000000000000 ) ;
#1387 = VECTOR ( 'NONE', #1233, 1000.000000000000114 ) ;
#1388 = DIRECTION ( 'NONE',  ( 0.000000000000000000, 0.000000000000000000, -1.000000000000000000 ) ) ;
#1389 = DATE_AND_TIME ( #726, #1568 ) ;
#1390 = DIRECTION ( 'NONE',  ( 0.7071067811865473507, 0.7071067811865477948, 0.000000000000000000 ) ) ;
#1391 = LINE ( 'NONE', #1378, #137 ) ;
#1392 = VECTOR ( 'NONE', #394, 1000.000000000000000 ) ;
#1393 = VECTOR ( 'NONE', #2116, 1000.000000000000000 ) ;
#1394 = CARTESIAN_POINT ( 'NONE',  ( -3.191891195797325054E-13, 25.97622985908216364, 30.00000000000000000 ) ) ;
#1395 = DIRECTION ( 'NONE',  ( 0.7071067811865477948, -0.7071067811865473507, 0.000000000000000000 ) ) ;
#1396 = EDGE_LOOP ( 'NONE', ( #1656, #757, #1345, #1164 ) ) ;
#1397 = VERTEX_POINT ( 'NONE', #427 ) ;
#1398 = AXIS2_PLACEMENT_3D ( 'NONE', #190, #1330, #1848 ) ;
#1399 = APPROVAL_PERSON_ORGANIZATION ( #208, #1609, #2028 ) ;
#1400 = ORIENTED_EDGE ( 'NONE', *, *, #1050, .T. ) ;
#1401 = CARTESIAN_POINT ( 'NONE',  ( -36.47133383803476647, 26.18865279531431511, 4.000000000000000000 ) ) ;
#1402 = EDGE_CURVE ( 'NONE', #1208, #1198, #180, .T. ) ;
#1403 = CARTESIAN_POINT ( 'NONE',  ( -1.999999999999989564, 25.14780273433564162, 6.999999999999999112 ) ) ;
#1404 = DIRECTION ( 'NONE',  ( -1.000000000000000000, 0.000000000000000000, 0.000000000000000000 ) ) ;
#1405 = CARTESIAN_POINT ( 'NONE',  ( 10.00000000000000000, 0.000000000000000000, 0.000000000000000000 ) ) ;
#1406 = CARTESIAN_POINT ( 'NONE',  ( -8.955302660570131579, 32.10310539490578208, 21.99999999999999645 ) ) ;
#1407 = ORIENTED_EDGE ( 'NONE', *, *, #196, .F. ) ;
#1408 = ORIENTED_EDGE ( 'NONE', *, *, #1083, .T. ) ;
#1409 = ORIENTED_EDGE ( 'NONE', *, *, #1852, .F. ) ;
#1410 = EDGE_CURVE ( 'NONE', #438, #343, #57, .T. ) ;
#1411 = CARTESIAN_POINT ( 'NONE',  ( 10.00000000000000000, 29.59309400823261527, 25.78506780000000376 ) ) ;
#1412 = EDGE_CURVE ( 'NONE', #1014, #260, #1139, .T. ) ;
#1413 = DIRECTION ( 'NONE',  ( 1.000000000000000000, 0.000000000000000000, 0.000000000000000000 ) ) ;
#1414 = FACE_OUTER_BOUND ( 'NONE', #1767, .T. ) ;
#1415 = DIRECTION ( 'NONE',  ( -0.000000000000000000, -0.000000000000000000, -1.000000000000000000 ) ) ;
#1416 = CARTESIAN_POINT ( 'NONE',  ( -7.541089098197036655, 33.51731895727888144, 6.999999999999999112 ) ) ;
#1417 = DIRECTION ( 'NONE',  ( 1.000000000000000000, 2.421923861606929596E-15, 0.000000000000000000 ) ) ;
#1418 = ORIENTED_EDGE ( 'NONE', *, *, #1477, .F. ) ;
#1419 = ORIENTED_EDGE ( 'NONE', *, *, #1212, .F. ) ;
#1420 = VECTOR ( 'NONE', #1253, 1000.000000000000000 ) ;
#1421 = VECTOR ( 'NONE', #1264, 1000.000000000000000 ) ;
#1422 = CARTESIAN_POINT ( 'NONE',  ( -42.29999999999999716, 25.97622985908217075, 0.000000000000000000 ) ) ;
#1423 = LINE ( 'NONE', #1442, #519 ) ;
#1424 = PLANE ( 'NONE',  #1673 ) ;
#1425 = DIRECTION ( 'NONE',  ( -1.000000000000000000, -2.421923861606928413E-15, -0.000000000000000000 ) ) ;
#1426 = ORIENTED_EDGE ( 'NONE', *, *, #1186, .F. ) ;
#1427 = ORIENTED_EDGE ( 'NONE', *, *, #1439, .T. ) ;
#1428 = ADVANCED_FACE ( 'NONE', ( #275 ), #809, .F. ) ;
#1429 = ADVANCED_FACE ( 'NONE', ( #1284 ), #1787, .F. ) ;
#1430 = AXIS2_PLACEMENT_3D ( 'NONE', #1719, #1388, #1375 ) ;
#1431 = VECTOR ( 'NONE', #1380, 1000.000000000000000 ) ;
#1432 = VECTOR ( 'NONE', #1362, 1000.000000000000114 ) ;
#1433 = CYLINDRICAL_SURFACE ( 'NONE', #762, 6.999999999999999112 ) ;
#1434 = DIRECTION ( 'NONE',  ( 1.000000000000000000, 1.249202833881456913E-14, -0.000000000000000000 ) ) ;
#1435 = CARTESIAN_POINT ( 'NONE',  ( -21.15000000000009450, 12.36731895727903208, 2.000000000000000000 ) ) ;
#1436 = PLANE ( 'NONE',  #1363 ) ;
#1437 = ORIENTED_EDGE ( 'NONE', *, *, #165, .F. ) ;
#1438 = VERTEX_POINT ( 'NONE', #2118 ) ;
#1439 = EDGE_CURVE ( 'NONE', #860, #897, #1289, .T. ) ;
#1440 = APPROVAL_DATE_TIME ( #1744, #1130 ) ;
#1441 = CYLINDRICAL_SURFACE ( 'NONE', #1320, 6.999999999999999112 ) ;
#1442 = CARTESIAN_POINT ( 'NONE',  ( -1.632808471763169678E-13, -1.241591944523914304, 22.00000000000000000 ) ) ;
#1443 = FACE_OUTER_BOUND ( 'NONE', #1334, .T. ) ;
#1444 = CARTESIAN_POINT ( 'NONE',  ( 2.000000000000000000, -5.401655608248009166, 44.95488953446059099 ) ) ;
#1445 = ORIENTED_EDGE ( 'NONE', *, *, #1523, .F. ) ;
#1446 = ORIENTED_EDGE ( 'NONE', *, *, #1158, .F. ) ;
#1447 = EDGE_CURVE ( 'NONE', #1946, #445, #1956, .T. ) ;
#1448 = ORIENTED_EDGE ( 'NONE', *, *, #615, .F. ) ;
#1449 = EDGE_CURVE ( 'NONE', #1080, #981, #1627, .T. ) ;
#1450 = DIRECTION ( 'NONE',  ( -0.000000000000000000, -0.000000000000000000, -1.000000000000000000 ) ) ;
#1451 = EDGE_CURVE ( 'NONE', #2120, #2044, #443, .T. ) ;
#1452 = AXIS2_PLACEMENT_3D ( 'NONE', #2110, #171, #1772 ) ;
#1453 = LINE ( 'NONE', #1613, #105 ) ;
#1454 = DIRECTION ( 'NONE',  ( -7.648180615600750172E-16, -1.000000000000000000, 0.000000000000000000 ) ) ;
#1455 = VECTOR ( 'NONE', #1712, 1000.000000000000000 ) ;
#1456 = DIRECTION ( 'NONE',  ( -0.000000000000000000, -0.000000000000000000, 1.000000000000000000 ) ) ;
#1457 = CARTESIAN_POINT ( 'NONE',  ( 0.000000000000000000, -5.401655608248009166, 44.95488953446059099 ) ) ;
#1458 = ORIENTED_EDGE ( 'NONE', *, *, #204, .T. ) ;
#1459 = ORIENTED_EDGE ( 'NONE', *, *, #1402, .F. ) ;
#1460 = VECTOR ( 'NONE', #663, 1000.000000000000000 ) ;
#1461 = ORIENTED_EDGE ( 'NONE', *, *, #817, .T. ) ;
#1462 = VECTOR ( 'NONE', #369, 1000.000000000000000 ) ;
#1463 = VECTOR ( 'NONE', #1942, 1000.000000000000000 ) ;
#1464 = DIRECTION ( 'NONE',  ( -1.000000000000000000, 0.000000000000000000, 0.000000000000000000 ) ) ;
#1465 = LOCAL_TIME ( 14, 41, 24.00000000000000000, #1271 ) ;
#1466 = DATE_AND_TIME ( #779, #1191 ) ;
#1467 = EDGE_CURVE ( 'NONE', #747, #1192, #2129, .T. ) ;
#1468 = LINE ( 'NONE', #1422, #1135 ) ;
#1469 = DIRECTION ( 'NONE',  ( -0.7071067811865477948, 0.7071067811865473507, -0.000000000000000000 ) ) ;
#1470 = CARTESIAN_POINT ( 'NONE',  ( -24.29780821851501571, 12.36731895727903208, -15.00000000000000000 ) ) ;
#1471 = DIRECTION ( 'NONE',  ( 1.000000000000000000, 0.000000000000000000, 0.000000000000000000 ) ) ;
#1472 = DIRECTION ( 'NONE',  ( 0.000000000000000000, -1.000000000000000000, 0.000000000000000000 ) ) ;
#1473 = VERTEX_POINT ( 'NONE', #1595 ) ;
#1474 = ORIENTED_EDGE ( 'NONE', *, *, #682, .F. ) ;
#1475 = DIRECTION ( 'NONE',  ( -1.000000000000000000, 0.000000000000000000, 0.000000000000000000 ) ) ;
#1476 = ORIENTED_EDGE ( 'NONE', *, *, #1919, .T. ) ;
#1477 = EDGE_CURVE ( 'NONE', #968, #333, #1737, .T. ) ;
#1478 = DIRECTION ( 'NONE',  ( 0.000000000000000000, 0.000000000000000000, -1.000000000000000000 ) ) ;
#1479 = LINE ( 'NONE', #987, #175 ) ;
#1480 = ADVANCED_FACE ( 'NONE', ( #1120 ), #466, .T. ) ;
#1481 = DIRECTION ( 'NONE',  ( -1.000000000000000000, 0.000000000000000000, -0.000000000000000000 ) ) ;
#1482 = CARTESIAN_POINT ( 'NONE',  ( -21.15000000000009450, 12.36731895727903208, 2.000000000000000000 ) ) ;
#1483 = DIRECTION ( 'NONE',  ( -0.7071067811865477948, 0.7071067811865473507, 0.000000000000000000 ) ) ;
#1484 = EDGE_LOOP ( 'NONE', ( #1707, #814, #1840, #572 ) ) ;
#1485 = ORIENTED_EDGE ( 'NONE', *, *, #658, .F. ) ;
#1486 = CARTESIAN_POINT ( 'NONE',  ( -34.97133383803529938, -1.454014880754743499, 4.000000000000000000 ) ) ;
#1487 = ORIENTED_EDGE ( 'NONE', *, *, #1722, .F. ) ;
#1488 = LINE ( 'NONE', #662, #943 ) ;
#1489 = DIRECTION ( 'NONE',  ( 0.000000000000000000, -1.387778780781445922E-16, -1.000000000000000000 ) ) ;
#1490 = PLANE ( 'NONE',  #807 ) ;
#1491 = DIRECTION ( 'NONE',  ( 0.000000000000000000, 0.000000000000000000, -1.000000000000000000 ) ) ;
#1492 = LINE ( 'NONE', #1342, #40 ) ;
#1493 = ORIENTED_EDGE ( 'NONE', *, *, #998, .F. ) ;
#1494 = AXIS2_PLACEMENT_3D ( 'NONE', #1816, #332, #1464 ) ;
#1495 = AXIS2_PLACEMENT_3D ( 'NONE', #1541, #372, #220 ) ;
#1496 = ORIENTED_EDGE ( 'NONE', *, *, #1951, .T. ) ;
#1497 = EDGE_CURVE ( 'NONE', #202, #533, #1127, .T. ) ;
#1498 = CYLINDRICAL_SURFACE ( 'NONE', #1494, 1.500000000000724754 ) ;
#1499 = VERTEX_POINT ( 'NONE', #1800 ) ;
#1500 = AXIS2_PLACEMENT_3D ( 'NONE', #1314, #1819, #346 ) ;
#1501 = FACE_OUTER_BOUND ( 'NONE', #172, .T. ) ;
#1502 = DIRECTION ( 'NONE',  ( 1.000000000000000000, 0.000000000000000000, 0.000000000000000000 ) ) ;
#1503 = VECTOR ( 'NONE', #929, 1000.000000000000000 ) ;
#1504 = AXIS2_PLACEMENT_3D ( 'NONE', #1021, #652, #535 ) ;
#1505 = DIRECTION ( 'NONE',  ( 0.000000000000000000, 0.000000000000000000, 1.000000000000000000 ) ) ;
#1506 = CARTESIAN_POINT ( 'NONE',  ( -7.541089098197034879, -8.782681042720788867, 22.00000000000000000 ) ) ;
#1507 = DIRECTION ( 'NONE',  ( -0.7071067811865473507, -0.7071067811865477948, 0.000000000000000000 ) ) ;
#1508 = ORIENTED_EDGE ( 'NONE', *, *, #1858, .T. ) ;
#1509 = ORIENTED_EDGE ( 'NONE', *, *, #1790, .T. ) ;
#1510 = EDGE_CURVE ( 'NONE', #1628, #2003, #775, .T. ) ;
#1511 = ORIENTED_EDGE ( 'NONE', *, *, #915, .T. ) ;
#1512 = EDGE_LOOP ( 'NONE', ( #1758, #1165, #2016, #776 ) ) ;
#1513 = CARTESIAN_POINT ( 'NONE',  ( -34.75891090180302712, -8.782681042720854592, 6.999999999999999112 ) ) ;
#1514 = LINE ( 'NONE', #1987, #1665 ) ;
#1515 = CARTESIAN_POINT ( 'NONE',  ( -33.93048377705684260, -6.782681042720844822, 22.00000000000000000 ) ) ;
#1516 = DIRECTION ( 'NONE',  ( -1.000000000000000000, 0.000000000000000000, 0.000000000000000000 ) ) ;
#1517 = CARTESIAN_POINT ( 'NONE',  ( -33.34469733943019776, 32.10310539490581760, 22.00000000000000000 ) ) ;
#1518 = ORIENTED_EDGE ( 'NONE', *, *, #410, .F. ) ;
#1519 = ORIENTED_EDGE ( 'NONE', *, *, #915, .F. ) ;
#1520 = ORIENTED_EDGE ( 'NONE', *, *, #1831, .F. ) ;
#1521 = ADVANCED_FACE ( 'NONE', ( #316 ), #1436, .T. ) ;
#1522 = DIRECTION ( 'NONE',  ( -1.000000000000000000, -0.000000000000000000, -0.000000000000000000 ) ) ;
#1523 = EDGE_CURVE ( 'NONE', #181, #1473, #156, .T. ) ;
#1524 = DIRECTION ( 'NONE',  ( -0.7071067811865489050, 0.7071067811865461294, 0.000000000000000000 ) ) ;
#1525 = CARTESIAN_POINT ( 'NONE',  ( -34.97133383803416962, 26.18865279531431511, 4.000000000000000000 ) ) ;
#1526 = CARTESIAN_POINT ( 'NONE',  ( 10.00000000000000000, 35.59309400823261171, 25.78506780000000376 ) ) ;
#1527 = PRODUCT_DEFINITION_SHAPE ( 'NONE', 'NONE',  #1860 ) ;
#1528 = ORIENTED_EDGE ( 'NONE', *, *, #75, .F. ) ;
#1529 = AXIS2_PLACEMENT_3D ( 'NONE', #1683, #521, #1846 ) ;
#1530 = ORIENTED_EDGE ( 'NONE', *, *, #194, .T. ) ;
#1531 = FACE_OUTER_BOUND ( 'NONE', #1740, .T. ) ;
#1532 = VECTOR ( 'NONE', #1565, 1000.000000000000000 ) ;
#1533 = ADVANCED_FACE ( 'NONE', ( #1923 ), #1765, .F. ) ;
#1534 = VECTOR ( 'NONE', #381, 1000.000000000000000 ) ;
#1535 = LINE ( 'NONE', #1877, #1622 ) ;
#1536 = DIRECTION ( 'NONE',  ( -0.7071067811865539010, -0.7071067811865411334, 0.000000000000000000 ) ) ;
#1537 = ORIENTED_EDGE ( 'NONE', *, *, #401, .F. ) ;
#1538 = ORIENTED_EDGE ( 'NONE', *, *, #1259, .T. ) ;
#1539 = DIRECTION ( 'NONE',  ( 1.000000000000000000, 0.000000000000000000, 0.000000000000000000 ) ) ;
#1540 = LINE ( 'NONE', #2076, #1420 ) ;
#1541 = CARTESIAN_POINT ( 'NONE',  ( -21.15000000000009450, 12.36731895727903208, 0.000000000000000000 ) ) ;
#1542 = EDGE_CURVE ( 'NONE', #225, #2004, #2104, .T. ) ;
#1543 = DIRECTION ( 'NONE',  ( 0.000000000000000000, 0.000000000000000000, -1.000000000000000000 ) ) ;
#1544 = DIRECTION ( 'NONE',  ( -1.000000000000000000, 0.000000000000000000, -0.000000000000000000 ) ) ;
#1545 = VERTEX_POINT ( 'NONE', #957 ) ;
#1546 = ORIENTED_EDGE ( 'NONE', *, *, #432, .T. ) ;
#1547 = ORIENTED_EDGE ( 'NONE', *, *, #1348, .F. ) ;
#1548 = LINE ( 'NONE', #62, #1041 ) ;
#1549 = APPROVAL_STATUS ( 'not_yet_approved' ) ;
#1550 = CARTESIAN_POINT ( 'NONE',  ( 10.00000000000000000, -3.406905991767381625, 25.78506780000000020 ) ) ;
#1551 = PLANE ( 'NONE',  #72 ) ;
#1552 = DIRECTION ( 'NONE',  ( 1.000000000000000000, 0.000000000000000000, 0.000000000000000000 ) ) ;
#1553 = FACE_BOUND ( 'NONE', #1368, .T. ) ;
#1554 = ORIENTED_EDGE ( 'NONE', *, *, #917, .F. ) ;
#1555 = EDGE_LOOP ( 'NONE', ( #2131, #59, #723, #1180 ) ) ;
#1556 = EDGE_CURVE ( 'NONE', #185, #1181, #563, .T. ) ;
#1557 = ORIENTED_EDGE ( 'NONE', *, *, #798, .T. ) ;
#1558 = VECTOR ( 'NONE', #2101, 1000.000000000000000 ) ;
#1559 = CARTESIAN_POINT ( 'NONE',  ( -34.97133383803416962, 26.18865279531431511, 4.000000000000000000 ) ) ;
#1560 = CARTESIAN_POINT ( 'NONE',  ( 2.000000000000000000, -12.40165560824801005, 44.95488953446054126 ) ) ;
#1561 = CARTESIAN_POINT ( 'NONE',  ( 2.000000000000000000, 29.59309400823261882, 50.78506780000000020 ) ) ;
#1562 = AXIS2_PLACEMENT_3D ( 'NONE', #1249, #2075, #584 ) ;
#1563 = VECTOR ( 'NONE', #1030, 1000.000000000000000 ) ;
#1564 = DIRECTION ( 'NONE',  ( 0.000000000000000000, 0.000000000000000000, -1.000000000000000000 ) ) ;
#1565 = DIRECTION ( 'NONE',  ( -0.000000000000000000, -0.000000000000000000, -1.000000000000000000 ) ) ;
#1566 = VERTEX_POINT ( 'NONE', #167 ) ;
#1567 = ORIENTED_EDGE ( 'NONE', *, *, #299, .T. ) ;
#1568 = LOCAL_TIME ( 14, 41, 24.00000000000000000, #63 ) ;
#1569 = ADVANCED_FACE ( 'NONE', ( #1000 ), #17, .T. ) ;
#1570 = ORIENTED_EDGE ( 'NONE', *, *, #439, .T. ) ;
#1571 = ADVANCED_FACE ( 'NONE', ( #2011, #865 ), #1675, .T. ) ;
#1572 = CARTESIAN_POINT ( 'NONE',  ( -36.47133383803476647, 26.18865279531431511, 4.000000000000000000 ) ) ;
#1573 = DIRECTION ( 'NONE',  ( 0.000000000000000000, 1.850630814949432645E-16, -1.000000000000000000 ) ) ;
#1574 = CARTESIAN_POINT ( 'NONE',  ( 10.00000000000000000, -3.406905991767381625, 25.78506780000000020 ) ) ;
#1575 = DIRECTION ( 'NONE',  ( 1.000000000000000000, 0.000000000000000000, 0.000000000000000000 ) ) ;
#1576 = CARTESIAN_POINT ( 'NONE',  ( -7.328666161965104564, 26.18865279531318535, 0.000000000000000000 ) ) ;
#1577 = EDGE_LOOP ( 'NONE', ( #86, #145 ) ) ;
#1578 = ORIENTED_EDGE ( 'NONE', *, *, #1337, .T. ) ;
#1579 = ORIENTED_EDGE ( 'NONE', *, *, #851, .F. ) ;
#1580 = EDGE_CURVE ( 'NONE', #981, #203, #177, .T. ) ;
#1581 = EDGE_CURVE ( 'NONE', #236, #1946, #977, .T. ) ;
#1582 = CARTESIAN_POINT ( 'NONE',  ( 0.000000000000000000, -12.40165560824801005, 44.95488953446054126 ) ) ;
#1583 = LINE ( 'NONE', #441, #1035 ) ;
#1584 = CARTESIAN_POINT ( 'NONE',  ( -33.47133383803463147, -1.454014880754743277, 4.000000000000000000 ) ) ;
#1585 = DIRECTION ( 'NONE',  ( 0.000000000000000000, 0.000000000000000000, -1.000000000000000000 ) ) ;
#1586 = ORIENTED_EDGE ( 'NONE', *, *, #24, .T. ) ;
#1587 = ORIENTED_EDGE ( 'NONE', *, *, #917, .T. ) ;
#1588 = VECTOR ( 'NONE', #472, 1000.000000000000000 ) ;
#1589 = VECTOR ( 'NONE', #1794, 1000.000000000000000 ) ;
#1590 = APPROVAL_STATUS ( 'not_yet_approved' ) ;
#1591 = CARTESIAN_POINT ( 'NONE',  ( 0.000000000000000000, -5.401655608247960316, 0.000000000000000000 ) ) ;
#1592 = FACE_OUTER_BOUND ( 'NONE', #540, .T. ) ;
#1593 = EDGE_CURVE ( 'NONE', #438, #1014, #1364, .T. ) ;
#1594 = LINE ( 'NONE', #1126, #2057 ) ;
#1595 = CARTESIAN_POINT ( 'NONE',  ( -34.75891090180329712, 33.51731895727890276, 0.000000000000000000 ) ) ;
#1596 = ORIENTED_EDGE ( 'NONE', *, *, #1680, .F. ) ;
#1597 = ORIENTED_EDGE ( 'NONE', *, *, #1790, .F. ) ;
#1598 = CIRCLE ( 'NONE', #1185, 1.500000000000546896 ) ;
#1599 = AXIS2_PLACEMENT_3D ( 'NONE', #1482, #700, #1976 ) ;
#1600 = VECTOR ( 'NONE', #16, 1000.000000000000000 ) ;
#1601 = CALENDAR_DATE ( 2025, 1, 5 ) ;
#1602 = LINE ( 'NONE', #953, #1386 ) ;
#1603 = CARTESIAN_POINT ( 'NONE',  ( -34.75891090180301291, -8.782681042720854592, 0.000000000000000000 ) ) ;
#1604 = ADVANCED_FACE ( 'NONE', ( #1651 ), #1341, .F. ) ;
#1605 = CYLINDRICAL_SURFACE ( 'NONE', #1292, 1.500000000000546896 ) ;
#1606 = DIRECTION ( 'NONE',  ( -0.000000000000000000, 1.000000000000000000, -0.000000000000000000 ) ) ;
#1607 = FACE_BOUND ( 'NONE', #846, .T. ) ;
#1608 = ORIENTED_EDGE ( 'NONE', *, *, #956, .F. ) ;
#1609 = APPROVAL ( #1549, 'UNSPECIFIED' ) ;
#1610 = EDGE_LOOP ( 'NONE', ( #1554, #1726 ) ) ;
#1611 = EDGE_CURVE ( 'NONE', #202, #745, #489, .T. ) ;
#1612 = CARTESIAN_POINT ( 'NONE',  ( 0.000000000000000000, 39.09309400823261882, 44.95488953446054836 ) ) ;
#1613 = CARTESIAN_POINT ( 'NONE',  ( -42.29999999999999716, 25.97622985908217075, 30.00000000000000000 ) ) ;
#1614 = DIRECTION ( 'NONE',  ( -0.7071067811865473507, -0.7071067811865477948, 0.000000000000000000 ) ) ;
#1615 = DIRECTION ( 'NONE',  ( 0.7071067811865473507, 0.7071067811865476838, -0.000000000000000000 ) ) ;
#1616 = CARTESIAN_POINT ( 'NONE',  ( -34.97133383803529938, -1.454014880754743499, 0.000000000000000000 ) ) ;
#1617 = EDGE_LOOP ( 'NONE', ( #223, #2142, #1530, #114 ) ) ;
#1618 = VERTEX_POINT ( 'NONE', #2022 ) ;
#1619 = ORIENTED_EDGE ( 'NONE', *, *, #1026, .F. ) ;
#1620 = ADVANCED_FACE ( 'NONE', ( #653 ), #1188, .F. ) ;
#1621 = LINE ( 'NONE', #471, #1589 ) ;
#1622 = VECTOR ( 'NONE', #875, 1000.000000000000114 ) ;
#1623 = DIRECTION ( 'NONE',  ( -1.000000000000000000, 0.000000000000000000, 0.000000000000000000 ) ) ;
#1624 = LINE ( 'NONE', #2007, #141 ) ;
#1625 = AXIS2_PLACEMENT_3D ( 'NONE', #1097, #761, #1295 ) ;
#1626 = PLANE ( 'NONE',  #532 ) ;
#1627 = LINE ( 'NONE', #2090, #806 ) ;
#1628 = VERTEX_POINT ( 'NONE', #1506 ) ;
#1629 = ORIENTED_EDGE ( 'NONE', *, *, #1243, .T. ) ;
#1630 = CIRCLE ( 'NONE', #2015, 3.147808218514919876 ) ;
#1631 = VERTEX_POINT ( 'NONE', #200 ) ;
#1632 = VECTOR ( 'NONE', #1395, 999.9999999999998863 ) ;
#1633 = CIRCLE ( 'NONE', #1011, 1.500000000000724754 ) ;
#1634 = LINE ( 'NONE', #150, #241 ) ;
#1635 = ORIENTED_EDGE ( 'NONE', *, *, #75, .T. ) ;
#1636 = CC_DESIGN_PERSON_AND_ORGANIZATION_ASSIGNMENT ( #1252, #1910, ( #1354 ) ) ;
#1637 = CIRCLE ( 'NONE', #1771, 6.999999999999999112 ) ;
#1638 = CYLINDRICAL_SURFACE ( 'NONE', #911, 12.96282905502443583 ) ;
#1639 = CARTESIAN_POINT ( 'NONE',  ( 2.000000000000000000, -5.401655608248009166, 44.95488953446059099 ) ) ;
#1640 = CARTESIAN_POINT ( 'NONE',  ( -19.15000000000009805, 12.36731895727903208, -35.00000000000000000 ) ) ;
#1641 = CARTESIAN_POINT ( 'NONE',  ( 2.000000000000000000, -12.40165560824801005, 44.95488953446054126 ) ) ;
#1642 = CARTESIAN_POINT ( 'NONE',  ( -7.541089098197038432, 33.51731895727888144, 0.000000000000000000 ) ) ;
#1643 = ORIENTED_EDGE ( 'NONE', *, *, #1593, .F. ) ;
#1644 = ORIENTED_EDGE ( 'NONE', *, *, #386, .F. ) ;
#1645 = DIRECTION ( 'NONE',  ( -0.000000000000000000, -0.000000000000000000, -1.000000000000000000 ) ) ;
#1646 = ORIENTED_EDGE ( 'NONE', *, *, #1919, .F. ) ;
#1647 = FACE_OUTER_BOUND ( 'NONE', #784, .T. ) ;
#1648 = CARTESIAN_POINT ( 'NONE',  ( -8.369516222943227390, 31.51731895727887789, 21.99999999999999645 ) ) ;
#1649 = EDGE_CURVE ( 'NONE', #21, #1247, #1685, .T. ) ;
#1650 = LINE ( 'NONE', #1691, #289 ) ;
#1651 = FACE_OUTER_BOUND ( 'NONE', #1238, .T. ) ;
#1652 = LINE ( 'NONE', #1850, #311 ) ;
#1653 = ORIENTED_EDGE ( 'NONE', *, *, #73, .T. ) ;
#1654 = VERTEX_POINT ( 'NONE', #678 ) ;
#1655 = DIRECTION ( 'NONE',  ( 0.000000000000000000, 0.000000000000000000, -1.000000000000000000 ) ) ;
#1656 = ORIENTED_EDGE ( 'NONE', *, *, #672, .T. ) ;
#1657 = PLANE ( 'NONE',  #1500 ) ;
#1658 = DIRECTION ( 'NONE',  ( 0.000000000000000000, -1.000000000000000000, 0.000000000000000000 ) ) ;
#1659 = DIRECTION ( 'NONE',  ( -0.7071067811865461294, -0.7071067811865489050, 0.000000000000000000 ) ) ;
#1660 = CARTESIAN_POINT ( 'NONE',  ( -21.15000000000009450, 12.36731895727903208, 2.000000000000000000 ) ) ;
#1661 = CARTESIAN_POINT ( 'NONE',  ( -5.828666161964557446, 26.18865279531318535, 0.000000000000000000 ) ) ;
#1662 = VERTEX_POINT ( 'NONE', #511 ) ;
#1663 = CIRCLE ( 'NONE', #1795, 1.500000000000667466 ) ;
#1664 = EDGE_CURVE ( 'NONE', #932, #1618, #1173, .T. ) ;
#1665 = VECTOR ( 'NONE', #1962, 1000.000000000000000 ) ;
#1666 = ORIENTED_EDGE ( 'NONE', *, *, #1144, .T. ) ;
#1667 = ORIENTED_EDGE ( 'NONE', *, *, #995, .F. ) ;
#1668 = ORIENTED_EDGE ( 'NONE', *, *, #456, .T. ) ;
#1669 = VECTOR ( 'NONE', #121, 1000.000000000000000 ) ;
#1670 = CIRCLE ( 'NONE', #252, 1.500000000000546896 ) ;
#1671 = CARTESIAN_POINT ( 'NONE',  ( 2.000000000000000000, 35.59309400823261171, 25.78506780000000376 ) ) ;
#1672 = DIRECTION ( 'NONE',  ( 0.000000000000000000, -0.000000000000000000, -1.000000000000000000 ) ) ;
#1673 = AXIS2_PLACEMENT_3D ( 'NONE', #1297, #1955, #435 ) ;
#1674 = FACE_OUTER_BOUND ( 'NONE', #1925, .T. ) ;
#1675 = PLANE ( 'NONE',  #1150 ) ;
#1676 = CARTESIAN_POINT ( 'NONE',  ( -34.11282905502453389, 12.36731895727903208, 2.000000000000000000 ) ) ;
#1677 = ORIENTED_EDGE ( 'NONE', *, *, #152, .T. ) ;
#1678 = CC_DESIGN_DATE_AND_TIME_ASSIGNMENT ( #1051, #1700, ( #1860 ) ) ;
#1679 = ORIENTED_EDGE ( 'NONE', *, *, #1838, .F. ) ;
#1680 = EDGE_CURVE ( 'NONE', #333, #2120, #829, .T. ) ;
#1681 = VERTEX_POINT ( 'NONE', #1022 ) ;
#1682 = FACE_BOUND ( 'NONE', #1827, .T. ) ;
#1683 = CARTESIAN_POINT ( 'NONE',  ( -34.97133383803529938, -1.454014880754743499, 4.000000000000000000 ) ) ;
#1684 = CYLINDRICAL_SURFACE ( 'NONE', #1504, 9.960944859223857861 ) ;
#1685 = LINE ( 'NONE', #1812, #2088 ) ;
#1686 = PLANE ( 'NONE',  #556 ) ;
#1687 = EDGE_LOOP ( 'NONE', ( #352, #1708, #195, #1496 ) ) ;
#1688 = VERTEX_POINT ( 'NONE', #536 ) ;
#1689 = EDGE_CURVE ( 'NONE', #959, #1814, #1856, .T. ) ;
#1690 = CARTESIAN_POINT ( 'NONE',  ( -42.29999999999967031, -1.241591944524080615, 6.999999999999999112 ) ) ;
#1691 = CARTESIAN_POINT ( 'NONE',  ( 2.000000000000000000, 32.09309400823256908, 8.673617379884035472E-16 ) ) ;
#1692 = CARTESIAN_POINT ( 'NONE',  ( -1.999999999999993561, 25.97622985908216364, 6.999999999999999112 ) ) ;
#1693 = CARTESIAN_POINT ( 'NONE',  ( -40.29999999999999716, 25.97622985908219917, 22.00000000000000000 ) ) ;
#1694 = ORIENTED_EDGE ( 'NONE', *, *, #116, .F. ) ;
#1695 = AXIS2_PLACEMENT_3D ( 'NONE', #392, #201, #379 ) ;
#1696 = ORIENTED_EDGE ( 'NONE', *, *, #685, .F. ) ;
#1697 = ADVANCED_FACE ( 'NONE', ( #1196, #1317 ), #371, .F. ) ;
#1698 = CARTESIAN_POINT ( 'NONE',  ( -8.828666161966960857, -1.454014880755873707, 4.000000000000000000 ) ) ;
#1699 = AXIS2_PLACEMENT_3D ( 'NONE', #2071, #580, #558 ) ;
#1700 = DATE_TIME_ROLE ( 'creation_date' ) ;
#1701 = VECTOR ( 'NONE', #1065, 999.9999999999998863 ) ;
#1702 = DIRECTION ( 'NONE',  ( 0.000000000000000000, 1.000000000000000000, 1.850630814949432645E-16 ) ) ;
#1703 = DIRECTION ( 'NONE',  ( 0.000000000000000000, -0.000000000000000000, -1.000000000000000000 ) ) ;
#1704 = DIRECTION ( 'NONE',  ( -1.000000000000000000, 0.000000000000000000, 0.000000000000000000 ) ) ;
#1705 = DIRECTION ( 'NONE',  ( 0.000000000000000000, 0.000000000000000000, -1.000000000000000000 ) ) ;
#1706 = ORIENTED_EDGE ( 'NONE', *, *, #1270, .F. ) ;
#1707 = ORIENTED_EDGE ( 'NONE', *, *, #566, .T. ) ;
#1708 = ORIENTED_EDGE ( 'NONE', *, *, #456, .F. ) ;
#1709 = FACE_OUTER_BOUND ( 'NONE', #6, .T. ) ;
#1710 = APPROVAL_DATE_TIME ( #542, #1609 ) ;
#1711 = DIRECTION ( 'NONE',  ( 1.000000000000000000, 0.000000000000000000, 0.000000000000000000 ) ) ;
#1712 = DIRECTION ( 'NONE',  ( -0.000000000000000000, -0.000000000000000000, -1.000000000000000000 ) ) ;
#1713 = EDGE_CURVE ( 'NONE', #1044, #1014, #4, .T. ) ;
#1714 = DIRECTION ( 'NONE',  ( 0.000000000000000000, 0.000000000000000000, -1.000000000000000000 ) ) ;
#1715 = FACE_OUTER_BOUND ( 'NONE', #561, .T. ) ;
#1716 = ORIENTED_EDGE ( 'NONE', *, *, #1451, .T. ) ;
#1717 = ORIENTED_EDGE ( 'NONE', *, *, #2100, .F. ) ;
#1718 = EDGE_LOOP ( 'NONE', ( #491, #1788, #2060, #831 ) ) ;
#1719 = CARTESIAN_POINT ( 'NONE',  ( -7.328666161966236992, -1.454014880755873707, 0.000000000000000000 ) ) ;
#1720 = PLANE ( 'NONE',  #135 ) ;
#1721 = DIRECTION ( 'NONE',  ( 0.000000000000000000, 0.000000000000000000, -1.000000000000000000 ) ) ;
#1722 = EDGE_CURVE ( 'NONE', #358, #932, #1989, .T. ) ;
#1723 = DIRECTION ( 'NONE',  ( -0.000000000000000000, -0.000000000000000000, 1.000000000000000000 ) ) ;
#1724 = CARTESIAN_POINT ( 'NONE',  ( 10.00000000000000000, 29.59309400823261882, 50.78506780000000020 ) ) ;
#1725 = ORIENTED_EDGE ( 'NONE', *, *, #165, .T. ) ;
#1726 = ORIENTED_EDGE ( 'NONE', *, *, #497, .F. ) ;
#1727 = EDGE_CURVE ( 'NONE', #1198, #1208, #1633, .T. ) ;
#1728 = AXIS2_PLACEMENT_3D ( 'NONE', #660, #310, #125 ) ;
#1729 = ORIENTED_EDGE ( 'NONE', *, *, #353, .T. ) ;
#1730 = AXIS2_PLACEMENT_3D ( 'NONE', #1254, #1454, #921 ) ;
#1731 = CARTESIAN_POINT ( 'NONE',  ( 2.000000000000000000, -12.40165560824801005, 7.000000000000051514 ) ) ;
#1732 = VECTOR ( 'NONE', #1469, 999.9999999999998863 ) ;
#1733 = DIRECTION ( 'NONE',  ( 1.249202833881456598E-14, -1.000000000000000000, 0.000000000000000000 ) ) ;
#1734 = DIRECTION ( 'NONE',  ( -1.000000000000000000, -2.421923861606929596E-15, 0.000000000000000000 ) ) ;
#1735 = DIRECTION ( 'NONE',  ( -1.249202833881456913E-14, 1.000000000000000000, 0.000000000000000000 ) ) ;
#1736 = VECTOR ( 'NONE', #1360, 1000.000000000000000 ) ;
#1737 = CIRCLE ( 'NONE', #914, 6.999999999999999112 ) ;
#1738 = CARTESIAN_POINT ( 'NONE',  ( 2.000000000000000000, 32.09309400823261882, 44.95488953446059810 ) ) ;
#1739 = LINE ( 'NONE', #1235, #76 ) ;
#1740 = EDGE_LOOP ( 'NONE', ( #1033, #1643, #355, #1668 ) ) ;
#1741 = ORIENTED_EDGE ( 'NONE', *, *, #750, .T. ) ;
#1742 = CIRCLE ( 'NONE', #455, 6.999999999999999112 ) ;
#1743 = EDGE_CURVE ( 'NONE', #1871, #1261, #847, .T. ) ;
#1744 = DATE_AND_TIME ( #1601, #1465 ) ;
#1745 = CARTESIAN_POINT ( 'NONE',  ( 2.000000000000000000, -9.275803436097625365, 50.78506780000000020 ) ) ;
#1746 = CARTESIAN_POINT ( 'NONE',  ( 2.000000000000000000, -9.406905991767381181, 50.69579271822165367 ) ) ;
#1747 = CARTESIAN_POINT ( 'NONE',  ( -42.29999999999999716, 25.97622985908217075, 30.00000000000000000 ) ) ;
#1748 = CARTESIAN_POINT ( 'NONE',  ( 2.000000000000000000, -5.401655608247960316, 51.95488953446059099 ) ) ;
#1749 = CARTESIAN_POINT ( 'NONE',  ( -1.999999999999993561, 25.97622985908216364, 22.00000000000000000 ) ) ;
#1750 = ORIENTED_EDGE ( 'NONE', *, *, #66, .F. ) ;
#1751 = ADVANCED_FACE ( 'NONE', ( #1880 ), #730, .F. ) ;
#1752 = PERSON_AND_ORGANIZATION_ROLE ( 'creator' ) ;
#1753 = CARTESIAN_POINT ( 'NONE',  ( 2.000000000000000000, 32.09309400823261882, 44.95488953446059810 ) ) ;
#1754 = DIRECTION ( 'NONE',  ( 1.000000000000000000, 0.000000000000000000, 0.000000000000000000 ) ) ;
#1755 = LINE ( 'NONE', #1305, #454 ) ;
#1756 = DIRECTION ( 'NONE',  ( -0.7071067811865473507, -0.7071067811865477948, 0.000000000000000000 ) ) ;
#1757 = ORIENTED_EDGE ( 'NONE', *, *, #1664, .F. ) ;
#1758 = ORIENTED_EDGE ( 'NONE', *, *, #1818, .F. ) ;
#1759 = EDGE_CURVE ( 'NONE', #693, #2107, #2058, .T. ) ;
#1760 = AXIS2_PLACEMENT_3D ( 'NONE', #952, #787, #673 ) ;
#1761 = ADVANCED_FACE ( 'NONE', ( #2031 ), #589, .T. ) ;
#1762 = CARTESIAN_POINT ( 'NONE',  ( -21.15000000000009450, 12.36731895727903208, 0.000000000000000000 ) ) ;
#1763 = CARTESIAN_POINT ( 'NONE',  ( -7.541089098197038432, 33.51731895727888144, 30.00000000000000000 ) ) ;
#1764 = DIRECTION ( 'NONE',  ( -1.000000000000000000, 0.000000000000000000, 0.000000000000000000 ) ) ;
#1765 = PLANE ( 'NONE',  #1914 ) ;
#1766 = ORIENTED_EDGE ( 'NONE', *, *, #750, .F. ) ;
#1767 = EDGE_LOOP ( 'NONE', ( #1474, #2132, #1933, #1508 ) ) ;
#1768 = AXIS2_PLACEMENT_3D ( 'NONE', #1263, #1920, #433 ) ;
#1769 = EDGE_LOOP ( 'NONE', ( #2081, #777, #861, #1154 ) ) ;
#1770 = AXIS2_PLACEMENT_3D ( 'NONE', #989, #1331, #28 ) ;
#1771 = AXIS2_PLACEMENT_3D ( 'NONE', #715, #585, #253 ) ;
#1772 = DIRECTION ( 'NONE',  ( -1.000000000000000000, 0.000000000000000000, 0.000000000000000000 ) ) ;
#1773 = CARTESIAN_POINT ( 'NONE',  ( 2.000000000000000000, -5.401655608248009166, 44.95488953446059099 ) ) ;
#1774 = CARTESIAN_POINT ( 'NONE',  ( -8.828666161966960857, -1.454014880755873707, 4.000000000000000000 ) ) ;
#1775 = CARTESIAN_POINT ( 'NONE',  ( -34.75891090180302712, -8.782681042720854592, 6.999999999999999112 ) ) ;
#1776 = DIRECTION ( 'NONE',  ( 0.000000000000000000, 0.000000000000000000, -1.000000000000000000 ) ) ;
#1777 = VERTEX_POINT ( 'NONE', #232 ) ;
#1778 = EDGE_LOOP ( 'NONE', ( #8, #1248 ) ) ;
#1779 = EDGE_CURVE ( 'NONE', #693, #1222, #546, .T. ) ;
#1780 = ORIENTED_EDGE ( 'NONE', *, *, #271, .F. ) ;
#1781 = CARTESIAN_POINT ( 'NONE',  ( -34.75891090180329712, 33.51731895727890276, 0.000000000000000000 ) ) ;
#1782 = CARTESIAN_POINT ( 'NONE',  ( 10.00000000000000000, -3.406905991767381625, 50.78506780000000020 ) ) ;
#1783 = DIRECTION ( 'NONE',  ( -1.000000000000000000, 0.000000000000000000, 0.000000000000000000 ) ) ;
#1784 = ADVANCED_BREP_SHAPE_REPRESENTATION ( 'MOTOR_D\X2\00e9\X0\faut_sldprt', ( #638, #79 ), #187 ) ;
#1785 = CARTESIAN_POINT ( 'NONE',  ( -7.541089098197038432, 33.51731895727888144, 30.00000000000000000 ) ) ;
#1786 = EDGE_CURVE ( 'NONE', #320, #1957, #44, .T. ) ;
#1787 = PLANE ( 'NONE',  #1943 ) ;
#1788 = ORIENTED_EDGE ( 'NONE', *, *, #227, .F. ) ;
#1789 = ORIENTED_EDGE ( 'NONE', *, *, #528, .T. ) ;
#1790 = EDGE_CURVE ( 'NONE', #533, #181, #2042, .T. ) ;
#1791 = AXIS2_PLACEMENT_3D ( 'NONE', #2124, #616, #760 ) ;
#1792 = ORIENTED_EDGE ( 'NONE', *, *, #1831, .T. ) ;
#1793 = APPLICATION_CONTEXT ( 'configuration controlled 3d designs of mechanical parts and assemblies' ) ;
#1794 = DIRECTION ( 'NONE',  ( -0.000000000000000000, -0.000000000000000000, -1.000000000000000000 ) ) ;
#1795 = AXIS2_PLACEMENT_3D ( 'NONE', #1486, #813, #1475 ) ;
#1796 = CARTESIAN_POINT ( 'NONE',  ( -21.15000000000009450, 12.36731895727903208, 2.000000000000000000 ) ) ;
#1797 = DIRECTION ( 'NONE',  ( 0.000000000000000000, 0.000000000000000000, -1.000000000000000000 ) ) ;
#1798 = VECTOR ( 'NONE', #679, 1000.000000000000000 ) ;
#1799 = DIRECTION ( 'NONE',  ( -0.7071067811865473507, -0.7071067811865477948, 0.000000000000000000 ) ) ;
#1800 = CARTESIAN_POINT ( 'NONE',  ( -42.29999999999965610, -1.241591944524070179, 30.00000000000000000 ) ) ;
#1801 = FACE_OUTER_BOUND ( 'NONE', #1246, .T. ) ;
#1802 = ORIENTED_EDGE ( 'NONE', *, *, #1083, .F. ) ;
#1803 = ORIENTED_EDGE ( 'NONE', *, *, #843, .F. ) ;
#1804 = VECTOR ( 'NONE', #407, 1000.000000000000000 ) ;
#1805 = CIRCLE ( 'NONE', #1947, 9.960944859223857861 ) ;
#1806 = DIRECTION ( 'NONE',  ( 0.000000000000000000, 0.000000000000000000, -1.000000000000000000 ) ) ;
#1807 = VERTEX_POINT ( 'NONE', #1394 ) ;
#1808 = EDGE_CURVE ( 'NONE', #1325, #130, #1670, .T. ) ;
#1809 = CARTESIAN_POINT ( 'NONE',  ( 2.000000000000000000, 39.09309400823261882, 44.95488953446054836 ) ) ;
#1810 = LINE ( 'NONE', #827, #795 ) ;
#1811 = DIRECTION ( 'NONE',  ( -0.7071067811865473507, -0.7071067811865477948, 0.000000000000000000 ) ) ;
#1812 = CARTESIAN_POINT ( 'NONE',  ( -23.15000000000009450, 12.36731895727903208, -35.00000000000000000 ) ) ;
#1813 = CARTESIAN_POINT ( 'NONE',  ( -33.93048377705712682, 31.51731895727889921, 3.654436898549595101E-32 ) ) ;
#1814 = VERTEX_POINT ( 'NONE', #393 ) ;
#1815 = ORIENTED_EDGE ( 'NONE', *, *, #1727, .T. ) ;
#1816 = CARTESIAN_POINT ( 'NONE',  ( -7.328666161966236992, -1.454014880755873707, 4.000000000000000000 ) ) ;
#1817 = ORIENTED_EDGE ( 'NONE', *, *, #375, .F. ) ;
#1818 = EDGE_CURVE ( 'NONE', #1261, #130, #1234, .T. ) ;
#1819 = DIRECTION ( 'NONE',  ( 0.000000000000000000, 0.000000000000000000, -1.000000000000000000 ) ) ;
#1820 = DIRECTION ( 'NONE',  ( -1.000000000000000000, -0.000000000000000000, -0.000000000000000000 ) ) ;
#1821 = CARTESIAN_POINT ( 'NONE',  ( -40.29999999999966320, -0.4131648197779163034, 22.00000000000000355 ) ) ;
#1822 = DIRECTION ( 'NONE',  ( -1.000000000000000000, 0.000000000000000000, -0.000000000000000000 ) ) ;
#1823 = FACE_OUTER_BOUND ( 'NONE', #1121, .T. ) ;
#1824 = ORIENTED_EDGE ( 'NONE', *, *, #73, .F. ) ;
#1825 = ORIENTED_EDGE ( 'NONE', *, *, #1906, .T. ) ;
#1826 = ORIENTED_EDGE ( 'NONE', *, *, #843, .T. ) ;
#1827 = EDGE_LOOP ( 'NONE', ( #1446, #1917 ) ) ;
#1828 = ADVANCED_FACE ( 'NONE', ( #1219 ), #257, .T. ) ;
#1829 = CARTESIAN_POINT ( 'NONE',  ( 10.00000000000000000, -3.406905991767381625, 25.78506780000000020 ) ) ;
#1830 = FACE_OUTER_BOUND ( 'NONE', #1769, .T. ) ;
#1831 = EDGE_CURVE ( 'NONE', #1814, #1631, #2070, .T. ) ;
#1832 = CIRCLE ( 'NONE', #901, 1.500000000000598188 ) ;
#1833 = DIRECTION ( 'NONE',  ( 1.000000000000000000, 0.000000000000000000, 0.000000000000000000 ) ) ;
#1834 = DIRECTION ( 'NONE',  ( 0.000000000000000000, 0.000000000000000000, -1.000000000000000000 ) ) ;
#1835 = LINE ( 'NONE', #1517, #447 ) ;
#1836 = ORIENTED_EDGE ( 'NONE', *, *, #1279, .T. ) ;
#1837 = AXIS2_PLACEMENT_3D ( 'NONE', #1749, #2001, #1977 ) ;
#1838 = EDGE_CURVE ( 'NONE', #994, #646, #1890, .T. ) ;
#1839 = CIRCLE ( 'NONE', #623, 3.147808218514919876 ) ;
#1840 = ORIENTED_EDGE ( 'NONE', *, *, #1954, .F. ) ;
#1841 = EDGE_LOOP ( 'NONE', ( #825, #384, #655, #1461 ) ) ;
#1842 = ORIENTED_EDGE ( 'NONE', *, *, #1818, .T. ) ;
#1843 = AXIS2_PLACEMENT_3D ( 'NONE', #102, #744, #2043 ) ;
#1844 = AXIS2_PLACEMENT_3D ( 'NONE', #1738, #1575, #885 ) ;
#1845 = DIRECTION ( 'NONE',  ( 1.000000000000000000, 2.421923861606928413E-15, 0.000000000000000000 ) ) ;
#1846 = DIRECTION ( 'NONE',  ( -1.000000000000000000, 0.000000000000000000, 0.000000000000000000 ) ) ;
#1847 = ORGANIZATION ( 'UNSPECIFIED', 'UNSPECIFIED', '' ) ;
#1848 = DIRECTION ( 'NONE',  ( 0.7071067811865462405, 0.7071067811865489050, 0.000000000000000000 ) ) ;
#1849 = DIRECTION ( 'NONE',  ( 0.000000000000000000, 0.000000000000000000, -1.000000000000000000 ) ) ;
#1850 = CARTESIAN_POINT ( 'NONE',  ( -1.414213562373258792, 0.1726216178491804254, 22.00000000000000000 ) ) ;
#1851 = ORIENTED_EDGE ( 'NONE', *, *, #300, .T. ) ;
#1852 = EDGE_CURVE ( 'NONE', #797, #1181, #1054, .T. ) ;
#1853 = ORIENTED_EDGE ( 'NONE', *, *, #2064, .F. ) ;
#1854 = CARTESIAN_POINT ( 'NONE',  ( 2.000000000000000000, 32.09309400823256908, 51.95488953446059810 ) ) ;
#1855 = FACE_BOUND ( 'NONE', #604, .T. ) ;
#1856 = LINE ( 'NONE', #1012, #1223 ) ;
#1857 = CARTESIAN_POINT ( 'NONE',  ( -7.541089098197034879, -8.782681042720788867, 30.00000000000000000 ) ) ;
#1858 = EDGE_CURVE ( 'NONE', #1473, #1397, #242, .T. ) ;
#1859 = ORIENTED_EDGE ( 'NONE', *, *, #2127, .T. ) ;
#1860 = PRODUCT_DEFINITION ( 'UNKNOWN', '', #46, #149 ) ;
#1861 = EDGE_LOOP ( 'NONE', ( #1741, #967 ) ) ;
#1862 = DIRECTION ( 'NONE',  ( 0.000000000000000000, -1.000000000000000000, 0.000000000000000000 ) ) ;
#1863 = PERSON_AND_ORGANIZATION_ROLE ( 'creator' ) ;
#1864 = PLANE ( 'NONE',  #1211 ) ;
#1865 = LINE ( 'NONE', #701, #2111 ) ;
#1866 = CARTESIAN_POINT ( 'NONE',  ( -1.414213562373258792, 0.1726216178491804254, 6.999999999999999112 ) ) ;
#1867 = CARTESIAN_POINT ( 'NONE',  ( -34.75891090180301291, -8.782681042720854592, 30.00000000000000000 ) ) ;
#1868 = EDGE_LOOP ( 'NONE', ( #1372, #318 ) ) ;
#1869 = CIRCLE ( 'NONE', #937, 3.147808218514919876 ) ;
#1870 = VECTOR ( 'NONE', #980, 1000.000000000000000 ) ;
#1871 = VERTEX_POINT ( 'NONE', #764 ) ;
#1872 = CARTESIAN_POINT ( 'NONE',  ( 2.000000000000000000, 32.09309400823261882, 7.000000000000000000 ) ) ;
#1873 = EDGE_CURVE ( 'NONE', #1946, #236, #2121, .T. ) ;
#1874 = AXIS2_PLACEMENT_3D ( 'NONE', #251, #1862, #739 ) ;
#1875 = DIRECTION ( 'NONE',  ( -1.000000000000000000, -1.249202833881456598E-14, 0.000000000000000000 ) ) ;
#1876 = VECTOR ( 'NONE', #907, 999.9999999999998863 ) ;
#1877 = CARTESIAN_POINT ( 'NONE',  ( -34.75891090180329712, 33.51731895727890276, 6.999999999999999112 ) ) ;
#1878 = FACE_OUTER_BOUND ( 'NONE', #1778, .T. ) ;
#1879 = CIRCLE ( 'NONE', #771, 6.999999999999998224 ) ;
#1880 = FACE_OUTER_BOUND ( 'NONE', #1336, .T. ) ;
#1881 = DIRECTION ( 'NONE',  ( -1.000000000000000000, -0.000000000000000000, -0.000000000000000000 ) ) ;
#1882 = ORIENTED_EDGE ( 'NONE', *, *, #522, .F. ) ;
#1883 = ORIENTED_EDGE ( 'NONE', *, *, #973, .T. ) ;
#1884 = ORIENTED_EDGE ( 'NONE', *, *, #522, .T. ) ;
#1885 = LINE ( 'NONE', #1854, #665 ) ;
#1886 = EDGE_CURVE ( 'NONE', #290, #910, #82, .T. ) ;
#1887 =( LENGTH_UNIT ( ) NAMED_UNIT ( * ) SI_UNIT ( .MILLI., .METRE. ) );
#1888 = LINE ( 'NONE', #2029, #2083 ) ;
#1889 = LINE ( 'NONE', #1693, #902 ) ;
#1890 = LINE ( 'NONE', #402, #10 ) ;
#1891 = PLANE ( 'NONE',  #840 ) ;
#1892 = ORIENTED_EDGE ( 'NONE', *, *, #1886, .F. ) ;
#1893 = ORIENTED_EDGE ( 'NONE', *, *, #1497, .T. ) ;
#1894 = ORIENTED_EDGE ( 'NONE', *, *, #217, .T. ) ;
#1895 = CARTESIAN_POINT ( 'NONE',  ( -23.15000000000009450, 12.36731895727903208, -15.00000000000000000 ) ) ;
#1896 = DIRECTION ( 'NONE',  ( 0.000000000000000000, 0.000000000000000000, 1.000000000000000000 ) ) ;
#1897 = PLANE ( 'NONE',  #1356 ) ;
#1898 = CYLINDRICAL_SURFACE ( 'NONE', #1695, 1.999999999999998224 ) ;
#1899 = EDGE_CURVE ( 'NONE', #2044, #395, #412, .T. ) ;
#1900 = CIRCLE ( 'NONE', #1768, 1.500000000000667466 ) ;
#1901 = DIRECTION ( 'NONE',  ( -0.000000000000000000, -0.000000000000000000, -1.000000000000000000 ) ) ;
#1902 = CARTESIAN_POINT ( 'NONE',  ( 0.000000000000000000, 32.09309400823256908, 8.673617379884035472E-16 ) ) ;
#1903 = EDGE_LOOP ( 'NONE', ( #1081, #1267, #674, #896 ) ) ;
#1904 = ORIENTED_EDGE ( 'NONE', *, *, #439, .F. ) ;
#1905 = EDGE_CURVE ( 'NONE', #1268, #1966, #791, .T. ) ;
#1906 = EDGE_CURVE ( 'NONE', #1192, #606, #1755, .T. ) ;
#1907 = ORIENTED_EDGE ( 'NONE', *, *, #906, .F. ) ;
#1908 = VECTOR ( 'NONE', #351, 1000.000000000000000 ) ;
#1909 = CARTESIAN_POINT ( 'NONE',  ( -5.828666161964557446, 26.18865279531318535, 4.000000000000000000 ) ) ;
#1910 = PERSON_AND_ORGANIZATION_ROLE ( 'design_owner' ) ;
#1911 = CARTESIAN_POINT ( 'NONE',  ( -21.15000000000009450, 12.36731895727903208, 2.000000000000000000 ) ) ;
#1912 = DIRECTION ( 'NONE',  ( 1.000000000000000000, 0.000000000000000000, 0.000000000000000000 ) ) ;
#1913 = AXIS2_PLACEMENT_3D ( 'NONE', #2051, #900, #1071 ) ;
#1914 = AXIS2_PLACEMENT_3D ( 'NONE', #436, #611, #1756 ) ;
#1915 = CARTESIAN_POINT ( 'NONE',  ( -7.328666161966236992, -1.454014880755873707, 4.000000000000000000 ) ) ;
#1916 = DIRECTION ( 'NONE',  ( 0.000000000000000000, 0.000000000000000000, -1.000000000000000000 ) ) ;
#1917 = ORIENTED_EDGE ( 'NONE', *, *, #1290, .F. ) ;
#1918 = ORIENTED_EDGE ( 'NONE', *, *, #1064, .T. ) ;
#1919 = EDGE_CURVE ( 'NONE', #290, #1285, #1805, .T. ) ;
#1920 = DIRECTION ( 'NONE',  ( 0.000000000000000000, 0.000000000000000000, -1.000000000000000000 ) ) ;
#1921 = CARTESIAN_POINT ( 'NONE',  ( 0.000000000000000000, -12.40165560824801005, 44.95488953446054126 ) ) ;
#1922 = DIRECTION ( 'NONE',  ( -0.7071067811865461294, -0.7071067811865489050, 0.000000000000000000 ) ) ;
#1923 = FACE_OUTER_BOUND ( 'NONE', #1122, .T. ) ;
#1924 = VERTEX_POINT ( 'NONE', #1640 ) ;
#1925 = EDGE_LOOP ( 'NONE', ( #573, #1725, #1635, #1027 ) ) ;
#1926 = EDGE_CURVE ( 'NONE', #2134, #1286, #808, .T. ) ;
#1927 = EDGE_CURVE ( 'NONE', #1277, #225, #120, .T. ) ;
#1928 = DIRECTION ( 'NONE',  ( 0.000000000000000000, 0.000000000000000000, -1.000000000000000000 ) ) ;
#1929 = DIRECTION ( 'NONE',  ( -1.000000000000000000, -2.421923861606928413E-15, -0.000000000000000000 ) ) ;
#1930 = CARTESIAN_POINT ( 'NONE',  ( -34.75891090180301291, -8.782681042720854592, 0.000000000000000000 ) ) ;
#1931 = DIRECTION ( 'NONE',  ( -1.000000000000000000, -0.000000000000000000, -0.000000000000000000 ) ) ;
#1932 = ORIENTED_EDGE ( 'NONE', *, *, #194, .F. ) ;
#1933 = ORIENTED_EDGE ( 'NONE', *, *, #1523, .T. ) ;
#1934 = EDGE_CURVE ( 'NONE', #1167, #186, #938, .T. ) ;
#1935 = ORIENTED_EDGE ( 'NONE', *, *, #1611, .F. ) ;
#1936 = VECTOR ( 'NONE', #139, 1000.000000000000000 ) ;
#1937 = AXIS2_PLACEMENT_3D ( 'NONE', #1063, #1721, #893 ) ;
#1938 = PERSON_AND_ORGANIZATION ( #1227, #1847 ) ;
#1939 = EDGE_CURVE ( 'NONE', #1310, #1044, #1594, .T. ) ;
#1940 = CARTESIAN_POINT ( 'NONE',  ( -8.369516222943227390, -6.782681042720790643, 22.00000000000000000 ) ) ;
#1941 = FACE_OUTER_BOUND ( 'NONE', #213, .T. ) ;
#1942 = DIRECTION ( 'NONE',  ( -0.000000000000000000, 1.000000000000000000, -0.000000000000000000 ) ) ;
#1943 = AXIS2_PLACEMENT_3D ( 'NONE', #286, #1944, #458 ) ;
#1944 = DIRECTION ( 'NONE',  ( -2.421923861606928413E-15, 1.000000000000000000, 0.000000000000000000 ) ) ;
#1945 = EDGE_LOOP ( 'NONE', ( #1092, #931, #248, #2144 ) ) ;
#1946 = VERTEX_POINT ( 'NONE', #2096 ) ;
#1947 = AXIS2_PLACEMENT_3D ( 'NONE', #1435, #142, #1764 ) ;
#1948 = ORIENTED_EDGE ( 'NONE', *, *, #1026, .T. ) ;
#1949 = AXIS2_PLACEMENT_3D ( 'NONE', #89, #903, #422 ) ;
#1950 = CARTESIAN_POINT ( 'NONE',  ( -34.75891090180329712, 33.51731895727890276, 30.00000000000000000 ) ) ;
#1951 = EDGE_CURVE ( 'NONE', #1167, #1310, #782, .T. ) ;
#1952 = CARTESIAN_POINT ( 'NONE',  ( -42.29999999999999716, 25.97622985908217075, 30.00000000000000000 ) ) ;
#1953 = CARTESIAN_POINT ( 'NONE',  ( -7.541089098197034879, -8.782681042720788867, 6.999999999999999112 ) ) ;
#1954 = EDGE_CURVE ( 'NONE', #868, #583, #2089, .T. ) ;
#1955 = DIRECTION ( 'NONE',  ( -0.000000000000000000, 0.000000000000000000, 1.000000000000000000 ) ) ;
#1956 = LINE ( 'NONE', #305, #354 ) ;
#1957 = VERTEX_POINT ( 'NONE', #610 ) ;
#1958 = ORIENTED_EDGE ( 'NONE', *, *, #50, .F. ) ;
#1959 = ORIENTED_EDGE ( 'NONE', *, *, #2064, .T. ) ;
#1960 = CYLINDRICAL_SURFACE ( 'NONE', #1760, 1.500000000000546896 ) ;
#1961 = LINE ( 'NONE', #452, #1588 ) ;
#1962 = DIRECTION ( 'NONE',  ( -1.000000000000000000, -0.000000000000000000, -0.000000000000000000 ) ) ;
#1963 = DIRECTION ( 'NONE',  ( -1.000000000000000000, -0.000000000000000000, -0.000000000000000000 ) ) ;
#1964 = DIRECTION ( 'NONE',  ( 1.000000000000000000, 0.000000000000000000, 0.000000000000000000 ) ) ;
#1965 = CARTESIAN_POINT ( 'NONE',  ( -34.97133383803416962, 26.18865279531431511, 4.000000000000000000 ) ) ;
#1966 = VERTEX_POINT ( 'NONE', #601 ) ;
#1967 = ADVANCED_FACE ( 'NONE', ( #632 ), #1626, .F. ) ;
#1968 = VERTEX_POINT ( 'NONE', #304 ) ;
#1969 = ADVANCED_FACE ( 'NONE', ( #274 ), #1605, .F. ) ;
#1970 = CARTESIAN_POINT ( 'NONE',  ( -19.15000000000009805, 12.36731895727903208, -15.00000000000000000 ) ) ;
#1971 = EDGE_LOOP ( 'NONE', ( #159, #1003, #2002, #503 ) ) ;
#1972 = CARTESIAN_POINT ( 'NONE',  ( -8.369516222943227390, 31.51731895727887789, -3.527984844577542493E-30 ) ) ;
#1973 = CARTESIAN_POINT ( 'NONE',  ( -7.541089098197038432, 33.51731895727888144, 30.00000000000000000 ) ) ;
#1974 = VECTOR ( 'NONE', #1929, 1000.000000000000000 ) ;
#1975 = CARTESIAN_POINT ( 'NONE',  ( -34.75891090180329712, 33.51731895727890276, 22.00000000000000000 ) ) ;
#1976 = DIRECTION ( 'NONE',  ( -1.000000000000000000, 0.000000000000000000, 0.000000000000000000 ) ) ;
#1977 = DIRECTION ( 'NONE',  ( 1.000000000000000000, 0.000000000000000000, -0.000000000000000000 ) ) ;
#1978 = ORIENTED_EDGE ( 'NONE', *, *, #566, .F. ) ;
#1979 = ORIENTED_EDGE ( 'NONE', *, *, #708, .F. ) ;
#1980 = AXIS2_PLACEMENT_3D ( 'NONE', #1136, #649, #1183 ) ;
#1981 = ADVANCED_FACE ( 'NONE', ( #1443 ), #1424, .T. ) ;
#1982 = VECTOR ( 'NONE', #1834, 1000.000000000000000 ) ;
#1983 = LINE ( 'NONE', #1781, #1178 ) ;
#1984 = VERTEX_POINT ( 'NONE', #642 ) ;
#1985 = LOCAL_TIME ( 14, 41, 24.00000000000000000, #377 ) ;
#1986 = DIRECTION ( 'NONE',  ( -0.000000000000000000, -0.000000000000000000, 1.000000000000000000 ) ) ;
#1987 = CARTESIAN_POINT ( 'NONE',  ( 10.00000000000000000, 29.59309400823261882, 50.78506780000000020 ) ) ;
#1988 = FACE_OUTER_BOUND ( 'NONE', #530, .T. ) ;
#1989 = LINE ( 'NONE', #557, #669 ) ;
#1990 = LINE ( 'NONE', #1813, #942 ) ;
#1991 = VERTEX_POINT ( 'NONE', #1775 ) ;
#1992 = ORIENTED_EDGE ( 'NONE', *, *, #1017, .F. ) ;
#1993 = ORIENTED_EDGE ( 'NONE', *, *, #518, .F. ) ;
#1994 = EDGE_LOOP ( 'NONE', ( #592, #113 ) ) ;
#1995 = ADVANCED_FACE ( 'NONE', ( #1098 ), #465, .F. ) ;
#1996 = LINE ( 'NONE', #1972, #385 ) ;
#1997 = DIRECTION ( 'NONE',  ( 1.000000000000000000, -7.648180615600750172E-16, 0.000000000000000000 ) ) ;
#1998 = EDGE_CURVE ( 'NONE', #1545, #1654, #978, .T. ) ;
#1999 = FACE_OUTER_BOUND ( 'NONE', #1868, .T. ) ;
#2000 = CARTESIAN_POINT ( 'NONE',  ( -3.191891195797325054E-13, 25.97622985908216364, 30.00000000000000000 ) ) ;
#2001 = DIRECTION ( 'NONE',  ( 0.000000000000000000, 0.000000000000000000, 1.000000000000000000 ) ) ;
#2002 = ORIENTED_EDGE ( 'NONE', *, *, #1611, .T. ) ;
#2003 = VERTEX_POINT ( 'NONE', #457 ) ;
#2004 = VERTEX_POINT ( 'NONE', #1119 ) ;
#2005 = ORIENTED_EDGE ( 'NONE', *, *, #1581, .T. ) ;
#2006 = FACE_OUTER_BOUND ( 'NONE', #1396, .T. ) ;
#2007 = CARTESIAN_POINT ( 'NONE',  ( 10.00000000000000000, 35.59309400823261171, 25.78506780000000376 ) ) ;
#2008 = AXIS2_PLACEMENT_3D ( 'NONE', #1324, #972, #1123 ) ;
#2009 = EDGE_CURVE ( 'NONE', #1286, #203, #295, .T. ) ;
#2010 = CARTESIAN_POINT ( 'NONE',  ( 2.000000000000000000, -9.406905991767381181, 50.78506780000000020 ) ) ;
#2011 = FACE_BOUND ( 'NONE', #224, .T. ) ;
#2012 = LINE ( 'NONE', #1676, #1251 ) ;
#2013 = CIRCLE ( 'NONE', #1495, 9.960944859223857861 ) ;
#2014 = VERTEX_POINT ( 'NONE', #1515 ) ;
#2015 = AXIS2_PLACEMENT_3D ( 'NONE', #1008, #1672, #1502 ) ;
#2016 = ORIENTED_EDGE ( 'NONE', *, *, #985, .T. ) ;
#2017 = AXIS2_PLACEMENT_3D ( 'NONE', #376, #388, #45 ) ;
#2018 = LINE ( 'NONE', #1349, #1361 ) ;
#2019 = CC_DESIGN_APPROVAL ( #1130, ( #916 ) ) ;
#2020 = ADVANCED_FACE ( 'NONE', ( #1999 ), #349, .T. ) ;
#2021 = CARTESIAN_POINT ( 'NONE',  ( 2.000000000000000000, -5.401655608248010054, 7.000000000000000000 ) ) ;
#2022 = CARTESIAN_POINT ( 'NONE',  ( 10.00000000000000000, -9.406905991767381181, 25.78506780000000020 ) ) ;
#2023 = PLANE ( 'NONE',  #1179 ) ;
#2024 = EDGE_CURVE ( 'NONE', #646, #197, #1742, .T. ) ;
#2025 = VERTEX_POINT ( 'NONE', #1821 ) ;
#2026 = ORIENTED_EDGE ( 'NONE', *, *, #2024, .T. ) ;
#2027 = DIRECTION ( 'NONE',  ( -1.000000000000000000, 0.000000000000000000, 0.000000000000000000 ) ) ;
#2028 = APPROVAL_ROLE ( '' ) ;
#2029 = CARTESIAN_POINT ( 'NONE',  ( -34.75891090180301291, -8.782681042720854592, 30.00000000000000000 ) ) ;
#2030 = DIRECTION ( 'NONE',  ( -1.249202833881456598E-14, 1.000000000000000000, -1.274696769266792517E-16 ) ) ;
#2031 = FACE_OUTER_BOUND ( 'NONE', #1299, .T. ) ;
#2032 = CARTESIAN_POINT ( 'NONE',  ( 2.000000000000000000, -12.40165560824801005, 44.95488953446054126 ) ) ;
#2033 = ORIENTED_EDGE ( 'NONE', *, *, #2024, .F. ) ;
#2034 = ADVANCED_FACE ( 'NONE', ( #1988 ), #1187, .F. ) ;
#2035 = ADVANCED_FACE ( 'NONE', ( #1674 ), #199, .T. ) ;
#2036 = EDGE_LOOP ( 'NONE', ( #766, #504, #405, #1383 ) ) ;
#2037 = EDGE_CURVE ( 'NONE', #1192, #1080, #389, .T. ) ;
#2038 = CARTESIAN_POINT ( 'NONE',  ( 2.000000000000000000, -5.401655608248009166, 44.95488953446059099 ) ) ;
#2039 = CARTESIAN_POINT ( 'NONE',  ( 0.000000000000000000, 0.000000000000000000, 0.000000000000000000 ) ) ;
#2040 = FACE_OUTER_BOUND ( 'NONE', #1025, .T. ) ;
#2041 = FACE_OUTER_BOUND ( 'NONE', #1903, .T. ) ;
#2042 = LINE ( 'NONE', #1416, #319 ) ;
#2043 = DIRECTION ( 'NONE',  ( 0.000000000000000000, 0.000000000000000000, -1.000000000000000000 ) ) ;
#2044 = VERTEX_POINT ( 'NONE', #1010 ) ;
#2045 = ORIENTED_EDGE ( 'NONE', *, *, #410, .T. ) ;
#2046 = AXIS2_PLACEMENT_3D ( 'NONE', #2114, #1928, #118 ) ;
#2047 = VECTOR ( 'NONE', #587, 999.9999999999998863 ) ;
#2048 = ORIENTED_EDGE ( 'NONE', *, *, #309, .F. ) ;
#2049 = EDGE_CURVE ( 'NONE', #467, #2062, #664, .T. ) ;
#2050 = AXIS2_PLACEMENT_3D ( 'NONE', #508, #1169, #749 ) ;
#2051 = CARTESIAN_POINT ( 'NONE',  ( 10.00000000000000000, 0.000000000000000000, 0.000000000000000000 ) ) ;
#2052 = AXIS2_PLACEMENT_3D ( 'NONE', #1576, #571, #68 ) ;
#2053 = APPROVAL_DATE_TIME ( #1389, #848 ) ;
#2054 = VECTOR ( 'NONE', #857, 1000.000000000000000 ) ;
#2055 = DIRECTION ( 'NONE',  ( 0.7071067811865489050, -0.7071067811865462405, 0.000000000000000000 ) ) ;
#2056 = DIRECTION ( 'NONE',  ( 0.7071067811865411334, -0.7071067811865539010, 0.000000000000000000 ) ) ;
#2057 = VECTOR ( 'NONE', #111, 1000.000000000000000 ) ;
#2058 = LINE ( 'NONE', #426, #736 ) ;
#2059 = CARTESIAN_POINT ( 'NONE',  ( -8.828666161965651682, 26.18865279531318535, 0.000000000000000000 ) ) ;
#2060 = ORIENTED_EDGE ( 'NONE', *, *, #682, .T. ) ;
#2061 = ORIENTED_EDGE ( 'NONE', *, *, #1270, .T. ) ;
#2062 = VERTEX_POINT ( 'NONE', #176 ) ;
#2063 = ADVANCED_FACE ( 'NONE', ( #864 ), #689, .F. ) ;
#2064 = EDGE_CURVE ( 'NONE', #1968, #1355, #1650, .T. ) ;
#2065 = FACE_OUTER_BOUND ( 'NONE', #406, .T. ) ;
#2066 = PERSON_AND_ORGANIZATION ( #1227, #1847 ) ;
#2067 = ADVANCED_FACE ( 'NONE', ( #1855, #362 ), #1172, .F. ) ;
#2068 = CARTESIAN_POINT ( 'NONE',  ( 2.000000000000000000, -3.406905991767381625, 50.78506780000000020 ) ) ;
#2069 = FACE_OUTER_BOUND ( 'NONE', #323, .T. ) ;
#2070 = LINE ( 'NONE', #1866, #1701 ) ;
#2071 = CARTESIAN_POINT ( 'NONE',  ( -7.328666161966236992, -1.454014880755873707, 0.000000000000000000 ) ) ;
#2072 = EDGE_LOOP ( 'NONE', ( #1932, #1058, #397, #170 ) ) ;
#2073 = EDGE_LOOP ( 'NONE', ( #657, #22, #785, #151 ) ) ;
#2074 = VERTEX_POINT ( 'NONE', #1351 ) ;
#2075 = DIRECTION ( 'NONE',  ( 0.000000000000000000, 0.000000000000000000, -1.000000000000000000 ) ) ;
#2076 = CARTESIAN_POINT ( 'NONE',  ( -7.541089098197038432, 31.51731895727887789, 6.999999999999999112 ) ) ;
#2077 = CARTESIAN_POINT ( 'NONE',  ( -1.999999999999993561, 25.97622985908216364, 6.999999999999999112 ) ) ;
#2078 = EDGE_CURVE ( 'NONE', #583, #467, #841, .T. ) ;
#2079 = CARTESIAN_POINT ( 'NONE',  ( -7.328666161965104564, 26.18865279531318535, 4.000000000000000000 ) ) ;
#2080 = LINE ( 'NONE', #2032, #1392 ) ;
#2081 = ORIENTED_EDGE ( 'NONE', *, *, #1384, .T. ) ;
#2082 = ORIENTED_EDGE ( 'NONE', *, *, #431, .T. ) ;
#2083 = VECTOR ( 'NONE', #920, 1000.000000000000000 ) ;
#2084 = AXIS2_PLACEMENT_3D ( 'NONE', #1163, #691, #364 ) ;
#2085 = DIRECTION ( 'NONE',  ( 1.000000000000000000, 0.000000000000000000, 0.000000000000000000 ) ) ;
#2086 = CARTESIAN_POINT ( 'NONE',  ( -21.15000000000009450, 12.36731895727903208, 0.000000000000000000 ) ) ;
#2087 = VECTOR ( 'NONE', #714, 1000.000000000000000 ) ;
#2088 = VECTOR ( 'NONE', #38, 1000.000000000000000 ) ;
#2089 = LINE ( 'NONE', #285, #115 ) ;
#2090 = CARTESIAN_POINT ( 'NONE',  ( 2.000000000000000000, -5.401655608247960316, 0.000000000000000000 ) ) ;
#2091 = ORIENTED_EDGE ( 'NONE', *, *, #2009, .F. ) ;
#2092 = VERTEX_POINT ( 'NONE', #2010 ) ;
#2093 = ADVANCED_FACE ( 'NONE', ( #523 ), #1684, .T. ) ;
#2094 = DIRECTION ( 'NONE',  ( -1.000000000000000000, -0.000000000000000000, -0.000000000000000000 ) ) ;
#2095 = LINE ( 'NONE', #2077, #768 ) ;
#2096 = CARTESIAN_POINT ( 'NONE',  ( -8.187170944975660447, 12.36731895727903385, 2.000000000000000000 ) ) ;
#2097 = DIRECTION ( 'NONE',  ( -1.000000000000000000, 0.000000000000000000, -0.000000000000000000 ) ) ;
#2098 = ORIENTED_EDGE ( 'NONE', *, *, #711, .T. ) ;
#2099 = ORIENTED_EDGE ( 'NONE', *, *, #431, .F. ) ;
#2100 = EDGE_CURVE ( 'NONE', #1355, #994, #1879, .T. ) ;
#2101 = DIRECTION ( 'NONE',  ( -1.249202833881456598E-14, 1.000000000000000000, -1.274696769266792517E-16 ) ) ;
#2102 = PLANE ( 'NONE',  #1730 ) ;
#2103 = DIRECTION ( 'NONE',  ( -1.000000000000000000, 0.000000000000000000, 0.000000000000000000 ) ) ;
#2104 = LINE ( 'NONE', #633, #421 ) ;
#2105 = ORIENTED_EDGE ( 'NONE', *, *, #2127, .F. ) ;
#2106 = ORIENTED_EDGE ( 'NONE', *, *, #116, .T. ) ;
#2107 = VERTEX_POINT ( 'NONE', #37 ) ;
#2108 = ADVANCED_FACE ( 'NONE', ( #370 ), #327, .F. ) ;
#2109 = AXIS2_PLACEMENT_3D ( 'NONE', #301, #1806, #462 ) ;
#2110 = CARTESIAN_POINT ( 'NONE',  ( -21.15000000000009450, 12.36731895727903208, -15.00000000000000000 ) ) ;
#2111 = VECTOR ( 'NONE', #728, 1000.000000000000114 ) ;
#2112 = ADVANCED_FACE ( 'NONE', ( #828 ), #1490, .T. ) ;
#2113 = APPROVAL_ROLE ( '' ) ;
#2114 = CARTESIAN_POINT ( 'NONE',  ( -21.15000000000009450, 12.36731895727903208, -15.00000000000000000 ) ) ;
#2115 = CARTESIAN_POINT ( 'NONE',  ( -31.11094485922395236, 12.36731895727903208, 2.000000000000000000 ) ) ;
#2116 = DIRECTION ( 'NONE',  ( -0.000000000000000000, -0.000000000000000000, 1.000000000000000000 ) ) ;
#2117 = VECTOR ( 'NONE', #1845, 1000.000000000000000 ) ;
#2118 = CARTESIAN_POINT ( 'NONE',  ( 2.000000000000000000, 39.09309400823261882, 7.000000000000048850 ) ) ;
#2119 = VERTEX_POINT ( 'NONE', #238 ) ;
#2120 = VERTEX_POINT ( 'NONE', #1074 ) ;
#2121 = CIRCLE ( 'NONE', #184, 12.96282905502443583 ) ;
#2122 = AXIS2_PLACEMENT_3D ( 'NONE', #2021, #1833, #510 ) ;
#2123 = DIRECTION ( 'NONE',  ( -0.000000000000000000, -0.000000000000000000, -1.000000000000000000 ) ) ;
#2124 = CARTESIAN_POINT ( 'NONE',  ( -34.75891090180301291, -8.782681042720854592, 30.00000000000000000 ) ) ;
#2125 = DIRECTION ( 'NONE',  ( 0.000000000000000000, 0.000000000000000000, -1.000000000000000000 ) ) ;
#2126 = EDGE_CURVE ( 'NONE', #61, #185, #1240, .T. ) ;
#2127 = EDGE_CURVE ( 'NONE', #333, #747, #1637, .T. ) ;
#2128 = DIRECTION ( 'NONE',  ( -1.000000000000000000, -0.000000000000000000, -0.000000000000000000 ) ) ;
#2129 = LINE ( 'NONE', #1641, #531 ) ;
#2130 = PLANE ( 'NONE',  #796 ) ;
#2131 = ORIENTED_EDGE ( 'NONE', *, *, #1689, .F. ) ;
#2132 = ORIENTED_EDGE ( 'NONE', *, *, #752, .F. ) ;
#2133 = FACE_OUTER_BOUND ( 'NONE', #1128, .T. ) ;
#2134 = VERTEX_POINT ( 'NONE', #47 ) ;
#2135 = DIRECTION ( 'NONE',  ( -0.000000000000000000, -0.000000000000000000, -1.000000000000000000 ) ) ;
#2136 = FACE_OUTER_BOUND ( 'NONE', #1841, .T. ) ;
#2137 = DIRECTION ( 'NONE',  ( -0.000000000000000000, 0.000000000000000000, 1.000000000000000000 ) ) ;
#2138 = CARTESIAN_POINT ( 'NONE',  ( -21.15000000000009450, 12.36731895727903208, 2.000000000000000000 ) ) ;
#2139 = CARTESIAN_POINT ( 'NONE',  ( -23.15000000000009450, 12.36731895727903208, -35.00000000000000000 ) ) ;
#2140 = ORIENTED_EDGE ( 'NONE', *, *, #469, .T. ) ;
#2141 = ADVANCED_FACE ( 'NONE', ( #919 ), #1376, .T. ) ;
#2142 = ORIENTED_EDGE ( 'NONE', *, *, #261, .F. ) ;
#2143 = LINE ( 'NONE', #1950, #622 ) ;
#2144 = ORIENTED_EDGE ( 'NONE', *, *, #1348, .T. ) ;
#2145 = CIRCLE ( 'NONE', #481, 12.96282905502443583 ) ;
#2146 = CARTESIAN_POINT ( 'NONE',  ( 2.000000000000000000, 35.59309400823261171, 50.78506780000000020 ) ) ;
#2147 = CARTESIAN_POINT ( 'NONE',  ( -42.29999999999999716, 25.97622985908217075, 30.00000000000000000 ) ) ;
ENDSEC;
END-ISO-10303-21;
