ISO-10303-21;
HEADER;
FILE_DESCRIPTION (( 'STEP AP203' ),
    '1' );
FILE_NAME ('Mouving-Platform_Défaut_sldprt.STEP',
    '2025-05-01T13:41:26',
    ( '' ),
    ( '' ),
    'SwSTEP 2.0',
    'SolidWorks 2022',
    '' );
FILE_SCHEMA (( 'CONFIG_CONTROL_DESIGN' ));
ENDSEC;

DATA;
#1 = VECTOR ( 'NONE', #257, 999.9999999999998863 ) ;
#2 = CARTESIAN_POINT ( 'NONE',  ( -3.212882636612688803, 2.407236089735004470, 17.56903954882624674 ) ) ;
#3 = EDGE_CURVE ( 'NONE', #1444, #881, #1084, .T. ) ;
#4 = DIRECTION ( 'NONE',  ( 1.734723475976807094E-16, -1.000000000000000000, 0.000000000000000000 ) ) ;
#5 = EDGE_CURVE ( 'NONE', #1298, #155, #2158, .T. ) ;
#6 = LINE ( 'NONE', #3535, #3414 ) ;
#7 = CARTESIAN_POINT ( 'NONE',  ( -42.31956400697815468, 17.59785026172221123, 15.00000000000000000 ) ) ;
#8 = PLANE ( 'NONE',  #1656 ) ;
#9 = ORIENTED_EDGE ( 'NONE', *, *, #3386, .F. ) ;
#10 = EDGE_LOOP ( 'NONE', ( #260, #1440, #3317, #1700 ) ) ;
#11 = LINE ( 'NONE', #516, #1162 ) ;
#12 = CARTESIAN_POINT ( 'NONE',  ( -48.40682345157666333, 40.04783652381495074, 11.50000000000000355 ) ) ;
#13 = ORIENTED_EDGE ( 'NONE', *, *, #665, .F. ) ;
#14 = ORIENTED_EDGE ( 'NONE', *, *, #3316, .T. ) ;
#15 = CARTESIAN_POINT ( 'NONE',  ( -3.212882636612688803, 2.407236089735004470, 17.56903954882624674 ) ) ;
#16 = ORIENTED_EDGE ( 'NONE', *, *, #2929, .F. ) ;
#17 = VERTEX_POINT ( 'NONE', #1308 ) ;
#18 = DIRECTION ( 'NONE',  ( 0.4330127018922185211, -0.2500000000000025535, 0.8660254037844382635 ) ) ;
#19 = FACE_OUTER_BOUND ( 'NONE', #3032, .T. ) ;
#20 = CARTESIAN_POINT ( 'NONE',  ( -18.40651900967566590, -46.55028175074130559, 11.49999999999998579 ) ) ;
#21 = LINE ( 'NONE', #3054, #1840 ) ;
#22 = CARTESIAN_POINT ( 'NONE',  ( -9.240292042941387507, -10.05356730124580977, 15.00000000000000000 ) ) ;
#23 = ORIENTED_EDGE ( 'NONE', *, *, #1091, .F. ) ;
#24 = EDGE_LOOP ( 'NONE', ( #132, #1587, #3387, #2963 ) ) ;
#25 = FACE_OUTER_BOUND ( 'NONE', #2567, .T. ) ;
#26 = EDGE_CURVE ( 'NONE', #75, #279, #1887, .T. ) ;
#27 = EDGE_CURVE ( 'NONE', #3096, #1293, #1347, .T. ) ;
#28 = AXIS2_PLACEMENT_3D ( 'NONE', #133, #1496, #952 ) ;
#29 = EDGE_LOOP ( 'NONE', ( #1411, #3341, #1585, #2415 ) ) ;
#30 = VECTOR ( 'NONE', #1223, 1000.000000000000000 ) ;
#31 = EDGE_LOOP ( 'NONE', ( #3465, #3332, #590, #1156 ) ) ;
#32 = DIRECTION ( 'NONE',  ( 2.006337338897160044E-16, -1.000000000000000000, 0.000000000000000000 ) ) ;
#33 = ORIENTED_EDGE ( 'NONE', *, *, #536, .T. ) ;
#34 = VERTEX_POINT ( 'NONE', #2412 ) ;
#35 = VECTOR ( 'NONE', #3299, 1000.000000000000000 ) ;
#36 = EDGE_CURVE ( 'NONE', #2471, #114, #1912, .T. ) ;
#37 = CARTESIAN_POINT ( 'NONE',  ( -56.40682345157674149, 26.19143006326396517, 3.500000000000023981 ) ) ;
#38 = DIRECTION ( 'NONE',  ( -0.000000000000000000, -0.000000000000000000, -1.000000000000000000 ) ) ;
#39 = CC_DESIGN_APPROVAL ( #1596, ( #2573 ) ) ;
#40 = PLANE ( 'NONE',  #2914 ) ;
#41 = CARTESIAN_POINT ( 'NONE',  ( -52.40682345157668465, 37.73843544705647446, 7.499999999999994671 ) ) ;
#42 = CARTESIAN_POINT ( 'NONE',  ( -2.007890314391049369, -30.05356730124580977, 15.00000000000000000 ) ) ;
#43 = CARTESIAN_POINT ( 'NONE',  ( 43.18757532642222685, 21.34305180854165584, 7.500000000000001776 ) ) ;
#44 = DIRECTION ( 'NONE',  ( 1.000000000000000000, 0.000000000000000000, 0.000000000000000000 ) ) ;
#45 = EDGE_LOOP ( 'NONE', ( #2480, #2649, #1391, #2344 ) ) ;
#46 = AXIS2_PLACEMENT_3D ( 'NONE', #2913, #1769, #3460 ) ;
#47 = EDGE_CURVE ( 'NONE', #1561, #334, #2452, .T. ) ;
#48 = CARTESIAN_POINT ( 'NONE',  ( -8.407947782061121700, 16.95777449722326224, 15.00000000000000000 ) ) ;
#49 = VECTOR ( 'NONE', #1994, 1000.000000000000000 ) ;
#50 = ORIENTED_EDGE ( 'NONE', *, *, #2590, .T. ) ;
#51 = EDGE_CURVE ( 'NONE', #3223, #3221, #3026, .T. ) ;
#52 = ORIENTED_EDGE ( 'NONE', *, *, #3308, .T. ) ;
#53 = ADVANCED_FACE ( 'NONE', ( #1289 ), #1642, .T. ) ;
#54 = CARTESIAN_POINT ( 'NONE',  ( 21.10361097518569551, 25.21897335194942258, 15.00000000000000000 ) ) ;
#55 = ORIENTED_EDGE ( 'NONE', *, *, #1988, .F. ) ;
#56 = AXIS2_PLACEMENT_3D ( 'NONE', #836, #1220, #2240 ) ;
#57 = VERTEX_POINT ( 'NONE', #830 ) ;
#58 = DIRECTION ( 'NONE',  ( -3.154042683594195614E-16, 1.000000000000000000, 0.000000000000000000 ) ) ;
#59 = DIRECTION ( 'NONE',  ( -0.000000000000000000, 0.000000000000000000, 1.000000000000000000 ) ) ;
#60 = VECTOR ( 'NONE', #1300, 1000.000000000000000 ) ;
#61 = DIRECTION ( 'NONE',  ( -0.000000000000000000, -0.000000000000000000, -1.000000000000000000 ) ) ;
#62 = DIRECTION ( 'NONE',  ( 1.000000000000000000, 9.251858538542962756E-15, 0.000000000000000000 ) ) ;
#63 = CARTESIAN_POINT ( 'NONE',  ( -42.31956400697815468, 17.59785026172221123, 15.00000000000000000 ) ) ;
#64 = PERSON_AND_ORGANIZATION_ROLE ( 'design_supplier' ) ;
#65 = VECTOR ( 'NONE', #2314, 1000.000000000000114 ) ;
#66 = ORIENTED_EDGE ( 'NONE', *, *, #1995, .T. ) ;
#67 = EDGE_CURVE ( 'NONE', #3487, #1848, #456, .T. ) ;
#68 = LINE ( 'NONE', #2284, #1787 ) ;
#69 = ORIENTED_EDGE ( 'NONE', *, *, #2906, .T. ) ;
#70 = ADVANCED_FACE ( 'NONE', ( #3411 ), #2558, .F. ) ;
#71 = EDGE_LOOP ( 'NONE', ( #695, #2287, #1715, #698 ) ) ;
#72 = DIRECTION ( 'NONE',  ( 1.737539104046209324E-16, -0.8660254037844387076, -0.5000000000000000000 ) ) ;
#73 = VERTEX_POINT ( 'NONE', #1765 ) ;
#74 = ADVANCED_FACE ( 'NONE', ( #3154 ), #122, .T. ) ;
#75 = VERTEX_POINT ( 'NONE', #554 ) ;
#76 = CARTESIAN_POINT ( 'NONE',  ( -5.657947782061248709, 10.17225903000230680, -1.000000000000004441 ) ) ;
#77 = CARTESIAN_POINT ( 'NONE',  ( -11.15794778206124782, 10.17225903000230502, 20.00000000000000000 ) ) ;
#78 = LINE ( 'NONE', #1147, #804 ) ;
#79 = CARTESIAN_POINT ( 'NONE',  ( -0.9597983124216160622, -1.662419442133087344, 15.00000000000000000 ) ) ;
#80 = CARTESIAN_POINT ( 'NONE',  ( -40.31956400697813336, 21.06195187685996473, 0.000000000000000000 ) ) ;
#81 = DIRECTION ( 'NONE',  ( 0.4330127018922174664, -0.2500000000000022760, -0.8660254037844388186 ) ) ;
#82 = ORIENTED_EDGE ( 'NONE', *, *, #1729, .T. ) ;
#83 = EDGE_CURVE ( 'NONE', #17, #370, #2328, .T. ) ;
#84 = DIRECTION ( 'NONE',  ( 0.8660254037844387076, -0.5000000000000001110, 0.000000000000000000 ) ) ;
#85 = VERTEX_POINT ( 'NONE', #80 ) ;
#86 = VERTEX_POINT ( 'NONE', #3143 ) ;
#87 = CARTESIAN_POINT ( 'NONE',  ( 37.99142290371557351, 18.34305180854170203, 7.500000000000001776 ) ) ;
#88 = ORIENTED_EDGE ( 'NONE', *, *, #2281, .T. ) ;
#89 = DIRECTION ( 'NONE',  ( 0.7499999999999977796, -0.4330127018922226290, -0.5000000000000004441 ) ) ;
#90 = CARTESIAN_POINT ( 'NONE',  ( -21.38285506701422278, 13.86129388902119430, 15.00000000000000000 ) ) ;
#91 = PLANE ( 'NONE',  #1832 ) ;
#92 = VECTOR ( 'NONE', #1864, 1000.000000000000000 ) ;
#93 = CYLINDRICAL_SURFACE ( 'NONE', #458, 2.999999999999995559 ) ;
#94 = DIRECTION ( 'NONE',  ( 1.000000000000000000, 0.000000000000000000, -0.000000000000000000 ) ) ;
#95 = DATE_AND_TIME ( #2012, #2224 ) ;
#96 = DIRECTION ( 'NONE',  ( 0.000000000000000000, 0.000000000000000000, -1.000000000000000000 ) ) ;
#97 = EDGE_CURVE ( 'NONE', #771, #2545, #282, .T. ) ;
#98 = ORIENTED_EDGE ( 'NONE', *, *, #2042, .F. ) ;
#99 = LINE ( 'NONE', #1204, #2716 ) ;
#100 = VECTOR ( 'NONE', #3555, 1000.000000000000000 ) ;
#101 = ORIENTED_EDGE ( 'NONE', *, *, #3262, .F. ) ;
#102 = EDGE_CURVE ( 'NONE', #263, #871, #377, .T. ) ;
#103 = CIRCLE ( 'NONE', #2239, 2.999999999999995559 ) ;
#104 = CARTESIAN_POINT ( 'NONE',  ( -15.33615101233675837, 5.409119309187894409, 20.00000000000000000 ) ) ;
#105 = AXIS2_PLACEMENT_3D ( 'NONE', #443, #1819, #2026 ) ;
#106 = LINE ( 'NONE', #927, #2917 ) ;
#107 = EDGE_CURVE ( 'NONE', #114, #73, #942, .T. ) ;
#108 = CARTESIAN_POINT ( 'NONE',  ( -2.406519009675666787, -41.89288743302087425, 11.47746917948213863 ) ) ;
#109 = DIRECTION ( 'NONE',  ( -1.000000000000000000, -2.006337338897160044E-16, -0.000000000000000000 ) ) ;
#110 = DIRECTION ( 'NONE',  ( 1.000000000000000000, 0.000000000000000000, 0.000000000000000000 ) ) ;
#111 = PLANE ( 'NONE',  #3119 ) ;
#112 = CARTESIAN_POINT ( 'NONE',  ( 1.590623445553144055, -0.3635584805870388236, 15.00000000000000000 ) ) ;
#113 = VECTOR ( 'NONE', #2171, 999.9999999999998863 ) ;
#114 = VERTEX_POINT ( 'NONE', #1752 ) ;
#115 = DIRECTION ( 'NONE',  ( -0.8660254037844429265, -0.4999999999999924505, 0.000000000000000000 ) ) ;
#116 = EDGE_LOOP ( 'NONE', ( #835, #1894, #3557, #33 ) ) ;
#117 = VERTEX_POINT ( 'NONE', #3395 ) ;
#118 = ADVANCED_FACE ( 'NONE', ( #364 ), #2588, .T. ) ;
#119 = ORIENTED_EDGE ( 'NONE', *, *, #704, .F. ) ;
#120 = CARTESIAN_POINT ( 'NONE',  ( -14.40651900967566945, -39.62207852046581280, 7.499999999999999112 ) ) ;
#121 = FACE_OUTER_BOUND ( 'NONE', #2206, .T. ) ;
#122 = CYLINDRICAL_SURFACE ( 'NONE', #2726, 3.000000000000001776 ) ;
#123 = CARTESIAN_POINT ( 'NONE',  ( -2.907947782061249598, 5.409119309187894409, -1.000000000000004441 ) ) ;
#124 = DIRECTION ( 'NONE',  ( 0.000000000000000000, -0.000000000000000000, -1.000000000000000000 ) ) ;
#125 = LINE ( 'NONE', #3251, #1678 ) ;
#126 = VERTEX_POINT ( 'NONE', #1457 ) ;
#127 = EDGE_CURVE ( 'NONE', #3588, #3538, #913, .T. ) ;
#128 = DIRECTION ( 'NONE',  ( -8.131516293641332559E-17, -4.694733121053554796E-17, -1.000000000000000000 ) ) ;
#129 = ORIENTED_EDGE ( 'NONE', *, *, #1796, .T. ) ;
#130 = ADVANCED_FACE ( 'NONE', ( #1742 ), #2264, .F. ) ;
#131 = LINE ( 'NONE', #893, #518 ) ;
#132 = ORIENTED_EDGE ( 'NONE', *, *, #1756, .F. ) ;
#133 = CARTESIAN_POINT ( 'NONE',  ( -15.40651900967566590, -52.24088067398282220, 0.000000000000000000 ) ) ;
#134 = EDGE_CURVE ( 'NONE', #1047, #2471, #3111, .T. ) ;
#135 = ORIENTED_EDGE ( 'NONE', *, *, #3189, .F. ) ;
#136 = DIRECTION ( 'NONE',  ( 0.5000000000000038858, 0.8660254037844363761, -0.000000000000000000 ) ) ;
#137 = LINE ( 'NONE', #2608, #3289 ) ;
#138 = VECTOR ( 'NONE', #1874, 1000.000000000000000 ) ;
#139 = CARTESIAN_POINT ( 'NONE',  ( -2.406519009675669007, -1.764118443531079308E-16, -4.391315565010589907E-17 ) ) ;
#140 = CARTESIAN_POINT ( 'NONE',  ( -14.10518748202598616, 7.541210685950502146, 17.56903954882624674 ) ) ;
#141 = FACE_OUTER_BOUND ( 'NONE', #2542, .T. ) ;
#142 = EDGE_LOOP ( 'NONE', ( #2235, #2050 ) ) ;
#143 = EDGE_CURVE ( 'NONE', #2163, #2733, #1929, .T. ) ;
#144 = FACE_OUTER_BOUND ( 'NONE', #1567, .T. ) ;
#145 = DIRECTION ( 'NONE',  ( -0.7500000000000037748, -0.4330127018922126370, 0.5000000000000001110 ) ) ;
#146 = VERTEX_POINT ( 'NONE', #896 ) ;
#147 = ORIENTED_EDGE ( 'NONE', *, *, #2800, .F. ) ;
#148 = EDGE_CURVE ( 'NONE', #1190, #2307, #3425, .T. ) ;
#149 = VECTOR ( 'NONE', #3196, 1000.000000000000000 ) ;
#150 = ADVANCED_FACE ( 'NONE', ( #2878 ), #93, .T. ) ;
#151 = DIRECTION ( 'NONE',  ( 0.8660254037844363761, -0.5000000000000041078, 0.000000000000000000 ) ) ;
#152 = VERTEX_POINT ( 'NONE', #1724 ) ;
#153 = DIRECTION ( 'NONE',  ( 0.000000000000000000, 0.4999999999999998890, 0.8660254037844385966 ) ) ;
#154 = AXIS2_PLACEMENT_3D ( 'NONE', #1296, #191, #1076 ) ;
#155 = VERTEX_POINT ( 'NONE', #2027 ) ;
#156 = FACE_OUTER_BOUND ( 'NONE', #3181, .T. ) ;
#157 = VECTOR ( 'NONE', #2742, 1000.000000000000000 ) ;
#158 = DIRECTION ( 'NONE',  ( 1.000000000000000000, 4.336808689942017736E-17, -0.000000000000000000 ) ) ;
#159 = CARTESIAN_POINT ( 'NONE',  ( -13.90794778206124604, 5.409119309187896185, -1.000000000000004441 ) ) ;
#160 = DIRECTION ( 'NONE',  ( 0.8660254037844432595, 0.4999999999999920064, 0.000000000000000000 ) ) ;
#161 = DIRECTION ( 'NONE',  ( 0.000000000000000000, -0.000000000000000000, 1.000000000000000000 ) ) ;
#162 = VECTOR ( 'NONE', #2853, 1000.000000000000114 ) ;
#163 = EDGE_LOOP ( 'NONE', ( #318, #587, #1326, #2527 ) ) ;
#164 = PLANE ( 'NONE',  #330 ) ;
#165 = LINE ( 'NONE', #1869, #3016 ) ;
#166 = CIRCLE ( 'NONE', #687, 2.999999999999999556 ) ;
#167 = ORIENTED_EDGE ( 'NONE', *, *, #2371, .F. ) ;
#168 = ORIENTED_EDGE ( 'NONE', *, *, #2257, .F. ) ;
#169 = AXIS2_PLACEMENT_3D ( 'NONE', #2260, #2797, #306 ) ;
#170 = CARTESIAN_POINT ( 'NONE',  ( 22.71981183946083505, 22.41963133978808997, 15.00000000000000000 ) ) ;
#171 = ORIENTED_EDGE ( 'NONE', *, *, #1396, .F. ) ;
#172 = CARTESIAN_POINT ( 'NONE',  ( -11.15794778206124782, 10.17225903000230502, -1.000000000000004441 ) ) ;
#173 = ORIENTED_EDGE ( 'NONE', *, *, #2077, .F. ) ;
#174 = DIRECTION ( 'NONE',  ( 4.878909776184769953E-15, 2.816839872632115128E-15, 1.000000000000000000 ) ) ;
#175 = DIRECTION ( 'NONE',  ( -0.5000000000000034417, -0.8660254037844367092, 0.000000000000000000 ) ) ;
#176 = EDGE_CURVE ( 'NONE', #2099, #424, #2836, .T. ) ;
#177 = VERTEX_POINT ( 'NONE', #3170 ) ;
#178 = CARTESIAN_POINT ( 'NONE',  ( 48.56069725533470205, 28.03653163240282353, 15.00000000000000000 ) ) ;
#179 = DIRECTION ( 'NONE',  ( -0.4999999999999996114, -0.8660254037844389297, 0.000000000000000000 ) ) ;
#180 = CARTESIAN_POINT ( 'NONE',  ( -11.87204939719900132, -0.5908806908121062573, 15.00000000000000000 ) ) ;
#181 = ORIENTED_EDGE ( 'NONE', *, *, #2824, .T. ) ;
#182 = CARTESIAN_POINT ( 'NONE',  ( 35.58949911506893216, 23.88450369286909591, 3.499999999999989342 ) ) ;
#183 = CARTESIAN_POINT ( 'NONE',  ( -14.10518748202598616, 7.541210685950502146, 17.56903954882624674 ) ) ;
#184 = VERTEX_POINT ( 'NONE', #2056 ) ;
#185 = ADVANCED_FACE ( 'NONE', ( #684, #1784 ), #2893, .F. ) ;
#186 = PLANE ( 'NONE',  #1736 ) ;
#187 = ORIENTED_EDGE ( 'NONE', *, *, #1695, .F. ) ;
#188 = DIRECTION ( 'NONE',  ( 0.4999999999999916178, -0.8660254037844433705, 0.000000000000000000 ) ) ;
#189 = ORIENTED_EDGE ( 'NONE', *, *, #2326, .T. ) ;
#190 = CARTESIAN_POINT ( 'NONE',  ( -4.943846166923495211, 11.40911930918789885, 20.00000000000000000 ) ) ;
#191 = DIRECTION ( 'NONE',  ( 0.4999999999845254894, -0.8660254037933728943, 0.000000000000000000 ) ) ;
#192 = VERTEX_POINT ( 'NONE', #1719 ) ;
#193 = VECTOR ( 'NONE', #2502, 1000.000000000000000 ) ;
#194 = DIRECTION ( 'NONE',  ( -4.694733121053634299E-17, 0.5083554486468028211, 0.8611473380502943087 ) ) ;
#195 = CARTESIAN_POINT ( 'NONE',  ( -60.40682345157674149, 23.88202898650547823, 7.500000000000004441 ) ) ;
#196 = CARTESIAN_POINT ( 'NONE',  ( 31.58949911506911334, 40.05031123017867145, 3.499999999999961808 ) ) ;
#197 = VECTOR ( 'NONE', #1646, 1000.000000000000000 ) ;
#198 = VERTEX_POINT ( 'NONE', #2290 ) ;
#199 = CARTESIAN_POINT ( 'NONE',  ( -14.40651900967566590, -46.55028175074131980, 3.500000000000002665 ) ) ;
#200 = DIRECTION ( 'NONE',  ( 0.5547001962252272600, 0.000000000000000000, 0.8320502943378449423 ) ) ;
#201 = DIRECTION ( 'NONE',  ( 0.4999999999999922839, -0.8660254037844431485, -0.000000000000000000 ) ) ;
#202 = CARTESIAN_POINT ( 'NONE',  ( -18.40651900967567656, -0.3635584805869451208, 0.000000000000000000 ) ) ;
#203 = ORIENTED_EDGE ( 'NONE', *, *, #3033, .F. ) ;
#204 = EDGE_CURVE ( 'NONE', #1871, #198, #2310, .T. ) ;
#205 = LINE ( 'NONE', #2378, #664 ) ;
#206 = ORIENTED_EDGE ( 'NONE', *, *, #1995, .F. ) ;
#207 = AXIS2_PLACEMENT_3D ( 'NONE', #2428, #1883, #808 ) ;
#208 = DIRECTION ( 'NONE',  ( -1.000000000000000000, 0.000000000000000000, 0.000000000000000000 ) ) ;
#209 = VECTOR ( 'NONE', #3426, 1000.000000000000114 ) ;
#210 = PLANE ( 'NONE',  #278 ) ;
#211 = EDGE_LOOP ( 'NONE', ( #3523, #1344, #3421, #2288 ) ) ;
#212 = AXIS2_PLACEMENT_3D ( 'NONE', #2506, #1707, #3055 ) ;
#213 = LINE ( 'NONE', #2403, #1390 ) ;
#214 = LINE ( 'NONE', #1321, #344 ) ;
#215 = DIRECTION ( 'NONE',  ( 1.084202172485504434E-16, -1.000000000000000000, 0.000000000000000000 ) ) ;
#216 = VECTOR ( 'NONE', #1956, 1000.000000000000000 ) ;
#217 = EDGE_CURVE ( 'NONE', #2656, #2476, #1193, .T. ) ;
#218 = ORIENTED_EDGE ( 'NONE', *, *, #2358, .F. ) ;
#219 = LINE ( 'NONE', #1327, #1605 ) ;
#220 = DIRECTION ( 'NONE',  ( -0.000000000000000000, -0.000000000000000000, -1.000000000000000000 ) ) ;
#221 = ORIENTED_EDGE ( 'NONE', *, *, #696, .F. ) ;
#222 = VECTOR ( 'NONE', #2996, 1000.000000000000114 ) ;
#223 = ORIENTED_EDGE ( 'NONE', *, *, #3570, .F. ) ;
#224 = AXIS2_PLACEMENT_3D ( 'NONE', #3344, #1624, #2492 ) ;
#225 = CARTESIAN_POINT ( 'NONE',  ( 39.58949911506894637, 26.19390476962756154, 3.499999999999988898 ) ) ;
#226 = ORIENTED_EDGE ( 'NONE', *, *, #2033, .F. ) ;
#227 = CARTESIAN_POINT ( 'NONE',  ( 40.61577855669793991, 41.79753448044598940, 15.00000000000000000 ) ) ;
#228 = VECTOR ( 'NONE', #2279, 1000.000000000000000 ) ;
#229 = EDGE_CURVE ( 'NONE', #1356, #794, #359, .T. ) ;
#230 = VERTEX_POINT ( 'NONE', #1466 ) ;
#231 = LINE ( 'NONE', #1612, #1610 ) ;
#232 = AXIS2_PLACEMENT_3D ( 'NONE', #1474, #84, #3146 ) ;
#233 = CARTESIAN_POINT ( 'NONE',  ( -40.31956400697813336, 21.06195187685996473, 15.00000000000000000 ) ) ;
#234 = DIRECTION ( 'NONE',  ( -0.000000000000000000, -0.000000000000000000, -1.000000000000000000 ) ) ;
#235 = CARTESIAN_POINT ( 'NONE',  ( -5.657947782061249598, 0.6459795883734815725, -1.000000000000004441 ) ) ;
#236 = DIRECTION ( 'NONE',  ( 0.5000000000000035527, 0.8660254037844365982, 0.000000000000000000 ) ) ;
#237 = DIRECTION ( 'NONE',  ( 1.000000000000000000, 0.000000000000000000, 0.000000000000000000 ) ) ;
#238 = VERTEX_POINT ( 'NONE', #595 ) ;
#239 = ORIENTED_EDGE ( 'NONE', *, *, #3552, .F. ) ;
#240 = CARTESIAN_POINT ( 'NONE',  ( -2.907947782061249598, 5.409119309187894409, -1.000000000000004441 ) ) ;
#241 = ORIENTED_EDGE ( 'NONE', *, *, #36, .F. ) ;
#242 = ORIENTED_EDGE ( 'NONE', *, *, #393, .F. ) ;
#243 = EDGE_CURVE ( 'NONE', #184, #3227, #1737, .T. ) ;
#244 = EDGE_CURVE ( 'NONE', #3272, #2656, #1501, .T. ) ;
#245 = DIRECTION ( 'NONE',  ( 0.5000000000000038858, 0.8660254037844363761, -0.000000000000000000 ) ) ;
#246 = VERTEX_POINT ( 'NONE', #3356 ) ;
#247 = CARTESIAN_POINT ( 'NONE',  ( -14.40651900967566590, -46.55028175074131980, 3.500000000000002665 ) ) ;
#248 = ORIENTED_EDGE ( 'NONE', *, *, #2351, .F. ) ;
#249 = CYLINDRICAL_SURFACE ( 'NONE', #2479, 2.999999999999999556 ) ;
#250 = LINE ( 'NONE', #3035, #372 ) ;
#251 = EDGE_CURVE ( 'NONE', #1318, #2777, #2569, .T. ) ;
#252 = DIRECTION ( 'NONE',  ( -0.5547001962252297025, 0.000000000000000000, 0.8320502943378432770 ) ) ;
#253 = CARTESIAN_POINT ( 'NONE',  ( 35.58949911506908848, 37.74091015342015254, 7.499999999999976907 ) ) ;
#254 = LINE ( 'NONE', #1323, #1309 ) ;
#255 = EDGE_LOOP ( 'NONE', ( #1640, #1365, #3315, #2252, #2491, #3147 ) ) ;
#256 = AXIS2_PLACEMENT_3D ( 'NONE', #1750, #2620, #2638 ) ;
#257 = DIRECTION ( 'NONE',  ( -0.8660254037933728943, -0.4999999999845256005, 0.000000000000000000 ) ) ;
#258 = CARTESIAN_POINT ( 'NONE',  ( 27.58949911506899966, 33.12210799990318577, 7.500000000000020428 ) ) ;
#259 = ADVANCED_FACE ( 'NONE', ( #2862 ), #1974, .F. ) ;
#260 = ORIENTED_EDGE ( 'NONE', *, *, #2192, .T. ) ;
#261 = ORIENTED_EDGE ( 'NONE', *, *, #47, .T. ) ;
#262 = AXIS2_PLACEMENT_3D ( 'NONE', #15, #302, #1933 ) ;
#263 = VERTEX_POINT ( 'NONE', #3088 ) ;
#264 = EDGE_CURVE ( 'NONE', #177, #1073, #3123, .T. ) ;
#265 = DIRECTION ( 'NONE',  ( -0.4330127018922176330, 0.2500000000000021094, 0.8660254037844389297 ) ) ;
#266 = ADVANCED_FACE ( 'NONE', ( #2850 ), #3406, .F. ) ;
#267 = ORIENTED_EDGE ( 'NONE', *, *, #3354, .F. ) ;
#268 = ADVANCED_FACE ( 'NONE', ( #2023 ), #926, .F. ) ;
#269 = DIRECTION ( 'NONE',  ( 1.945223770929958834E-11, 1.000000000000000000, 0.000000000000000000 ) ) ;
#270 = FACE_BOUND ( 'NONE', #2826, .T. ) ;
#271 = CARTESIAN_POINT ( 'NONE',  ( -2.406519009675666787, -39.62229470130068165, 7.455312795153860250 ) ) ;
#272 = DIRECTION ( 'NONE',  ( -0.000000000000000000, -0.000000000000000000, 1.000000000000000000 ) ) ;
#273 = VECTOR ( 'NONE', #1306, 999.9999999999998863 ) ;
#274 = ORIENTED_EDGE ( 'NONE', *, *, #3454, .T. ) ;
#275 = DIRECTION ( 'NONE',  ( 1.000000000000000000, 0.000000000000000000, 0.000000000000000000 ) ) ;
#276 = DIRECTION ( 'NONE',  ( 1.000000000000000000, 0.000000000000000000, 0.000000000000000000 ) ) ;
#277 = ORIENTED_EDGE ( 'NONE', *, *, #3189, .T. ) ;
#278 = AXIS2_PLACEMENT_3D ( 'NONE', #2423, #3283, #2465 ) ;
#279 = VERTEX_POINT ( 'NONE', #1413 ) ;
#280 = LINE ( 'NONE', #1346, #1106 ) ;
#281 = VECTOR ( 'NONE', #2129, 1000.000000000000000 ) ;
#282 = LINE ( 'NONE', #2854, #2138 ) ;
#283 = ORIENTED_EDGE ( 'NONE', *, *, #1518, .F. ) ;
#284 = VERTEX_POINT ( 'NONE', #1701 ) ;
#285 = LINE ( 'NONE', #2207, #1081 ) ;
#286 = ORIENTED_EDGE ( 'NONE', *, *, #102, .F. ) ;
#287 = VECTOR ( 'NONE', #1690, 1000.000000000000114 ) ;
#288 = ORIENTED_EDGE ( 'NONE', *, *, #204, .T. ) ;
#289 = LINE ( 'NONE', #2034, #2712 ) ;
#290 = VECTOR ( 'NONE', #4, 1000.000000000000000 ) ;
#291 = DIRECTION ( 'NONE',  ( -0.000000000000000000, -0.000000000000000000, -1.000000000000000000 ) ) ;
#292 = EDGE_CURVE ( 'NONE', #2741, #762, #1208, .T. ) ;
#293 = LINE ( 'NONE', #2834, #1955 ) ;
#294 = CARTESIAN_POINT ( 'NONE',  ( -58.40682345157674860, 22.72732844812621877, 11.50000000000000355 ) ) ;
#295 = EDGE_CURVE ( 'NONE', #387, #1102, #853, .T. ) ;
#296 = VERTEX_POINT ( 'NONE', #3068 ) ;
#297 = DIRECTION ( 'NONE',  ( -1.000000000000000000, -3.154042683594196107E-16, 0.000000000000000000 ) ) ;
#298 = ORIENTED_EDGE ( 'NONE', *, *, #799, .T. ) ;
#299 = DIRECTION ( 'NONE',  ( 0.000000000000000000, 0.4999999999999995559, 0.8660254037844389297 ) ) ;
#300 = ORIENTED_EDGE ( 'NONE', *, *, #2673, .F. ) ;
#301 = ORIENTED_EDGE ( 'NONE', *, *, #51, .T. ) ;
#302 = DIRECTION ( 'NONE',  ( 0.8660254037844417052, -0.4999999999999949485, 0.000000000000000000 ) ) ;
#303 = ORIENTED_EDGE ( 'NONE', *, *, #3210, .F. ) ;
#304 = ORIENTED_EDGE ( 'NONE', *, *, #244, .F. ) ;
#305 = CARTESIAN_POINT ( 'NONE',  ( -18.40937655444684751, -0.3652082848297367179, 15.00000000000000000 ) ) ;
#306 = DIRECTION ( 'NONE',  ( -0.8660254037844431485, -0.4999999999999921729, 0.000000000000000000 ) ) ;
#307 = PLANE ( 'NONE',  #3104 ) ;
#308 = ADVANCED_FACE ( 'NONE', ( #580, #2516 ), #2241, .F. ) ;
#309 = FACE_BOUND ( 'NONE', #2856, .T. ) ;
#310 = CARTESIAN_POINT ( 'NONE',  ( 7.399303763771933440, 8.955529724650471479, 0.000000000000000000 ) ) ;
#311 = LINE ( 'NONE', #43, #1768 ) ;
#312 = PERSON_AND_ORGANIZATION_ROLE ( 'design_owner' ) ;
#313 = ADVANCED_FACE ( 'NONE', ( #1142 ), #873, .F. ) ;
#314 = VERTEX_POINT ( 'NONE', #933 ) ;
#315 = EDGE_CURVE ( 'NONE', #2356, #1139, #2302, .T. ) ;
#316 = CYLINDRICAL_SURFACE ( 'NONE', #224, 3.000000000000002665 ) ;
#317 = ORIENTED_EDGE ( 'NONE', *, *, #1126, .F. ) ;
#318 = ORIENTED_EDGE ( 'NONE', *, *, #409, .T. ) ;
#319 = DIRECTION ( 'NONE',  ( -0.4999999999999920064, 0.8660254037844431485, 0.000000000000000000 ) ) ;
#320 = VERTEX_POINT ( 'NONE', #3097 ) ;
#321 = ORIENTED_EDGE ( 'NONE', *, *, #1279, .F. ) ;
#322 = VECTOR ( 'NONE', #1682, 1000.000000000000000 ) ;
#323 = CARTESIAN_POINT ( 'NONE',  ( -7.644233046279094168, 13.24020002105268645, 15.00000000000000000 ) ) ;
#324 = FACE_BOUND ( 'NONE', #2616, .T. ) ;
#325 = DIRECTION ( 'NONE',  ( 0.000000000000000000, -0.5083554486468020439, -0.8611473380502947528 ) ) ;
#326 = DIRECTION ( 'NONE',  ( 0.5547001962252279261, 0.000000000000000000, -0.8320502943378444982 ) ) ;
#327 = LINE ( 'NONE', #1725, #1771 ) ;
#328 = APPLICATION_PROTOCOL_DEFINITION ( 'international standard', 'config_control_design', 1994, #1054 ) ;
#329 = VERTEX_POINT ( 'NONE', #2031 ) ;
#330 = AXIS2_PLACEMENT_3D ( 'NONE', #182, #128, #1287 ) ;
#331 = CARTESIAN_POINT ( 'NONE',  ( -40.31956400697813336, 21.06195187685996473, 15.00000000000000000 ) ) ;
#332 = ADVANCED_FACE ( 'NONE', ( #2015, #1218 ), #380, .F. ) ;
#333 = AXIS2_PLACEMENT_3D ( 'NONE', #2642, #158, #1261 ) ;
#334 = VERTEX_POINT ( 'NONE', #367 ) ;
#335 = EDGE_CURVE ( 'NONE', #279, #2743, #68, .T. ) ;
#336 = VECTOR ( 'NONE', #616, 1000.000000000000000 ) ;
#337 = EDGE_LOOP ( 'NONE', ( #405, #460, #1552, #241, #1066, #2964 ) ) ;
#338 = DIRECTION ( 'NONE',  ( 0.4999999999999996114, 0.8660254037844388186, 0.000000000000000000 ) ) ;
#339 = ORIENTED_EDGE ( 'NONE', *, *, #412, .T. ) ;
#340 = ORIENTED_EDGE ( 'NONE', *, *, #1914, .F. ) ;
#341 = DIRECTION ( 'NONE',  ( 0.8660254037844385966, 0.5000000000000001110, -0.000000000000000000 ) ) ;
#342 = CARTESIAN_POINT ( 'NONE',  ( 45.01770234534448889, 28.17317882746382551, 15.00000000000000000 ) ) ;
#343 = ADVANCED_FACE ( 'NONE', ( #921 ), #1173, .T. ) ;
#344 = VECTOR ( 'NONE', #1469, 1000.000000000000114 ) ;
#345 = EDGE_CURVE ( 'NONE', #1172, #1254, #1462, .T. ) ;
#346 = DIRECTION ( 'NONE',  ( 4.694733121053641694E-17, -0.9999531954763021258, 0.009675063655219471800 ) ) ;
#347 = AXIS2_PLACEMENT_3D ( 'NONE', #2101, #1828, #3216 ) ;
#348 = PLANE ( 'NONE',  #2306 ) ;
#349 = DIRECTION ( 'NONE',  ( 4.694733121053628136E-17, -0.4915977468294984720, 0.8708224017055143928 ) ) ;
#350 = CARTESIAN_POINT ( 'NONE',  ( -14.40651900967566945, -41.93147959722431040, 3.500000000000003109 ) ) ;
#351 = COORDINATED_UNIVERSAL_TIME_OFFSET ( 1, 0, .AHEAD. ) ;
#352 = VECTOR ( 'NONE', #3561, 1000.000000000000000 ) ;
#353 = ORIENTED_EDGE ( 'NONE', *, *, #3391, .F. ) ;
#354 = PLANE ( 'NONE',  #2429 ) ;
#355 = EDGE_LOOP ( 'NONE', ( #1985, #2737, #1866, #1331 ) ) ;
#356 = ORIENTED_EDGE ( 'NONE', *, *, #781, .T. ) ;
#357 = PLANE ( 'NONE',  #2107 ) ;
#358 = EDGE_CURVE ( 'NONE', #1190, #964, #2250, .T. ) ;
#359 = LINE ( 'NONE', #374, #2846 ) ;
#360 = LINE ( 'NONE', #1738, #2983 ) ;
#361 = CARTESIAN_POINT ( 'NONE',  ( 34.18757532642236896, 36.93150907666164073, 7.500000000000001776 ) ) ;
#362 = DIRECTION ( 'NONE',  ( 0.000000000000000000, 0.000000000000000000, 1.000000000000000000 ) ) ;
#363 = ADVANCED_FACE ( 'NONE', ( #1998 ), #354, .F. ) ;
#364 = FACE_OUTER_BOUND ( 'NONE', #2750, .T. ) ;
#365 = LINE ( 'NONE', #2786, #2934 ) ;
#366 = ORIENTED_EDGE ( 'NONE', *, *, #995, .T. ) ;
#367 = CARTESIAN_POINT ( 'NONE',  ( -2.007890314391049369, -30.05356730124580977, 0.000000000000000000 ) ) ;
#368 = ORIENTED_EDGE ( 'NONE', *, *, #1914, .T. ) ;
#369 = DIRECTION ( 'NONE',  ( -1.000000000000000000, -4.668289073721209109E-17, 2.755800409088531394E-17 ) ) ;
#370 = VERTEX_POINT ( 'NONE', #3158 ) ;
#371 = EDGE_CURVE ( 'NONE', #2715, #85, #3428, .T. ) ;
#372 = VECTOR ( 'NONE', #2110, 1000.000000000000000 ) ;
#373 = ADVANCED_FACE ( 'NONE', ( #3384 ), #1504, .F. ) ;
#374 = CARTESIAN_POINT ( 'NONE',  ( -36.40651900967567656, -47.24088067398282931, 7.500000000000000000 ) ) ;
#375 = DIRECTION ( 'NONE',  ( -4.694733121053633682E-17, 0.9999531954763020147, -0.009675063655219830888 ) ) ;
#376 = LINE ( 'NONE', #2865, #2063 ) ;
#377 = LINE ( 'NONE', #2770, #228 ) ;
#378 = FACE_OUTER_BOUND ( 'NONE', #1489, .T. ) ;
#379 = LINE ( 'NONE', #1263, #3575 ) ;
#380 = PLANE ( 'NONE',  #232 ) ;
#381 = ORIENTED_EDGE ( 'NONE', *, *, #649, .T. ) ;
#382 = DIRECTION ( 'NONE',  ( 1.000000000000000000, 6.270003582906079530E-17, -0.000000000000000000 ) ) ;
#383 = VECTOR ( 'NONE', #1269, 1000.000000000000000 ) ;
#384 = ORIENTED_EDGE ( 'NONE', *, *, #3316, .F. ) ;
#385 = EDGE_LOOP ( 'NONE', ( #2550, #167, #1011, #3198 ) ) ;
#386 = VECTOR ( 'NONE', #3531, 999.9999999999998863 ) ;
#387 = VERTEX_POINT ( 'NONE', #1442 ) ;
#388 = DIRECTION ( 'NONE',  ( 0.000000000000000000, 1.000000000000000000, 9.389466242107237782E-17 ) ) ;
#389 = CARTESIAN_POINT ( 'NONE',  ( -52.40682345157668465, 37.73843544705647446, 7.499999999999994671 ) ) ;
#390 = AXIS2_PLACEMENT_3D ( 'NONE', #978, #2082, #3174 ) ;
#391 = CARTESIAN_POINT ( 'NONE',  ( -61.83502668185223428, 28.17070412110029665, 15.00000000000000000 ) ) ;
#392 = CARTESIAN_POINT ( 'NONE',  ( -14.40651900967566590, -46.55028175074131980, 3.500000000000002665 ) ) ;
#393 = EDGE_CURVE ( 'NONE', #789, #1444, #645, .T. ) ;
#394 = VECTOR ( 'NONE', #795, 1000.000000000000227 ) ;
#395 = DIRECTION ( 'NONE',  ( 1.000000000000000000, 9.251858538542962756E-15, 0.000000000000000000 ) ) ;
#396 = ADVANCED_FACE ( 'NONE', ( #656 ), #900, .F. ) ;
#397 = DIRECTION ( 'NONE',  ( -1.000000000000000000, 0.000000000000000000, 0.000000000000000000 ) ) ;
#398 = AXIS2_PLACEMENT_3D ( 'NONE', #76, #58, #2553 ) ;
#399 = ORIENTED_EDGE ( 'NONE', *, *, #315, .F. ) ;
#400 = VECTOR ( 'NONE', #1712, 1000.000000000000000 ) ;
#401 = CARTESIAN_POINT ( 'NONE',  ( -54.40682345157679833, 20.41792737136771763, 11.50000000000000355 ) ) ;
#402 = ORIENTED_EDGE ( 'NONE', *, *, #1461, .T. ) ;
#403 = EDGE_CURVE ( 'NONE', #2385, #871, #2857, .T. ) ;
#404 = VERTEX_POINT ( 'NONE', #112 ) ;
#405 = ORIENTED_EDGE ( 'NONE', *, *, #67, .F. ) ;
#406 = DIRECTION ( 'NONE',  ( -0.000000000000000000, -0.000000000000000000, -1.000000000000000000 ) ) ;
#407 = LINE ( 'NONE', #1294, #281 ) ;
#408 = LINE ( 'NONE', #1767, #209 ) ;
#409 = EDGE_CURVE ( 'NONE', #831, #1495, #2317, .T. ) ;
#410 = DIRECTION ( 'NONE',  ( 0.000000000000000000, -0.000000000000000000, 1.000000000000000000 ) ) ;
#411 = FACE_OUTER_BOUND ( 'NONE', #3398, .T. ) ;
#412 = EDGE_CURVE ( 'NONE', #1824, #1219, #3012, .T. ) ;
#413 = DIRECTION ( 'NONE',  ( -0.8660254037844428154, -0.4999999999999926725, 5.445890420422168134E-15 ) ) ;
#414 = ORIENTED_EDGE ( 'NONE', *, *, #1789, .F. ) ;
#415 = EDGE_CURVE ( 'NONE', #2204, #279, #1154, .T. ) ;
#416 = DIRECTION ( 'NONE',  ( 0.8660254037844415942, -0.4999999999999948930, -0.000000000000000000 ) ) ;
#417 = DIRECTION ( 'NONE',  ( 0.8660254037844364872, -0.5000000000000038858, 0.000000000000000000 ) ) ;
#418 = ORIENTED_EDGE ( 'NONE', *, *, #1384, .F. ) ;
#419 = ORIENTED_EDGE ( 'NONE', *, *, #1522, .T. ) ;
#420 = DIRECTION ( 'NONE',  ( -0.4330127018922256821, -0.2499999999999984457, -0.8660254037844359321 ) ) ;
#421 = ORIENTED_EDGE ( 'NONE', *, *, #2549, .T. ) ;
#422 = DIRECTION ( 'NONE',  ( -1.883843671385415377E-32, 9.389466242107237782E-17, -1.000000000000000000 ) ) ;
#423 = VECTOR ( 'NONE', #153, 1000.000000000000227 ) ;
#424 = VERTEX_POINT ( 'NONE', #604 ) ;
#425 = CARTESIAN_POINT ( 'NONE',  ( -13.10518748202599681, 9.273261493519388665, 17.56903954882624674 ) ) ;
#426 = EDGE_CURVE ( 'NONE', #2779, #2151, #974, .T. ) ;
#427 = LINE ( 'NONE', #3144, #1249 ) ;
#428 = VECTOR ( 'NONE', #413, 1000.000000000000227 ) ;
#429 = DIRECTION ( 'NONE',  ( -0.4999999999999917843, 0.8660254037844434816, 0.000000000000000000 ) ) ;
#430 = CARTESIAN_POINT ( 'NONE',  ( -2.028032182004017692, 3.512654778615806439, 15.00000000000000000 ) ) ;
#431 = DIRECTION ( 'NONE',  ( -0.4330127018922170778, 0.2500000000000019429, -0.8660254037844392627 ) ) ;
#432 = ADVANCED_FACE ( 'NONE', ( #2404 ), #2383, .T. ) ;
#433 = ORIENTED_EDGE ( 'NONE', *, *, #1950, .T. ) ;
#434 = CARTESIAN_POINT ( 'NONE',  ( -4.444204312162552739, 7.697587668199879829, 15.00000000000000000 ) ) ;
#435 = DIRECTION ( 'NONE',  ( 1.000000000000000000, 0.000000000000000000, 0.000000000000000000 ) ) ;
#436 = EDGE_LOOP ( 'NONE', ( #3326, #3202, #2032, #2861 ) ) ;
#437 = ORIENTED_EDGE ( 'NONE', *, *, #2167, .T. ) ;
#438 = VECTOR ( 'NONE', #693, 999.9999999999998863 ) ;
#439 = CARTESIAN_POINT ( 'NONE',  ( -57.00489966293005750, 26.53672952488472703, 7.500000000000000000 ) ) ;
#440 = VERTEX_POINT ( 'NONE', #744 ) ;
#441 = LINE ( 'NONE', #2696, #2333 ) ;
#442 = ORIENTED_EDGE ( 'NONE', *, *, #97, .T. ) ;
#443 = CARTESIAN_POINT ( 'NONE',  ( 9.427335945775952908, 5.442874946034665484, 15.00000000000000000 ) ) ;
#444 = CIRCLE ( 'NONE', #2301, 3.000000000000001332 ) ;
#445 = DIRECTION ( 'NONE',  ( -6.270003582906079530E-17, 1.000000000000000000, 0.000000000000000000 ) ) ;
#446 = EDGE_CURVE ( 'NONE', #3102, #334, #3496, .T. ) ;
#447 = PLANE ( 'NONE',  #1199 ) ;
#448 = DIRECTION ( 'NONE',  ( 1.084202172485504434E-16, -1.000000000000000000, 0.000000000000000000 ) ) ;
#449 = LINE ( 'NONE', #1536, #788 ) ;
#450 = AXIS2_PLACEMENT_3D ( 'NONE', #945, #2045, #671 ) ;
#451 = ORIENTED_EDGE ( 'NONE', *, *, #134, .T. ) ;
#452 = EDGE_CURVE ( 'NONE', #86, #1941, #2368, .T. ) ;
#453 = CARTESIAN_POINT ( 'NONE',  ( -2.406519009675666787, -41.97028794226262960, 3.477843615671734501 ) ) ;
#454 = FACE_OUTER_BOUND ( 'NONE', #2237, .T. ) ;
#455 = VECTOR ( 'NONE', #863, 1000.000000000000000 ) ;
#456 = LINE ( 'NONE', #2866, #2024 ) ;
#457 = VERTEX_POINT ( 'NONE', #1037 ) ;
#458 = AXIS2_PLACEMENT_3D ( 'NONE', #391, #2607, #618 ) ;
#459 = DIRECTION ( 'NONE',  ( -0.000000000000000000, -0.000000000000000000, -1.000000000000000000 ) ) ;
#460 = ORIENTED_EDGE ( 'NONE', *, *, #2294, .F. ) ;
#461 = CARTESIAN_POINT ( 'NONE',  ( -2.007890314391051589, -10.05356730124580977, 0.000000000000000000 ) ) ;
#462 = EDGE_LOOP ( 'NONE', ( #1278, #2454, #2889, #3541, #748, #3400 ) ) ;
#463 = CARTESIAN_POINT ( 'NONE',  ( 3.783102899496824101, 15.21897335194958067, 0.000000000000000000 ) ) ;
#464 = DIRECTION ( 'NONE',  ( -0.4999999999999927836, 0.8660254037844428154, 3.525431591703201070E-16 ) ) ;
#465 = ORIENTED_EDGE ( 'NONE', *, *, #3214, .T. ) ;
#466 = ORIENTED_EDGE ( 'NONE', *, *, #1351, .T. ) ;
#467 = CARTESIAN_POINT ( 'NONE',  ( 0.2402304213787184450, 0.4160912953795418701, 15.00000000000000000 ) ) ;
#468 = CARTESIAN_POINT ( 'NONE',  ( -54.83502668185217743, 40.29505977408241080, 15.00000000000000000 ) ) ;
#469 = DIRECTION ( 'NONE',  ( 0.000000000000000000, -0.000000000000000000, 1.000000000000000000 ) ) ;
#470 = LINE ( 'NONE', #2647, #1878 ) ;
#471 = VERTEX_POINT ( 'NONE', #2897 ) ;
#472 = ADVANCED_FACE ( 'NONE', ( #764, #1244 ), #1535, .F. ) ;
#473 = FACE_OUTER_BOUND ( 'NONE', #462, .T. ) ;
#474 = LINE ( 'NONE', #2711, #2843 ) ;
#475 = CARTESIAN_POINT ( 'NONE',  ( 33.58949911506891794, 22.72980315448985777, 7.499999999999993783 ) ) ;
#476 = ORIENTED_EDGE ( 'NONE', *, *, #412, .F. ) ;
#477 = LINE ( 'NONE', #1069, #2251 ) ;
#478 = ORIENTED_EDGE ( 'NONE', *, *, #2077, .T. ) ;
#479 = CARTESIAN_POINT ( 'NONE',  ( -46.40682345157669175, 34.27433383191868899, 11.50000000000000355 ) ) ;
#480 = ORIENTED_EDGE ( 'NONE', *, *, #229, .F. ) ;
#481 = CARTESIAN_POINT ( 'NONE',  ( -36.70336314270293343, 27.32539550415902241, 0.000000000000000000 ) ) ;
#482 = LINE ( 'NONE', #2169, #2829 ) ;
#483 = ORIENTED_EDGE ( 'NONE', *, *, #532, .T. ) ;
#484 = VECTOR ( 'NONE', #2851, 1000.000000000000114 ) ;
#485 = CARTESIAN_POINT ( 'NONE',  ( 39.58949911506894637, 26.19390476962756154, 11.50000000000000355 ) ) ;
#486 = VECTOR ( 'NONE', #2127, 1000.000000000000000 ) ;
#487 = PLANE ( 'NONE',  #1778 ) ;
#488 = FACE_BOUND ( 'NONE', #2449, .T. ) ;
#489 = CARTESIAN_POINT ( 'NONE',  ( -2.406519009675666787, -46.51147340570300770, 11.52215638432828015 ) ) ;
#490 = CIRCLE ( 'NONE', #613, 3.000000000000006661 ) ;
#491 = EDGE_LOOP ( 'NONE', ( #971, #1626, #3131, #3475 ) ) ;
#492 = CARTESIAN_POINT ( 'NONE',  ( 41.58949911506896058, 27.34860530800679967, 7.500000000000001776 ) ) ;
#493 = CARTESIAN_POINT ( 'NONE',  ( -22.03925761886778645, 12.72437131899296325, 15.00000000000000000 ) ) ;
#494 = EDGE_LOOP ( 'NONE', ( #3353, #2860, #2757, #1410 ) ) ;
#495 = EDGE_CURVE ( 'NONE', #3504, #1966, #1558, .T. ) ;
#496 = ORIENTED_EDGE ( 'NONE', *, *, #2111, .F. ) ;
#497 = EDGE_CURVE ( 'NONE', #672, #3483, #125, .T. ) ;
#498 = CARTESIAN_POINT ( 'NONE',  ( -14.40651900967566945, -41.93147959722431040, 11.49999999999998579 ) ) ;
#499 = EDGE_LOOP ( 'NONE', ( #421, #1140 ) ) ;
#500 = DIRECTION ( 'NONE',  ( -0.000000000000000000, -0.000000000000000000, -1.000000000000000000 ) ) ;
#501 = EDGE_LOOP ( 'NONE', ( #98, #608, #588, #1122 ) ) ;
#502 = AXIS2_PLACEMENT_3D ( 'NONE', #1217, #124, #395 ) ;
#503 = PLANE ( 'NONE',  #2778 ) ;
#504 = CIRCLE ( 'NONE', #1488, 3.000000000000005329 ) ;
#505 = DIRECTION ( 'NONE',  ( -0.000000000000000000, -0.000000000000000000, -1.000000000000000000 ) ) ;
#506 = VECTOR ( 'NONE', #653, 1000.000000000000000 ) ;
#507 = CARTESIAN_POINT ( 'NONE',  ( -14.40651900967566945, -47.24088067398282931, 7.500000000000000000 ) ) ;
#508 = FACE_BOUND ( 'NONE', #1395, .T. ) ;
#509 = CARTESIAN_POINT ( 'NONE',  ( -2.959798312421623834, -5.126521057270823079, 15.00000000000000000 ) ) ;
#510 = ADVANCED_FACE ( 'NONE', ( #1018 ), #1862, .F. ) ;
#511 = CARTESIAN_POINT ( 'NONE',  ( 0.000000000000000000, -30.05356730124580977, 0.000000000000000000 ) ) ;
#512 = EDGE_LOOP ( 'NONE', ( #1153, #992, #1842, #798 ) ) ;
#513 = VECTOR ( 'NONE', #3430, 1000.000000000000000 ) ;
#514 = VERTEX_POINT ( 'NONE', #2975 ) ;
#515 = EDGE_CURVE ( 'NONE', #1250, #85, #1575, .T. ) ;
#516 = CARTESIAN_POINT ( 'NONE',  ( -15.33615101233675837, 5.409119309187894409, 15.00000000000000000 ) ) ;
#517 = DIRECTION ( 'NONE',  ( -0.4999999999999922284, 0.8660254037844431485, -0.000000000000000000 ) ) ;
#518 = VECTOR ( 'NONE', #988, 999.9999999999998863 ) ;
#519 = ORIENTED_EDGE ( 'NONE', *, *, #3145, .F. ) ;
#520 = CIRCLE ( 'NONE', #1213, 3.000000000000002665 ) ;
#521 = ADVANCED_FACE ( 'NONE', ( #411 ), #487, .F. ) ;
#522 = CARTESIAN_POINT ( 'NONE',  ( 1.593480990324333435, -41.89288743302087425, 11.47746917948213863 ) ) ;
#523 = EDGE_LOOP ( 'NONE', ( #3298, #2391, #1100, #1460 ) ) ;
#524 = CARTESIAN_POINT ( 'NONE',  ( -13.03403505931934880, 6.922780546357714115, 17.56903954882624674 ) ) ;
#525 = VECTOR ( 'NONE', #1046, 1000.000000000000227 ) ;
#526 = PRODUCT_DEFINITION_SHAPE ( 'NONE', 'NONE',  #1711 ) ;
#527 = ORIENTED_EDGE ( 'NONE', *, *, #1384, .T. ) ;
#528 = DIRECTION ( 'NONE',  ( -0.8660254037844429265, -0.4999999999999924505, 0.000000000000000000 ) ) ;
#529 = DIRECTION ( 'NONE',  ( 1.000000000000000000, -8.095376221225111344E-15, 0.000000000000000000 ) ) ;
#530 = DIRECTION ( 'NONE',  ( 0.000000000000000000, 0.000000000000000000, 1.000000000000000000 ) ) ;
#531 = FACE_BOUND ( 'NONE', #2132, .T. ) ;
#532 = EDGE_CURVE ( 'NONE', #1824, #3310, #3230, .T. ) ;
#533 = CARTESIAN_POINT ( 'NONE',  ( 33.58949911506908848, 36.58620961504092861, 11.50000000000001243 ) ) ;
#534 = DIRECTION ( 'NONE',  ( 0.8660254037844365982, -0.5000000000000036637, -1.877893248421452733E-16 ) ) ;
#535 = EDGE_LOOP ( 'NONE', ( #2759, #1865, #773, #1591, #2219, #1133 ) ) ;
#536 = EDGE_CURVE ( 'NONE', #2910, #1286, #2332, .T. ) ;
#537 = CARTESIAN_POINT ( 'NONE',  ( 0.5550813013630955250, -0.9614290162923531113, 0.000000000000000000 ) ) ;
#538 = ORIENTED_EDGE ( 'NONE', *, *, #1518, .T. ) ;
#539 = EDGE_CURVE ( 'NONE', #1666, #1444, #3443, .T. ) ;
#540 = ORIENTED_EDGE ( 'NONE', *, *, #2144, .T. ) ;
#541 = CARTESIAN_POINT ( 'NONE',  ( -11.87204939719900132, 11.40911930918789885, 20.00000000000000000 ) ) ;
#542 = ORIENTED_EDGE ( 'NONE', *, *, #950, .T. ) ;
#543 = DIRECTION ( 'NONE',  ( -0.000000000000000000, -0.000000000000000000, -1.000000000000000000 ) ) ;
#544 = EDGE_LOOP ( 'NONE', ( #1757, #864 ) ) ;
#545 = LINE ( 'NONE', #3265, #1439 ) ;
#546 = DIRECTION ( 'NONE',  ( -0.4330127018922197424, 0.2500000000000002220, -0.8660254037844383745 ) ) ;
#547 = LINE ( 'NONE', #1652, #2938 ) ;
#548 = DIRECTION ( 'NONE',  ( 0.8660254037844431485, 0.4999999999999920064, 0.000000000000000000 ) ) ;
#549 = LOCAL_TIME ( 14, 41, 26.00000000000000000, #2838 ) ;
#550 = LINE ( 'NONE', #2137, #2876 ) ;
#551 = DIRECTION ( 'NONE',  ( -0.4999999999999920064, 0.8660254037844432595, 0.000000000000000000 ) ) ;
#552 = ORIENTED_EDGE ( 'NONE', *, *, #1273, .T. ) ;
#553 = DIRECTION ( 'NONE',  ( -1.000000000000000000, 0.000000000000000000, 0.000000000000000000 ) ) ;
#554 = CARTESIAN_POINT ( 'NONE',  ( -13.24029204294138395, -30.05356730124580977, 15.00000000000000000 ) ) ;
#555 = ORIENTED_EDGE ( 'NONE', *, *, #495, .T. ) ;
#556 = VERTEX_POINT ( 'NONE', #195 ) ;
#557 = CARTESIAN_POINT ( 'NONE',  ( -39.35976569455652196, 22.72437131899305029, 15.00000000000000000 ) ) ;
#558 = ORIENTED_EDGE ( 'NONE', *, *, #2678, .F. ) ;
#559 = ORIENTED_EDGE ( 'NONE', *, *, #2941, .F. ) ;
#560 = ADVANCED_FACE ( 'NONE', ( #2957 ), #2062, .T. ) ;
#561 = FACE_OUTER_BOUND ( 'NONE', #2175, .T. ) ;
#562 = DIRECTION ( 'NONE',  ( -0.5000000000000001110, -0.8660254037844385966, 0.000000000000000000 ) ) ;
#563 = DIRECTION ( 'NONE',  ( 0.5000000000000034417, 0.8660254037844367092, 0.000000000000000000 ) ) ;
#564 = DIRECTION ( 'NONE',  ( 0.8660254037844431485, 0.4999999999999920064, 0.000000000000000000 ) ) ;
#565 = ORIENTED_EDGE ( 'NONE', *, *, #3294, .T. ) ;
#566 = DIRECTION ( 'NONE',  ( -1.000000000000000000, 0.000000000000000000, 1.626303258728255418E-16 ) ) ;
#567 = APPLICATION_PROTOCOL_DEFINITION ( 'international standard', 'config_control_design', 1994, #1419 ) ;
#568 = VECTOR ( 'NONE', #297, 1000.000000000000000 ) ;
#569 = ORIENTED_EDGE ( 'NONE', *, *, #251, .T. ) ;
#570 = CARTESIAN_POINT ( 'NONE',  ( -14.40651900967566945, -39.62207852046581280, 7.499999999999999112 ) ) ;
#571 = VECTOR ( 'NONE', #1740, 1000.000000000000000 ) ;
#572 = EDGE_LOOP ( 'NONE', ( #52, #101, #3429, #2363 ) ) ;
#573 = VECTOR ( 'NONE', #3242, 1000.000000000000000 ) ;
#574 = ORIENTED_EDGE ( 'NONE', *, *, #3471, .F. ) ;
#575 = CARTESIAN_POINT ( 'NONE',  ( 33.58949911506912400, 41.20501176855792380, 7.499999999999976907 ) ) ;
#576 = EDGE_LOOP ( 'NONE', ( #3200, #726, #2580, #848, #1997, #1662 ) ) ;
#577 = VECTOR ( 'NONE', #3220, 1000.000000000000114 ) ;
#578 = ORIENTED_EDGE ( 'NONE', *, *, #1015, .T. ) ;
#579 = CYLINDRICAL_SURFACE ( 'NONE', #3459, 3.000000000000002665 ) ;
#580 = FACE_BOUND ( 'NONE', #1492, .T. ) ;
#581 = VECTOR ( 'NONE', #732, 1000.000000000000000 ) ;
#582 = CARTESIAN_POINT ( 'NONE',  ( 39.58949911506894637, 26.19390476962756154, 11.50000000000000355 ) ) ;
#583 = VECTOR ( 'NONE', #3042, 1000.000000000000000 ) ;
#584 = DIRECTION ( 'NONE',  ( -0.5000000000000039968, -0.8660254037844363761, 0.000000000000000000 ) ) ;
#585 = CARTESIAN_POINT ( 'NONE',  ( -64.83502668185222717, 28.17070412110029665, 15.00000000000000000 ) ) ;
#586 = LINE ( 'NONE', #1115, #3061 ) ;
#587 = ORIENTED_EDGE ( 'NONE', *, *, #3403, .T. ) ;
#588 = ORIENTED_EDGE ( 'NONE', *, *, #2030, .T. ) ;
#589 = CARTESIAN_POINT ( 'NONE',  ( -2.406519009675666787, -41.89288743302087425, 11.47746917948213863 ) ) ;
#590 = ORIENTED_EDGE ( 'NONE', *, *, #3391, .T. ) ;
#591 = ORIENTED_EDGE ( 'NONE', *, *, #883, .F. ) ;
#592 = LINE ( 'NONE', #610, #322 ) ;
#593 = EDGE_LOOP ( 'NONE', ( #1733, #3150, #267, #2128 ) ) ;
#594 = ORIENTED_EDGE ( 'NONE', *, *, #1691, .T. ) ;
#595 = CARTESIAN_POINT ( 'NONE',  ( -50.40682345157668465, 36.58373490867721500, 3.499999999999996003 ) ) ;
#596 = LINE ( 'NONE', #77, #2278 ) ;
#597 = LINE ( 'NONE', #3392, #2013 ) ;
#598 = EDGE_CURVE ( 'NONE', #1523, #152, #689, .T. ) ;
#599 = FACE_OUTER_BOUND ( 'NONE', #1333, .T. ) ;
#600 = LINE ( 'NONE', #2265, #2059 ) ;
#601 = EDGE_CURVE ( 'NONE', #1696, #1679, #706, .T. ) ;
#602 = APPROVAL_ROLE ( '' ) ;
#603 = EDGE_LOOP ( 'NONE', ( #480, #2637, #2752, #2871 ) ) ;
#604 = CARTESIAN_POINT ( 'NONE',  ( 39.58949911506894637, 26.19390476962756154, 11.50000000000000355 ) ) ;
#605 = VECTOR ( 'NONE', #2261, 1000.000000000000000 ) ;
#606 = ORIENTED_EDGE ( 'NONE', *, *, #1660, .F. ) ;
#607 = EDGE_CURVE ( 'NONE', #2977, #1947, #3021, .T. ) ;
#608 = ORIENTED_EDGE ( 'NONE', *, *, #1091, .T. ) ;
#609 = EDGE_CURVE ( 'NONE', #1254, #899, #1387, .T. ) ;
#610 = CARTESIAN_POINT ( 'NONE',  ( 46.51770234534444626, 25.57510261611048819, 15.00000000000000000 ) ) ;
#611 = EDGE_LOOP ( 'NONE', ( #451, #2254, #3100, #814 ) ) ;
#612 = EDGE_LOOP ( 'NONE', ( #1693, #934, #1818, #14 ) ) ;
#613 = AXIS2_PLACEMENT_3D ( 'NONE', #2758, #867, #1945 ) ;
#614 = DIRECTION ( 'NONE',  ( -0.4999999999999921729, 0.8660254037844431485, 0.000000000000000000 ) ) ;
#615 = CARTESIAN_POINT ( 'NONE',  ( -1.479744551785738826, 5.409119309187896185, 15.00000000000000000 ) ) ;
#616 = DIRECTION ( 'NONE',  ( -0.000000000000000000, -0.000000000000000000, -1.000000000000000000 ) ) ;
#617 = CARTESIAN_POINT ( 'NONE',  ( 33.58949911506904584, 36.58620961504090019, 3.499999999999961364 ) ) ;
#618 = DIRECTION ( 'NONE',  ( -1.000000000000000000, 0.000000000000000000, 0.000000000000000000 ) ) ;
#619 = PLANE ( 'NONE',  #1202 ) ;
#620 = APPROVAL_STATUS ( 'not_yet_approved' ) ;
#621 = EDGE_LOOP ( 'NONE', ( #2068, #3064, #2419, #753 ) ) ;
#622 = DIRECTION ( 'NONE',  ( 0.8660254037844433705, 0.4999999999999918954, 0.000000000000000000 ) ) ;
#623 = ADVANCED_FACE ( 'NONE', ( #1114, #3574, #1361, #508, #2785, #3553, #2764, #531 ), #2485, .T. ) ;
#624 = AXIS2_PLACEMENT_3D ( 'NONE', #2298, #932, #3155 ) ;
#625 = EDGE_CURVE ( 'NONE', #2385, #3186, #6, .T. ) ;
#626 = EDGE_CURVE ( 'NONE', #1811, #2408, #1882, .T. ) ;
#627 = VERTEX_POINT ( 'NONE', #3269 ) ;
#628 = AXIS2_PLACEMENT_3D ( 'NONE', #738, #1570, #1093 ) ;
#629 = VERTEX_POINT ( 'NONE', #2748 ) ;
#630 = LINE ( 'NONE', #2937, #1237 ) ;
#631 = EDGE_CURVE ( 'NONE', #1430, #1748, #2504, .T. ) ;
#632 = DIRECTION ( 'NONE',  ( -4.694733121053633682E-17, 0.9999531954763020147, -0.009675063655219830888 ) ) ;
#633 = LINE ( 'NONE', #2891, #2756 ) ;
#634 = CIRCLE ( 'NONE', #2654, 3.000000000000002665 ) ;
#635 = PLANE ( 'NONE',  #1379 ) ;
#636 = VECTOR ( 'NONE', #2217, 1000.000000000000000 ) ;
#637 = FACE_OUTER_BOUND ( 'NONE', #1238, .T. ) ;
#638 = DIRECTION ( 'NONE',  ( 0.8660254037844364872, -0.5000000000000038858, 0.000000000000000000 ) ) ;
#639 = PLANE ( 'NONE',  #212 ) ;
#640 = PERSON_AND_ORGANIZATION_ROLE ( 'creator' ) ;
#641 = CLOSED_SHELL ( 'NONE', ( #1973, #510, #849, #1623, #1890, #1909, #623, #3371, #1703, #1502, #2170, #2791, #1399, #2195, #521, #343, #1431, #742, #1048, #53, #1058, #2268, #3137, #560, #1546, #2453, #3554, #1688, #150, #1547, #2705, #185, #1264, #2390, #74, #2593, #118, #308, #2845, #2905, #1176, #1445, #2292, #2822, #432, #3546, #2322, #1967, #313, #3453, #70, #2657, #2830, #1976, #2500, #373, #644, #2436, #1311, #3586, #3437, #2895, #396, #1739, #920, #363, #259, #2808, #1806, #1721, #1650, #1231, #1493, #2970, #1930, #1544, #2061, #3374, #1146, #3350, #736, #2153, #1305, #2002, #2571, #749, #1539, #1571, #1071, #3079, #3409, #2735, #3479, #2939, #1257, #2557, #472, #130, #2568, #2319, #266, #3207, #2054, #2692, #3450, #2189, #268, #1169, #3199, #332 ) ) ;
#642 = ORIENTED_EDGE ( 'NONE', *, *, #2144, .F. ) ;
#643 = EDGE_CURVE ( 'NONE', #1222, #3243, #1939, .T. ) ;
#644 = ADVANCED_FACE ( 'NONE', ( #2446 ), #2212, .F. ) ;
#645 = LINE ( 'NONE', #2594, #876 ) ;
#646 = ORIENTED_EDGE ( 'NONE', *, *, #1408, .F. ) ;
#647 = EDGE_CURVE ( 'NONE', #3370, #246, #2427, .T. ) ;
#648 = CARTESIAN_POINT ( 'NONE',  ( 1.593480990324333879, -48.85946664666496275, 7.544687204846144191 ) ) ;
#649 = EDGE_CURVE ( 'NONE', #3499, #1561, #2172, .T. ) ;
#650 = ORIENTED_EDGE ( 'NONE', *, *, #916, .F. ) ;
#651 = CARTESIAN_POINT ( 'NONE',  ( -56.40682345157673439, 26.19143006326396517, 11.50000000000000355 ) ) ;
#652 = PLANE ( 'NONE',  #2691 ) ;
#653 = DIRECTION ( 'NONE',  ( -0.000000000000000000, -0.000000000000000000, -1.000000000000000000 ) ) ;
#654 = CARTESIAN_POINT ( 'NONE',  ( -1.406519009675666787, -52.24088067398282220, 15.00000000000000000 ) ) ;
#655 = DIRECTION ( 'NONE',  ( 4.694733121053628136E-17, -0.4915977468294984720, 0.8708224017055143928 ) ) ;
#656 = FACE_OUTER_BOUND ( 'NONE', #2199, .T. ) ;
#657 = ORIENTED_EDGE ( 'NONE', *, *, #2294, .T. ) ;
#658 = CARTESIAN_POINT ( 'NONE',  ( -0.9597983124216160622, -1.662419442133087344, 15.00000000000000000 ) ) ;
#659 = ORIENTED_EDGE ( 'NONE', *, *, #1425, .T. ) ;
#660 = VECTOR ( 'NONE', #3408, 1000.000000000000227 ) ;
#661 = ORIENTED_EDGE ( 'NONE', *, *, #3212, .F. ) ;
#662 = EDGE_CURVE ( 'NONE', #3221, #885, #1902, .T. ) ;
#663 = DIRECTION ( 'NONE',  ( 0.4330127018922174109, 0.2499999999999928668, -0.8660254037844415942 ) ) ;
#664 = VECTOR ( 'NONE', #3527, 1000.000000000000114 ) ;
#665 = EDGE_CURVE ( 'NONE', #885, #2561, #1653, .T. ) ;
#666 = CARTESIAN_POINT ( 'NONE',  ( 47.61577855669781201, 29.67317882746382196, 15.00000000000000000 ) ) ;
#667 = CARTESIAN_POINT ( 'NONE',  ( -1.479744551785738826, 5.409119309187896185, 20.00000000000000000 ) ) ;
#668 = DIRECTION ( 'NONE',  ( 6.066268378307275525E-19, -0.009675063655219832623, -0.9999531954763021258 ) ) ;
#669 = FACE_OUTER_BOUND ( 'NONE', #1831, .T. ) ;
#670 = EDGE_CURVE ( 'NONE', #871, #1207, #21, .T. ) ;
#671 = DIRECTION ( 'NONE',  ( 0.4999999999999946709, 0.8660254037844418162, 0.000000000000000000 ) ) ;
#672 = VERTEX_POINT ( 'NONE', #3338 ) ;
#673 = FACE_BOUND ( 'NONE', #1779, .T. ) ;
#674 = VECTOR ( 'NONE', #1820, 1000.000000000000000 ) ;
#675 = EDGE_LOOP ( 'NONE', ( #729, #3542, #1447, #1934 ) ) ;
#676 = AXIS2_PLACEMENT_3D ( 'NONE', #1125, #1476, #2514 ) ;
#677 = EDGE_CURVE ( 'NONE', #2777, #556, #1672, .T. ) ;
#678 = ORIENTED_EDGE ( 'NONE', *, *, #3377, .T. ) ;
#679 = VECTOR ( 'NONE', #1280, 999.9999999999998863 ) ;
#680 = CARTESIAN_POINT ( 'NONE',  ( -18.40651900967566590, -48.85968282749981029, 7.499999999999982236 ) ) ;
#681 = EDGE_CURVE ( 'NONE', #1697, #2513, #1129, .T. ) ;
#682 = LINE ( 'NONE', #425, #679 ) ;
#683 = VECTOR ( 'NONE', #2113, 999.9999999999998863 ) ;
#684 = FACE_BOUND ( 'NONE', #1404, .T. ) ;
#685 = CARTESIAN_POINT ( 'NONE',  ( 0.000000000000000000, 0.000000000000000000, 20.00000000000000000 ) ) ;
#686 = EDGE_CURVE ( 'NONE', #2223, #3149, #3073, .T. ) ;
#687 = AXIS2_PLACEMENT_3D ( 'NONE', #3467, #985, #2119 ) ;
#688 = DIRECTION ( 'NONE',  ( -0.000000000000000000, -0.000000000000000000, -1.000000000000000000 ) ) ;
#689 = LINE ( 'NONE', #140, #1260 ) ;
#690 = PLANE ( 'NONE',  #2285 ) ;
#691 = ORIENTED_EDGE ( 'NONE', *, *, #1695, .T. ) ;
#692 = AXIS2_PLACEMENT_3D ( 'NONE', #2821, #1487, #1730 ) ;
#693 = DIRECTION ( 'NONE',  ( -0.8660254037844363761, 0.5000000000000039968, 0.000000000000000000 ) ) ;
#694 = CARTESIAN_POINT ( 'NONE',  ( 43.58949911506893926, 23.88450369286902131, 7.500000000000003553 ) ) ;
#695 = ORIENTED_EDGE ( 'NONE', *, *, #2898, .T. ) ;
#696 = EDGE_CURVE ( 'NONE', #3261, #387, #214, .T. ) ;
#697 = LINE ( 'NONE', #1797, #2357 ) ;
#698 = ORIENTED_EDGE ( 'NONE', *, *, #2946, .T. ) ;
#699 = CARTESIAN_POINT ( 'NONE',  ( -21.38285506701422278, 13.86129388902119430, 15.00000000000000000 ) ) ;
#700 = VERTEX_POINT ( 'NONE', #2277 ) ;
#701 = DIRECTION ( 'NONE',  ( 0.8660254037844363761, -0.5000000000000039968, 0.000000000000000000 ) ) ;
#702 = EDGE_CURVE ( 'NONE', #238, #1507, #2556, .T. ) ;
#703 = CARTESIAN_POINT ( 'NONE',  ( -11.15794778206124782, 10.17225903000230502, 20.00000000000000000 ) ) ;
#704 = EDGE_CURVE ( 'NONE', #2825, #2960, #1741, .T. ) ;
#705 = PLANE ( 'NONE',  #919 ) ;
#706 = LINE ( 'NONE', #430, #2543 ) ;
#707 = LINE ( 'NONE', #2384, #3498 ) ;
#708 = ORIENTED_EDGE ( 'NONE', *, *, #2535, .F. ) ;
#709 = LINE ( 'NONE', #1868, #2585 ) ;
#710 = CARTESIAN_POINT ( 'NONE',  ( 35.58949911506893216, 23.88450369286909591, 11.50000000000000355 ) ) ;
#711 = VERTEX_POINT ( 'NONE', #1183 ) ;
#712 = ORIENTED_EDGE ( 'NONE', *, *, #2643, .T. ) ;
#713 = EDGE_CURVE ( 'NONE', #3243, #2303, #966, .T. ) ;
#714 = CARTESIAN_POINT ( 'NONE',  ( 36.51770234534460968, 42.89561069179935515, 15.00000000000000000 ) ) ;
#715 = ORIENTED_EDGE ( 'NONE', *, *, #371, .F. ) ;
#716 = DIRECTION ( 'NONE',  ( -0.4330127018922216853, -0.2499999999999958089, -0.8660254037844385966 ) ) ;
#717 = VECTOR ( 'NONE', #3474, 1000.000000000000000 ) ;
#718 = ORIENTED_EDGE ( 'NONE', *, *, #1240, .F. ) ;
#719 = DIRECTION ( 'NONE',  ( -0.5547001962252271490, 0.000000000000000000, -0.8320502943378450533 ) ) ;
#720 = DIRECTION ( 'NONE',  ( -1.000000000000000000, -2.006337338897160044E-16, -0.000000000000000000 ) ) ;
#721 = VECTOR ( 'NONE', #32, 1000.000000000000000 ) ;
#722 = PLANE ( 'NONE',  #3059 ) ;
#723 = DIRECTION ( 'NONE',  ( -1.000000000000000000, -2.006337338897160044E-16, -0.000000000000000000 ) ) ;
#724 = CARTESIAN_POINT ( 'NONE',  ( -4.028032182003985717, 6.976756393753575480, 15.00000000000000000 ) ) ;
#725 = ORIENTED_EDGE ( 'NONE', *, *, #1332, .F. ) ;
#726 = ORIENTED_EDGE ( 'NONE', *, *, #3175, .F. ) ;
#727 = DIRECTION ( 'NONE',  ( 0.8660254037844415942, -0.4999999999999948930, -0.000000000000000000 ) ) ;
#728 = DIRECTION ( 'NONE',  ( -4.694733121053641078E-17, 0.4915977468294983610, -0.8708224017055145039 ) ) ;
#729 = ORIENTED_EDGE ( 'NONE', *, *, #2437, .F. ) ;
#730 = EDGE_LOOP ( 'NONE', ( #1853, #832, #1608, #1891 ) ) ;
#731 = AXIS2_PLACEMENT_3D ( 'NONE', #2901, #416, #1000 ) ;
#732 = DIRECTION ( 'NONE',  ( -0.4999999999999998890, -0.8660254037844387076, 0.000000000000000000 ) ) ;
#733 = VERTEX_POINT ( 'NONE', #310 ) ;
#734 = LINE ( 'NONE', #3203, #1833 ) ;
#735 = AXIS2_PLACEMENT_3D ( 'NONE', #2150, #3266, #529 ) ;
#736 = ADVANCED_FACE ( 'NONE', ( #1253 ), #348, .F. ) ;
#737 = EDGE_LOOP ( 'NONE', ( #1082, #1229, #3369, #1555 ) ) ;
#738 = CARTESIAN_POINT ( 'NONE',  ( -52.40682345157668465, 37.73843544705647446, 7.499999999999994671 ) ) ;
#739 = VECTOR ( 'NONE', #2744, 999.9999999999997726 ) ;
#740 = CARTESIAN_POINT ( 'NONE',  ( -6.007890314391049813, -10.05356730124580977, 0.000000000000000000 ) ) ;
#741 = ORIENTED_EDGE ( 'NONE', *, *, #107, .T. ) ;
#742 = ADVANCED_FACE ( 'NONE', ( #2618 ), #3379, .T. ) ;
#743 = CARTESIAN_POINT ( 'NONE',  ( 33.58949911506908848, 36.58620961504092861, 11.50000000000001243 ) ) ;
#744 = CARTESIAN_POINT ( 'NONE',  ( -18.40651900967567656, -0.3635584805869451208, 15.00000000000000000 ) ) ;
#745 = PLANE ( 'NONE',  #1542 ) ;
#746 = CARTESIAN_POINT ( 'NONE',  ( 33.58949911506891794, 22.72980315448985777, 7.499999999999993783 ) ) ;
#747 = VECTOR ( 'NONE', #824, 1000.000000000000000 ) ;
#748 = ORIENTED_EDGE ( 'NONE', *, *, #1200, .T. ) ;
#749 = ADVANCED_FACE ( 'NONE', ( #637 ), #1723, .F. ) ;
#750 = CARTESIAN_POINT ( 'NONE',  ( -50.40682345157678412, 22.72732844812620101, 7.499999999999996447 ) ) ;
#751 = CARTESIAN_POINT ( 'NONE',  ( 41.58949911506891794, 22.72980315448979027, 11.50000000000000355 ) ) ;
#752 = VECTOR ( 'NONE', #1087, 999.9999999999998863 ) ;
#753 = ORIENTED_EDGE ( 'NONE', *, *, #3258, .T. ) ;
#754 = ORIENTED_EDGE ( 'NONE', *, *, #2267, .T. ) ;
#755 = VECTOR ( 'NONE', #614, 1000.000000000000114 ) ;
#756 = LINE ( 'NONE', #2718, #573 ) ;
#757 = ORIENTED_EDGE ( 'NONE', *, *, #3241, .T. ) ;
#758 = DIRECTION ( 'NONE',  ( -0.8660254037844364872, 0.5000000000000038858, 0.000000000000000000 ) ) ;
#759 = VERTEX_POINT ( 'NONE', #2008 ) ;
#760 = CARTESIAN_POINT ( 'NONE',  ( -47.00489966292997934, 43.85723760057346254, 7.500000000000000000 ) ) ;
#761 = CARTESIAN_POINT ( 'NONE',  ( -57.43310289320550766, 41.79505977408240369, 15.00000000000000000 ) ) ;
#762 = VERTEX_POINT ( 'NONE', #878 ) ;
#763 = LINE ( 'NONE', #467, #2309 ) ;
#764 = FACE_BOUND ( 'NONE', #142, .T. ) ;
#765 = EDGE_CURVE ( 'NONE', #2342, #238, #3127, .T. ) ;
#766 = PLANE ( 'NONE',  #2116 ) ;
#767 = DIRECTION ( 'NONE',  ( -0.7499999999999984457, 0.4330127018922230731, 0.4999999999999991118 ) ) ;
#768 = EDGE_LOOP ( 'NONE', ( #1450, #2904, #3563, #1600 ) ) ;
#769 = DIRECTION ( 'NONE',  ( -0.4999999999999996669, -0.8660254037844389297, 0.000000000000000000 ) ) ;
#770 = LINE ( 'NONE', #2981, #636 ) ;
#771 = VERTEX_POINT ( 'NONE', #2359 ) ;
#772 = ORIENTED_EDGE ( 'NONE', *, *, #2678, .T. ) ;
#773 = ORIENTED_EDGE ( 'NONE', *, *, #2458, .T. ) ;
#774 = CARTESIAN_POINT ( 'NONE',  ( -2.406519009675666787, -46.51147340570300770, 11.52215638432828015 ) ) ;
#775 = EDGE_LOOP ( 'NONE', ( #1808, #519, #3274, #2968 ) ) ;
#776 = PLANE ( 'NONE',  #1759 ) ;
#777 = ORIENTED_EDGE ( 'NONE', *, *, #1354, .T. ) ;
#778 = CARTESIAN_POINT ( 'NONE',  ( 31.58949911506903874, 35.43150907666166205, 7.500000000000001776 ) ) ;
#779 = EDGE_CURVE ( 'NONE', #1356, #1034, #3176, .T. ) ;
#780 = FACE_OUTER_BOUND ( 'NONE', #1564, .T. ) ;
#781 = EDGE_CURVE ( 'NONE', #3584, #2977, #131, .T. ) ;
#782 = ORIENTED_EDGE ( 'NONE', *, *, #3114, .T. ) ;
#783 = AXIS2_PLACEMENT_3D ( 'NONE', #2, #1398, #2517 ) ;
#784 = CARTESIAN_POINT ( 'NONE',  ( -58.40682345157672728, 27.34613060164322462, 7.500000000000004441 ) ) ;
#785 = DIRECTION ( 'NONE',  ( -0.000000000000000000, -0.000000000000000000, 1.000000000000000000 ) ) ;
#786 = DIRECTION ( 'NONE',  ( -0.4999999999999922284, 0.8660254037844431485, -0.000000000000000000 ) ) ;
#787 =( LENGTH_UNIT ( ) NAMED_UNIT ( * ) SI_UNIT ( .MILLI., .METRE. ) );
#788 = VECTOR ( 'NONE', #1577, 1000.000000000000000 ) ;
#789 = VERTEX_POINT ( 'NONE', #3448 ) ;
#790 = EDGE_CURVE ( 'NONE', #2151, #1338, #2090, .T. ) ;
#791 = CARTESIAN_POINT ( 'NONE',  ( -51.00489966293002198, 36.92903437029794134, 7.500000000000000000 ) ) ;
#792 = CARTESIAN_POINT ( 'NONE',  ( -18.40651900967566945, -41.93147959722431040, 3.500000000000003109 ) ) ;
#793 = EDGE_LOOP ( 'NONE', ( #1870, #886, #646, #1643 ) ) ;
#794 = VERTEX_POINT ( 'NONE', #3183 ) ;
#795 = DIRECTION ( 'NONE',  ( 0.4330127018922213522, 0.2499999999999964195, 0.8660254037844385966 ) ) ;
#796 = ORIENTED_EDGE ( 'NONE', *, *, #1904, .F. ) ;
#797 = DIRECTION ( 'NONE',  ( 0.8660254037844385966, -0.5000000000000001110, -0.000000000000000000 ) ) ;
#798 = ORIENTED_EDGE ( 'NONE', *, *, #2218, .T. ) ;
#799 = EDGE_CURVE ( 'NONE', #1697, #831, #697, .T. ) ;
#800 = CARTESIAN_POINT ( 'NONE',  ( -13.10518748202599681, 9.273261493519388665, 17.56903954882624674 ) ) ;
#801 = VECTOR ( 'NONE', #110, 1000.000000000000000 ) ;
#802 = CARTESIAN_POINT ( 'NONE',  ( -18.40651900967566590, -48.85968282749981029, 7.499999999999982236 ) ) ;
#803 = EDGE_CURVE ( 'NONE', #762, #2258, #1148, .T. ) ;
#804 = VECTOR ( 'NONE', #1182, 1000.000000000000000 ) ;
#805 = CARTESIAN_POINT ( 'NONE',  ( -2.406519009675666787, -41.97028794226262960, 3.477843615671734501 ) ) ;
#806 = DIRECTION ( 'NONE',  ( -0.000000000000000000, -0.000000000000000000, -1.000000000000000000 ) ) ;
#807 = EDGE_CURVE ( 'NONE', #3118, #334, #2818, .T. ) ;
#808 = DIRECTION ( 'NONE',  ( 0.4999999999999998890, 0.8660254037844385966, 0.000000000000000000 ) ) ;
#809 = FACE_OUTER_BOUND ( 'NONE', #2126, .T. ) ;
#810 = EDGE_LOOP ( 'NONE', ( #466, #2146, #2355, #3290 ) ) ;
#811 = CARTESIAN_POINT ( 'NONE',  ( -45.80874724022338285, 33.92903437029794134, 7.500000000000000000 ) ) ;
#812 = ORIENTED_EDGE ( 'NONE', *, *, #2708, .T. ) ;
#813 = VECTOR ( 'NONE', #2246, 1000.000000000000000 ) ;
#814 = ORIENTED_EDGE ( 'NONE', *, *, #3476, .T. ) ;
#815 = AXIS2_PLACEMENT_3D ( 'NONE', #570, #3273, #299 ) ;
#816 = DIRECTION ( 'NONE',  ( -0.000000000000000000, -0.000000000000000000, -1.000000000000000000 ) ) ;
#817 = ORIENTED_EDGE ( 'NONE', *, *, #2929, .T. ) ;
#818 = CARTESIAN_POINT ( 'NONE',  ( 37.58949911506889663, 20.42040207773132110, 3.499999999999989342 ) ) ;
#819 = VECTOR ( 'NONE', #109, 1000.000000000000000 ) ;
#820 = ORIENTED_EDGE ( 'NONE', *, *, #2300, .T. ) ;
#821 = CARTESIAN_POINT ( 'NONE',  ( -57.43310289320550766, 41.79505977408240369, 0.000000000000000000 ) ) ;
#822 = CARTESIAN_POINT ( 'NONE',  ( -2.007890314391052922, -2.176959040975382090E-16, 15.00000000000000000 ) ) ;
#823 = DIRECTION ( 'NONE',  ( 0.000000000000000000, -0.000000000000000000, -1.000000000000000000 ) ) ;
#824 = DIRECTION ( 'NONE',  ( -1.000000000000000000, -3.154042683594195614E-16, 0.000000000000000000 ) ) ;
#825 = DIRECTION ( 'NONE',  ( 0.4330127018922189097, -0.2499999999999997224, -0.8660254037844389297 ) ) ;
#826 = CARTESIAN_POINT ( 'NONE',  ( -42.40682345157668465, 36.58373490867716527, 7.499999999999996447 ) ) ;
#827 = VERTEX_POINT ( 'NONE', #617 ) ;
#828 = EDGE_LOOP ( 'NONE', ( #3219, #1965, #3045, #1268 ) ) ;
#829 = PLANE ( 'NONE',  #1556 ) ;
#830 = CARTESIAN_POINT ( 'NONE',  ( 41.58949911506891794, 22.72980315448979027, 11.50000000000000355 ) ) ;
#831 = VERTEX_POINT ( 'NONE', #3361 ) ;
#832 = ORIENTED_EDGE ( 'NONE', *, *, #649, .F. ) ;
#833 = EDGE_LOOP ( 'NONE', ( #478, #1760, #1158, #1798 ) ) ;
#834 = CARTESIAN_POINT ( 'NONE',  ( -18.40651900967566590, -52.24088067398280089, 15.00000000000000000 ) ) ;
#835 = ORIENTED_EDGE ( 'NONE', *, *, #2717, .T. ) ;
#836 = CARTESIAN_POINT ( 'NONE',  ( -1.444918698636872945, 2.502672598845418594, 4.269602521721922466E-16 ) ) ;
#837 = DIRECTION ( 'NONE',  ( -0.5000000000000038858, -0.8660254037844364872, 0.000000000000000000 ) ) ;
#838 = CARTESIAN_POINT ( 'NONE',  ( -18.40651900967566945, -41.93147959722431040, 3.500000000000003109 ) ) ;
#839 = CARTESIAN_POINT ( 'NONE',  ( -11.15794778206124782, 10.17225903000230502, -1.000000000000004441 ) ) ;
#840 = EDGE_CURVE ( 'NONE', #1207, #2476, #634, .T. ) ;
#841 = CARTESIAN_POINT ( 'NONE',  ( -13.90794778206124604, 5.409119309187896185, 20.00000000000000000 ) ) ;
#842 = CARTESIAN_POINT ( 'NONE',  ( -56.40682345157673439, 26.19143006326396517, 11.50000000000000355 ) ) ;
#843 = VERTEX_POINT ( 'NONE', #1435 ) ;
#844 = FACE_OUTER_BOUND ( 'NONE', #1369, .T. ) ;
#845 = VECTOR ( 'NONE', #276, 1000.000000000000000 ) ;
#846 = ORIENTED_EDGE ( 'NONE', *, *, #625, .T. ) ;
#847 = CC_DESIGN_SECURITY_CLASSIFICATION ( #1935, ( #2573 ) ) ;
#848 = ORIENTED_EDGE ( 'NONE', *, *, #1950, .F. ) ;
#849 = ADVANCED_FACE ( 'NONE', ( #599 ), #2539, .T. ) ;
#850 = LINE ( 'NONE', #1159, #2168 ) ;
#851 = ORIENTED_EDGE ( 'NONE', *, *, #243, .F. ) ;
#852 = LINE ( 'NONE', #37, #968 ) ;
#853 = LINE ( 'NONE', #2813, #874 ) ;
#854 = DIRECTION ( 'NONE',  ( -0.8660254037844363761, 0.5000000000000039968, 0.000000000000000000 ) ) ;
#855 = FACE_OUTER_BOUND ( 'NONE', #3348, .T. ) ;
#856 = CARTESIAN_POINT ( 'NONE',  ( -13.90794778206124604, 5.409119309187896185, -1.000000000000004441 ) ) ;
#857 = CIRCLE ( 'NONE', #502, 3.000000000000002665 ) ;
#858 = CARTESIAN_POINT ( 'NONE',  ( 43.58949911506893216, 23.88450369286902486, 7.500000000000001776 ) ) ;
#859 = EDGE_CURVE ( 'NONE', #3588, #2123, #1275, .T. ) ;
#860 = MECHANICAL_CONTEXT ( 'NONE', #1419, 'mechanical' ) ;
#861 = EDGE_LOOP ( 'NONE', ( #3047, #2940, #1026, #2450 ) ) ;
#862 = ORIENTED_EDGE ( 'NONE', *, *, #1322, .F. ) ;
#863 = DIRECTION ( 'NONE',  ( 0.4330127018922169113, -0.2500000000000020539, 0.8660254037844392627 ) ) ;
#864 = ORIENTED_EDGE ( 'NONE', *, *, #2030, .F. ) ;
#865 = VECTOR ( 'NONE', #785, 1000.000000000000000 ) ;
#866 = VERTEX_POINT ( 'NONE', #2125 ) ;
#867 = DIRECTION ( 'NONE',  ( 0.5000000000000039968, 0.8660254037844363761, 6.089381840214615547E-16 ) ) ;
#868 = ORIENTED_EDGE ( 'NONE', *, *, #1522, .F. ) ;
#869 = EDGE_CURVE ( 'NONE', #404, #3075, #1607, .T. ) ;
#870 = VECTOR ( 'NONE', #1893, 999.9999999999998863 ) ;
#871 = VERTEX_POINT ( 'NONE', #2674 ) ;
#872 = CARTESIAN_POINT ( 'NONE',  ( -38.70336314270295475, 23.86129388902127602, 15.00000000000000000 ) ) ;
#873 = PLANE ( 'NONE',  #3365 ) ;
#874 = VECTOR ( 'NONE', #1952, 1000.000000000000227 ) ;
#875 = CARTESIAN_POINT ( 'NONE',  ( 29.58949911506899966, 34.27680853828241681, 3.499999999999986677 ) ) ;
#876 = VECTOR ( 'NONE', #2544, 1000.000000000000000 ) ;
#877 = CARTESIAN_POINT ( 'NONE',  ( -39.35976569455654328, 22.72437131899302187, 0.000000000000000000 ) ) ;
#878 = CARTESIAN_POINT ( 'NONE',  ( -64.43310289320554318, 29.67070412110032862, 15.00000000000000000 ) ) ;
#879 = PLANE ( 'NONE',  #2531 ) ;
#880 = PERSON_AND_ORGANIZATION ( #2304, #3334 ) ;
#881 = VERTEX_POINT ( 'NONE', #3544 ) ;
#882 = EDGE_LOOP ( 'NONE', ( #2804, #2695, #2636, #2233 ) ) ;
#883 = EDGE_CURVE ( 'NONE', #1947, #2439, #1352, .T. ) ;
#884 = DIRECTION ( 'NONE',  ( 1.734723475976807094E-16, -1.000000000000000000, 0.000000000000000000 ) ) ;
#885 = VERTEX_POINT ( 'NONE', #3260 ) ;
#886 = ORIENTED_EDGE ( 'NONE', *, *, #5, .F. ) ;
#887 = PLANE ( 'NONE',  #2519 ) ;
#888 = ORIENTED_EDGE ( 'NONE', *, *, #2133, .F. ) ;
#889 = DIRECTION ( 'NONE',  ( -0.5000000000000001110, 0.8660254037844385966, 0.000000000000000000 ) ) ;
#890 = CARTESIAN_POINT ( 'NONE',  ( 29.58949911506904940, 34.27680853828244523, 11.50000000000003730 ) ) ;
#891 = EDGE_CURVE ( 'NONE', #1298, #1105, #756, .T. ) ;
#892 = CARTESIAN_POINT ( 'NONE',  ( 47.61577855669781201, 29.67317882746382196, 15.00000000000000000 ) ) ;
#893 = CARTESIAN_POINT ( 'NONE',  ( -22.03925761886779355, 12.72437131899295260, 15.00000000000000000 ) ) ;
#894 = EDGE_CURVE ( 'NONE', #2223, #1800, #2595, .T. ) ;
#895 = EDGE_CURVE ( 'NONE', #296, #2099, #2393, .T. ) ;
#896 = CARTESIAN_POINT ( 'NONE',  ( -11.87204939719900132, -0.5908806908121062573, 15.00000000000000000 ) ) ;
#897 = FACE_OUTER_BOUND ( 'NONE', #1452, .T. ) ;
#898 = PERSON_AND_ORGANIZATION ( #2304, #3334 ) ;
#899 = VERTEX_POINT ( 'NONE', #439 ) ;
#900 = PLANE ( 'NONE',  #2890 ) ;
#901 = EDGE_CURVE ( 'NONE', #2182, #2927, #1566, .T. ) ;
#902 = ORIENTED_EDGE ( 'NONE', *, *, #3056, .T. ) ;
#903 = AXIS2_PLACEMENT_3D ( 'NONE', #1480, #2584, #1467 ) ;
#904 = ORIENTED_EDGE ( 'NONE', *, *, #713, .F. ) ;
#905 = DIRECTION ( 'NONE',  ( -0.5547001962252277041, 0.000000000000000000, 0.8320502943378446092 ) ) ;
#906 = ORIENTED_EDGE ( 'NONE', *, *, #2458, .F. ) ;
#907 = VECTOR ( 'NONE', #3463, 1000.000000000000114 ) ;
#908 = DIRECTION ( 'NONE',  ( -0.5547001962252305907, 0.000000000000000000, -0.8320502943378427219 ) ) ;
#909 = CARTESIAN_POINT ( 'NONE',  ( -44.40682345157669175, 33.11963329353943664, 7.499999999999994671 ) ) ;
#910 = EDGE_CURVE ( 'NONE', #794, #759, #520, .T. ) ;
#911 = DIRECTION ( 'NONE',  ( -0.4999999999999920619, 0.8660254037844432595, 0.000000000000000000 ) ) ;
#912 = CARTESIAN_POINT ( 'NONE',  ( -2.406519009675666343, -48.85946664666496275, 7.544687204846144191 ) ) ;
#913 = LINE ( 'NONE', #2010, #819 ) ;
#914 = CARTESIAN_POINT ( 'NONE',  ( 26.74784402146482165, 15.44287494603449673, 15.00000000000000000 ) ) ;
#915 = SECURITY_CLASSIFICATION_LEVEL ( 'unclassified' ) ;
#916 = EDGE_CURVE ( 'NONE', #3370, #114, #2438, .T. ) ;
#917 = VERTEX_POINT ( 'NONE', #2145 ) ;
#918 = EDGE_CURVE ( 'NONE', #3218, #1250, #1854, .T. ) ;
#919 = AXIS2_PLACEMENT_3D ( 'NONE', #159, #2382, #3157 ) ;
#920 = ADVANCED_FACE ( 'NONE', ( #1872 ), #186, .F. ) ;
#921 = FACE_OUTER_BOUND ( 'NONE', #1681, .T. ) ;
#922 = ORIENTED_EDGE ( 'NONE', *, *, #2738, .T. ) ;
#923 = CIRCLE ( 'NONE', #3292, 3.000000000000000888 ) ;
#924 = ORIENTED_EDGE ( 'NONE', *, *, #2572, .T. ) ;
#925 = FACE_BOUND ( 'NONE', #499, .T. ) ;
#926 = PLANE ( 'NONE',  #398 ) ;
#927 = CARTESIAN_POINT ( 'NONE',  ( -2.406519009675666787, -41.97028794226262960, 3.477843615671734501 ) ) ;
#928 = VECTOR ( 'NONE', #3514, 1000.000000000000000 ) ;
#929 = CARTESIAN_POINT ( 'NONE',  ( 39.58949911506894637, 26.19390476962756154, 3.499999999999988898 ) ) ;
#930 = VECTOR ( 'NONE', #2202, 1000.000000000000000 ) ;
#931 = DIRECTION ( 'NONE',  ( 0.5000000000000038858, 0.8660254037844364872, 0.000000000000000000 ) ) ;
#932 = DIRECTION ( 'NONE',  ( 0.000000000000000000, -1.000000000000000000, 0.000000000000000000 ) ) ;
#933 = CARTESIAN_POINT ( 'NONE',  ( 1.593480990324333657, -46.51147340570300770, 11.52215638432828015 ) ) ;
#934 = ORIENTED_EDGE ( 'NONE', *, *, #1803, .F. ) ;
#935 = EDGE_CURVE ( 'NONE', #2923, #3487, #2965, .T. ) ;
#936 = CARTESIAN_POINT ( 'NONE',  ( -63.33502668185224138, 25.57262790974698774, 0.000000000000000000 ) ) ;
#937 = EDGE_LOOP ( 'NONE', ( #1291, #1647, #2087, #1792 ) ) ;
#938 = EDGE_CURVE ( 'NONE', #1748, #2182, #477, .T. ) ;
#939 = ORIENTED_EDGE ( 'NONE', *, *, #2823, .F. ) ;
#940 = DIRECTION ( 'NONE',  ( 0.000000000000000000, -0.5000000000000004441, 0.8660254037844384856 ) ) ;
#941 = LINE ( 'NONE', #3477, #1670 ) ;
#942 = LINE ( 'NONE', #12, #1625 ) ;
#943 = DIRECTION ( 'NONE',  ( 0.000000000000000000, -0.000000000000000000, 1.000000000000000000 ) ) ;
#944 = FACE_OUTER_BOUND ( 'NONE', #3506, .T. ) ;
#945 = CARTESIAN_POINT ( 'NONE',  ( -13.60518748202599149, 8.407236089734945850, 17.56903954882624674 ) ) ;
#946 = ORIENTED_EDGE ( 'NONE', *, *, #2444, .F. ) ;
#947 = CARTESIAN_POINT ( 'NONE',  ( 7.399303763771933440, 8.955529724650471479, 15.00000000000000000 ) ) ;
#948 = ORIENTED_EDGE ( 'NONE', *, *, #2631, .T. ) ;
#949 = ORIENTED_EDGE ( 'NONE', *, *, #1888, .F. ) ;
#950 = EDGE_CURVE ( 'NONE', #3483, #1004, #2161, .T. ) ;
#951 = ORIENTED_EDGE ( 'NONE', *, *, #3013, .F. ) ;
#952 = DIRECTION ( 'NONE',  ( 1.000000000000000000, 0.000000000000000000, 0.000000000000000000 ) ) ;
#953 = VECTOR ( 'NONE', #543, 1000.000000000000000 ) ;
#954 = LINE ( 'NONE', #3168, #3124 ) ;
#955 = CARTESIAN_POINT ( 'NONE',  ( -18.40651900967567656, -3.692968636823268950E-15, 15.00000000000000000 ) ) ;
#956 = LINE ( 'NONE', #392, #2411 ) ;
#957 = LINE ( 'NONE', #2060, #3401 ) ;
#958 = CARTESIAN_POINT ( 'NONE',  ( -2.007890314391052922, -2.176959040975382090E-16, 0.000000000000000000 ) ) ;
#959 = CIRCLE ( 'NONE', #1825, 1.000000000000001554 ) ;
#960 = ORIENTED_EDGE ( 'NONE', *, *, #2800, .T. ) ;
#961 = DIRECTION ( 'NONE',  ( 0.4999999999999946709, 0.8660254037844418162, 0.000000000000000000 ) ) ;
#962 = AXIS2_PLACEMENT_3D ( 'NONE', #914, #2819, #3339 ) ;
#963 = VERTEX_POINT ( 'NONE', #202 ) ;
#964 = VERTEX_POINT ( 'NONE', #1312 ) ;
#965 = AXIS2_PLACEMENT_3D ( 'NONE', #1843, #2956, #1574 ) ;
#966 = LINE ( 'NONE', #2801, #2070 ) ;
#967 = ORIENTED_EDGE ( 'NONE', *, *, #217, .F. ) ;
#968 = VECTOR ( 'NONE', #2859, 1000.000000000000114 ) ;
#969 = DIRECTION ( 'NONE',  ( 0.4330127018922189097, -0.2499999999999997224, -0.8660254037844389297 ) ) ;
#970 = EDGE_CURVE ( 'NONE', #3186, #1207, #3277, .T. ) ;
#971 = ORIENTED_EDGE ( 'NONE', *, *, #1281, .T. ) ;
#972 = EDGE_CURVE ( 'NONE', #3518, #86, #1051, .T. ) ;
#973 = DIRECTION ( 'NONE',  ( -0.5000000000000039968, -0.8660254037844363761, 0.000000000000000000 ) ) ;
#974 = CIRCLE ( 'NONE', #1494, 2.999999999999995559 ) ;
#975 = CARTESIAN_POINT ( 'NONE',  ( 47.61577855669781201, 29.67317882746382196, 0.000000000000000000 ) ) ;
#976 = VECTOR ( 'NONE', #3009, 1000.000000000000000 ) ;
#977 = DIRECTION ( 'NONE',  ( -0.4999999999999917843, 0.8660254037844434816, 0.000000000000000000 ) ) ;
#978 = CARTESIAN_POINT ( 'NONE',  ( -5.644233046279127919, 9.776098405914920519, 15.00000000000000000 ) ) ;
#979 = VECTOR ( 'NONE', #1165, 999.9999999999998863 ) ;
#980 = CARTESIAN_POINT ( 'NONE',  ( 3.239516035220827206, 5.611006364936598878, 1.679232305073005826E-16 ) ) ;
#981 = EDGE_CURVE ( 'NONE', #2545, #314, #2985, .T. ) ;
#982 = ORIENTED_EDGE ( 'NONE', *, *, #2016, .T. ) ;
#983 = EDGE_CURVE ( 'NONE', #627, #3402, #3201, .T. ) ;
#984 = PLANE ( 'NONE',  #1310 ) ;
#985 = DIRECTION ( 'NONE',  ( -0.4999999999999922839, 0.8660254037844431485, -3.845925372767126647E-16 ) ) ;
#986 = ORIENTED_EDGE ( 'NONE', *, *, #1946, .T. ) ;
#987 = ORIENTED_EDGE ( 'NONE', *, *, #1164, .T. ) ;
#988 = DIRECTION ( 'NONE',  ( -0.5000000000000035527, -0.8660254037844365982, 0.000000000000000000 ) ) ;
#989 = VERTEX_POINT ( 'NONE', #3297 ) ;
#990 = ORIENTED_EDGE ( 'NONE', *, *, #1348, .T. ) ;
#991 = LINE ( 'NONE', #3125, #2044 ) ;
#992 = ORIENTED_EDGE ( 'NONE', *, *, #643, .F. ) ;
#993 = PLANE ( 'NONE',  #2187 ) ;
#994 = DIRECTION ( 'NONE',  ( 0.000000000000000000, -0.000000000000000000, -1.000000000000000000 ) ) ;
#995 = EDGE_CURVE ( 'NONE', #1943, #3483, #1915, .T. ) ;
#996 = CARTESIAN_POINT ( 'NONE',  ( -1.406519009675687881, -55.24088067398282931, 15.00000000000000000 ) ) ;
#997 = DIRECTION ( 'NONE',  ( 0.000000000000000000, -0.000000000000000000, -1.000000000000000000 ) ) ;
#998 = DIRECTION ( 'NONE',  ( 1.000000000000000000, 0.000000000000000000, -0.000000000000000000 ) ) ;
#999 = ORIENTED_EDGE ( 'NONE', *, *, #2729, .T. ) ;
#1000 = DIRECTION ( 'NONE',  ( 0.4999999999999946709, 0.8660254037844418162, 0.000000000000000000 ) ) ;
#1001 = DIRECTION ( 'NONE',  ( 0.4999999999999927836, -0.8660254037844428154, -3.525431591703201070E-16 ) ) ;
#1002 = ORIENTED_EDGE ( 'NONE', *, *, #3020, .F. ) ;
#1003 = EDGE_CURVE ( 'NONE', #2338, #1222, #2184, .T. ) ;
#1004 = VERTEX_POINT ( 'NONE', #2689 ) ;
#1005 = APPROVAL_PERSON_ORGANIZATION ( #1438, #2462, #2541 ) ;
#1006 = CARTESIAN_POINT ( 'NONE',  ( -50.40682345157668465, 36.58373490867721500, 3.499999999999996003 ) ) ;
#1007 = ORIENTED_EDGE ( 'NONE', *, *, #686, .T. ) ;
#1008 = VERTEX_POINT ( 'NONE', #1248 ) ;
#1009 = CARTESIAN_POINT ( 'NONE',  ( 1.593480990324330770, 9.991131518626281984E-17, 0.000000000000000000 ) ) ;
#1010 = CIRCLE ( 'NONE', #783, 1.000000000000001776 ) ;
#1011 = ORIENTED_EDGE ( 'NONE', *, *, #1663, .F. ) ;
#1012 = DIRECTION ( 'NONE',  ( -0.5547001962252319229, 0.000000000000000000, -0.8320502943378418337 ) ) ;
#1013 = AXIS2_PLACEMENT_3D ( 'NONE', #842, #767, #1063 ) ;
#1014 = DIRECTION ( 'NONE',  ( 0.4999999999999922839, -0.8660254037844431485, -0.000000000000000000 ) ) ;
#1015 = EDGE_CURVE ( 'NONE', #1815, #263, #165, .T. ) ;
#1016 = AXIS2_PLACEMENT_3D ( 'NONE', #2627, #72, #2115 ) ;
#1017 = DIRECTION ( 'NONE',  ( 0.000000000000000000, -0.4999999999999999445, 0.8660254037844385966 ) ) ;
#1018 = FACE_OUTER_BOUND ( 'NONE', #501, .T. ) ;
#1019 = EDGE_CURVE ( 'NONE', #126, #556, #1541, .T. ) ;
#1020 = CARTESIAN_POINT ( 'NONE',  ( 0.000000000000000000, -10.05356730124580977, 15.00000000000000000 ) ) ;
#1021 = DIRECTION ( 'NONE',  ( -0.8660254037844387076, 0.4999999999999999445, 0.000000000000000000 ) ) ;
#1022 = ORIENTED_EDGE ( 'NONE', *, *, #3324, .F. ) ;
#1023 = CYLINDRICAL_SURFACE ( 'NONE', #731, 1.000000000000001110 ) ;
#1024 = DIRECTION ( 'NONE',  ( 1.000000000000000000, -3.154042683594195614E-16, 0.000000000000000000 ) ) ;
#1025 = VERTEX_POINT ( 'NONE', #1580 ) ;
#1026 = ORIENTED_EDGE ( 'NONE', *, *, #3572, .F. ) ;
#1027 = DIRECTION ( 'NONE',  ( -1.000000000000000000, 0.000000000000000000, 0.000000000000000000 ) ) ;
#1028 = ORIENTED_EDGE ( 'NONE', *, *, #3327, .T. ) ;
#1029 = CARTESIAN_POINT ( 'NONE',  ( -6.007890314391050701, -2.605507092366959043E-16, 15.00000000000000000 ) ) ;
#1030 = EDGE_LOOP ( 'NONE', ( #542, #2551, #3449, #366 ) ) ;
#1031 = CARTESIAN_POINT ( 'NONE',  ( 35.58949911506908848, 37.74091015342015254, 7.499999999999976907 ) ) ;
#1032 = AXIS2_PLACEMENT_3D ( 'NONE', #929, #1498, #719 ) ;
#1033 = FACE_OUTER_BOUND ( 'NONE', #2431, .T. ) ;
#1034 = VERTEX_POINT ( 'NONE', #2354 ) ;
#1035 = CARTESIAN_POINT ( 'NONE',  ( -61.83502668185223428, 28.17070412110029665, 0.000000000000000000 ) ) ;
#1036 = VECTOR ( 'NONE', #272, 1000.000000000000000 ) ;
#1037 = CARTESIAN_POINT ( 'NONE',  ( 21.10361097518569551, 25.21897335194942258, 0.000000000000000000 ) ) ;
#1038 = LINE ( 'NONE', #3270, #1949 ) ;
#1039 = LINE ( 'NONE', #3516, #1999 ) ;
#1040 = CIRCLE ( 'NONE', #3581, 2.999999999999995559 ) ;
#1041 = ORIENTED_EDGE ( 'NONE', *, *, #983, .F. ) ;
#1042 = LINE ( 'NONE', #401, #3225 ) ;
#1043 = FACE_BOUND ( 'NONE', #2017, .T. ) ;
#1044 = VECTOR ( 'NONE', #1921, 1000.000000000000000 ) ;
#1045 = PRODUCT ( 'Mouving-Platform_D\X2\00e9\X0\faut_sldprt', 'Mouving-Platform_D\X2\00e9\X0\faut_sldprt', '', ( #860 ) ) ;
#1046 = DIRECTION ( 'NONE',  ( 0.4330127018922185211, -0.2500000000000025535, 0.8660254037844382635 ) ) ;
#1047 = VERTEX_POINT ( 'NONE', #1270 ) ;
#1048 = ADVANCED_FACE ( 'NONE', ( #454 ), #3520, .F. ) ;
#1049 = VECTOR ( 'NONE', #3257, 1000.000000000000114 ) ;
#1050 = EDGE_CURVE ( 'NONE', #86, #284, #3256, .T. ) ;
#1051 = LINE ( 'NONE', #774, #870 ) ;
#1052 = ORIENTED_EDGE ( 'NONE', *, *, #2947, .F. ) ;
#1053 = LINE ( 'NONE', #479, #2049 ) ;
#1054 = APPLICATION_CONTEXT ( 'configuration controlled 3d designs of mechanical parts and assemblies' ) ;
#1055 = ORIENTED_EDGE ( 'NONE', *, *, #176, .T. ) ;
#1056 = CARTESIAN_POINT ( 'NONE',  ( -5.657947782061249598, 0.6459795883734815725, 20.00000000000000000 ) ) ;
#1057 = CARTESIAN_POINT ( 'NONE',  ( 1.593480990324334101, -52.24088067398280089, 0.000000000000000000 ) ) ;
#1058 = ADVANCED_FACE ( 'NONE', ( #2921 ), #2651, .T. ) ;
#1059 = ORIENTED_EDGE ( 'NONE', *, *, #1729, .F. ) ;
#1060 = DIRECTION ( 'NONE',  ( 0.000000000000000000, -0.4915977468294984720, 0.8708224017055143928 ) ) ;
#1061 = CARTESIAN_POINT ( 'NONE',  ( -3.208373916920377146E-15, 10.17225903000230858, 0.000000000000000000 ) ) ;
#1062 = CARTESIAN_POINT ( 'NONE',  ( -46.40682345157669175, 34.27433383191868899, 3.499999999999996003 ) ) ;
#1063 = DIRECTION ( 'NONE',  ( 0.5547001962252292584, 0.000000000000000000, 0.8320502943378436100 ) ) ;
#1064 = ORIENTED_EDGE ( 'NONE', *, *, #3239, .T. ) ;
#1065 = LINE ( 'NONE', #2736, #3134 ) ;
#1066 = ORIENTED_EDGE ( 'NONE', *, *, #134, .F. ) ;
#1067 = EDGE_CURVE ( 'NONE', #2394, #1235, #166, .T. ) ;
#1068 = ORIENTED_EDGE ( 'NONE', *, *, #2267, .F. ) ;
#1069 = CARTESIAN_POINT ( 'NONE',  ( -5.657947782061249598, 0.6459795883734815725, 20.00000000000000000 ) ) ;
#1070 = ORIENTED_EDGE ( 'NONE', *, *, #2275, .T. ) ;
#1071 = ADVANCED_FACE ( 'NONE', ( #2943, #1043 ), #3502, .T. ) ;
#1072 = DIRECTION ( 'NONE',  ( -0.5000000000000001110, -0.8660254037844385966, 0.000000000000000000 ) ) ;
#1073 = VERTEX_POINT ( 'NONE', #3197 ) ;
#1074 = APPROVAL ( #620, 'UNSPECIFIED' ) ;
#1075 = CARTESIAN_POINT ( 'NONE',  ( 1.593480990324334101, -52.24088067398280089, 15.00000000000000000 ) ) ;
#1076 = DIRECTION ( 'NONE',  ( 0.8660254037933727833, 0.4999999999845254339, 0.000000000000000000 ) ) ;
#1077 = CARTESIAN_POINT ( 'NONE',  ( -53.33502668185214901, 42.89313598543571260, 0.000000000000000000 ) ) ;
#1078 = DIRECTION ( 'NONE',  ( 0.8660254037844367092, -0.5000000000000035527, 0.000000000000000000 ) ) ;
#1079 = DIRECTION ( 'NONE',  ( -0.5000000000000001110, -0.8660254037844385966, 0.000000000000000000 ) ) ;
#1080 = PLANE ( 'NONE',  #1366 ) ;
#1081 = VECTOR ( 'NONE', #338, 1000.000000000000114 ) ;
#1082 = ORIENTED_EDGE ( 'NONE', *, *, #1709, .T. ) ;
#1083 = CARTESIAN_POINT ( 'NONE',  ( -2.406519009675666787, -46.51147340570300770, 11.52215638432828015 ) ) ;
#1084 = LINE ( 'NONE', #792, #352 ) ;
#1085 = EDGE_CURVE ( 'NONE', #1530, #1830, #1907, .T. ) ;
#1086 = ORIENTED_EDGE ( 'NONE', *, *, #1255, .F. ) ;
#1087 = DIRECTION ( 'NONE',  ( 0.5000000000000038858, 0.8660254037844363761, -0.000000000000000000 ) ) ;
#1088 = ORIENTED_EDGE ( 'NONE', *, *, #26, .T. ) ;
#1089 = CARTESIAN_POINT ( 'NONE',  ( -36.40651900967567656, -44.24088067398282220, 7.500000000000000000 ) ) ;
#1090 = ORIENTED_EDGE ( 'NONE', *, *, #2133, .T. ) ;
#1091 = EDGE_CURVE ( 'NONE', #1219, #3162, #2630, .T. ) ;
#1092 = VECTOR ( 'NONE', #2942, 1000.000000000000227 ) ;
#1093 = DIRECTION ( 'NONE',  ( 0.5547001962252307017, 0.000000000000000000, 0.8320502943378426108 ) ) ;
#1094 = VECTOR ( 'NONE', #3094, 999.9999999999998863 ) ;
#1095 = DIRECTION ( 'NONE',  ( 0.4999999999999946709, 0.8660254037844418162, 0.000000000000000000 ) ) ;
#1096 = CIRCLE ( 'NONE', #3065, 3.000000000000000888 ) ;
#1097 = CARTESIAN_POINT ( 'NONE',  ( -11.87204939719900132, -0.5908806908121062573, 20.00000000000000000 ) ) ;
#1098 = CARTESIAN_POINT ( 'NONE',  ( 0.000000000000000000, 0.000000000000000000, 15.00000000000000000 ) ) ;
#1099 = CARTESIAN_POINT ( 'NONE',  ( -2.007890314391052922, -2.176959040975382090E-16, 15.00000000000000000 ) ) ;
#1100 = ORIENTED_EDGE ( 'NONE', *, *, #148, .F. ) ;
#1101 = LINE ( 'NONE', #589, #2362 ) ;
#1102 = VERTEX_POINT ( 'NONE', #694 ) ;
#1103 = VECTOR ( 'NONE', #1991, 1000.000000000000000 ) ;
#1104 = EDGE_CURVE ( 'NONE', #2159, #3149, #1603, .T. ) ;
#1105 = VERTEX_POINT ( 'NONE', #2388 ) ;
#1106 = VECTOR ( 'NONE', #1385, 1000.000000000000000 ) ;
#1107 = ORIENTED_EDGE ( 'NONE', *, *, #3440, .F. ) ;
#1108 = CARTESIAN_POINT ( 'NONE',  ( 5.399303763771967191, 12.41963133978824274, 15.00000000000000000 ) ) ;
#1109 = VECTOR ( 'NONE', #2473, 1000.000000000000000 ) ;
#1110 = ORIENTED_EDGE ( 'NONE', *, *, #677, .T. ) ;
#1111 = CARTESIAN_POINT ( 'NONE',  ( -13.24029204294138395, -30.05356730124580977, 0.000000000000000000 ) ) ;
#1112 = FACE_BOUND ( 'NONE', #337, .T. ) ;
#1113 = LINE ( 'NONE', #485, #113 ) ;
#1114 = FACE_BOUND ( 'NONE', #3103, .T. ) ;
#1115 = CARTESIAN_POINT ( 'NONE',  ( 2.656402551853586758, 4.601024185165983660, 0.000000000000000000 ) ) ;
#1116 = DIRECTION ( 'NONE',  ( -0.8660254037844432595, -0.4999999999999920064, 0.000000000000000000 ) ) ;
#1117 = EDGE_LOOP ( 'NONE', ( #23, #476, #483, #3432 ) ) ;
#1118 = ORIENTED_EDGE ( 'NONE', *, *, #2437, .T. ) ;
#1119 = CARTESIAN_POINT ( 'NONE',  ( -52.40682345157676281, 23.88202898650545336, 3.500000000000023093 ) ) ;
#1120 = DIRECTION ( 'NONE',  ( -0.8660254037989668641, 0.4999999999748364066, 0.000000000000000000 ) ) ;
#1121 = ORIENTED_EDGE ( 'NONE', *, *, #3589, .F. ) ;
#1122 = ORIENTED_EDGE ( 'NONE', *, *, #532, .F. ) ;
#1123 = LINE ( 'NONE', #2810, #35 ) ;
#1124 = ORIENTED_EDGE ( 'NONE', *, *, #1164, .F. ) ;
#1125 = CARTESIAN_POINT ( 'NONE',  ( 37.58949911506894637, 25.03920423124833405, 7.500000000000001776 ) ) ;
#1126 = EDGE_CURVE ( 'NONE', #1272, #1172, #1781, .T. ) ;
#1127 = CARTESIAN_POINT ( 'NONE',  ( 48.56069725533470205, 28.03653163240282353, 15.00000000000000000 ) ) ;
#1128 = FACE_OUTER_BOUND ( 'NONE', #24, .T. ) ;
#1129 = LINE ( 'NONE', #856, #1901 ) ;
#1130 = VECTOR ( 'NONE', #1454, 999.9999999999998863 ) ;
#1131 = DIRECTION ( 'NONE',  ( -0.000000000000000000, -0.000000000000000000, -1.000000000000000000 ) ) ;
#1132 = DATE_AND_TIME ( #2522, #549 ) ;
#1133 = ORIENTED_EDGE ( 'NONE', *, *, #2609, .T. ) ;
#1134 = DIRECTION ( 'NONE',  ( -0.000000000000000000, -0.000000000000000000, -1.000000000000000000 ) ) ;
#1135 = VECTOR ( 'NONE', #2236, 1000.000000000000000 ) ;
#1136 = EDGE_LOOP ( 'NONE', ( #168, #384, #1118, #288 ) ) ;
#1137 = EDGE_LOOP ( 'NONE', ( #3342, #606, #2499, #1007 ) ) ;
#1138 = LINE ( 'NONE', #557, #1135 ) ;
#1139 = VERTEX_POINT ( 'NONE', #1329 ) ;
#1140 = ORIENTED_EDGE ( 'NONE', *, *, #1126, .T. ) ;
#1141 = PLANE ( 'NONE',  #56 ) ;
#1142 = FACE_OUTER_BOUND ( 'NONE', #2238, .T. ) ;
#1143 = LINE ( 'NONE', #3336, #2687 ) ;
#1144 = EDGE_CURVE ( 'NONE', #831, #1430, #474, .T. ) ;
#1145 = AXIS2_PLACEMENT_3D ( 'NONE', #2688, #727, #1562 ) ;
#1146 = ADVANCED_FACE ( 'NONE', ( #1520 ), #2670, .F. ) ;
#1147 = CARTESIAN_POINT ( 'NONE',  ( 5.399303763771967191, 12.41963133978824274, 15.00000000000000000 ) ) ;
#1148 = LINE ( 'NONE', #1416, #2130 ) ;
#1149 = VECTOR ( 'NONE', #2576, 1000.000000000000114 ) ;
#1150 = DIRECTION ( 'NONE',  ( -0.4999999999999921729, 0.8660254037844431485, -0.000000000000000000 ) ) ;
#1151 = PERSON_AND_ORGANIZATION ( #2304, #3334 ) ;
#1152 = AXIS2_PLACEMENT_3D ( 'NONE', #3161, #2597, #2796 ) ;
#1153 = ORIENTED_EDGE ( 'NONE', *, *, #3090, .T. ) ;
#1154 = LINE ( 'NONE', #3367, #3070 ) ;
#1155 = AXIS2_PLACEMENT_3D ( 'NONE', #2501, #369, #3355 ) ;
#1156 = ORIENTED_EDGE ( 'NONE', *, *, #1085, .F. ) ;
#1157 = AXIS2_PLACEMENT_3D ( 'NONE', #912, #1456, #1524 ) ;
#1158 = ORIENTED_EDGE ( 'NONE', *, *, #2841, .F. ) ;
#1159 = CARTESIAN_POINT ( 'NONE',  ( 9.427335945775952908, 5.442874946034665484, 15.00000000000000000 ) ) ;
#1160 = EDGE_CURVE ( 'NONE', #57, #3227, #1810, .T. ) ;
#1161 = ORIENTED_EDGE ( 'NONE', *, *, #371, .T. ) ;
#1162 = VECTOR ( 'NONE', #3291, 1000.000000000000114 ) ;
#1163 = ORIENTED_EDGE ( 'NONE', *, *, #1529, .F. ) ;
#1164 = EDGE_CURVE ( 'NONE', #2334, #3102, #770, .T. ) ;
#1165 = DIRECTION ( 'NONE',  ( 0.4999999999999922839, -0.8660254037844431485, -0.000000000000000000 ) ) ;
#1166 = FACE_OUTER_BOUND ( 'NONE', #621, .T. ) ;
#1167 = FACE_OUTER_BOUND ( 'NONE', #2424, .T. ) ;
#1168 = DIRECTION ( 'NONE',  ( -0.5000000000000041078, -0.8660254037844363761, 0.000000000000000000 ) ) ;
#1169 = ADVANCED_FACE ( 'NONE', ( #3328 ), #1641, .F. ) ;
#1170 = DIRECTION ( 'NONE',  ( -1.626303258728255418E-16, 9.389466242107337623E-17, -1.000000000000000000 ) ) ;
#1171 = PERSON_AND_ORGANIZATION_ROLE ( 'classification_officer' ) ;
#1172 = VERTEX_POINT ( 'NONE', #811 ) ;
#1173 = PLANE ( 'NONE',  #692 ) ;
#1174 = ORIENTED_EDGE ( 'NONE', *, *, #2947, .T. ) ;
#1175 = ORIENTED_EDGE ( 'NONE', *, *, #3159, .F. ) ;
#1176 = ADVANCED_FACE ( 'NONE', ( #844 ), #316, .T. ) ;
#1177 = DIRECTION ( 'NONE',  ( -0.7500000000000036637, -0.4330127018922124149, -0.5000000000000005551 ) ) ;
#1178 = ORIENTED_EDGE ( 'NONE', *, *, #27, .F. ) ;
#1179 = EDGE_CURVE ( 'NONE', #1004, #146, #11, .T. ) ;
#1180 = DIRECTION ( 'NONE',  ( 1.000000000000000000, 0.000000000000000000, 0.000000000000000000 ) ) ;
#1181 = DIRECTION ( 'NONE',  ( 1.000000000000000000, 0.000000000000000000, 0.000000000000000000 ) ) ;
#1182 = DIRECTION ( 'NONE',  ( -0.000000000000000000, -0.000000000000000000, -1.000000000000000000 ) ) ;
#1183 = CARTESIAN_POINT ( 'NONE',  ( -3.784035059319323491, 3.891691633112231319, 17.56903954882624674 ) ) ;
#1184 = DIRECTION ( 'NONE',  ( 0.8660254037844367092, -0.5000000000000035527, 0.000000000000000000 ) ) ;
#1185 = CARTESIAN_POINT ( 'NONE',  ( -11.87204939719900132, 11.40911930918789885, 20.00000000000000000 ) ) ;
#1186 = COORDINATED_UNIVERSAL_TIME_OFFSET ( 1, 0, .AHEAD. ) ;
#1187 = ORIENTED_EDGE ( 'NONE', *, *, #3295, .F. ) ;
#1188 = DIRECTION ( 'NONE',  ( 0.000000000000000000, 0.000000000000000000, 1.000000000000000000 ) ) ;
#1189 = ORIENTED_EDGE ( 'NONE', *, *, #1927, .F. ) ;
#1190 = VERTEX_POINT ( 'NONE', #3041 ) ;
#1191 = DIRECTION ( 'NONE',  ( -0.8660254037844431485, -0.4999999999999921729, 0.000000000000000000 ) ) ;
#1192 = VECTOR ( 'NONE', #500, 1000.000000000000000 ) ;
#1193 = LINE ( 'NONE', #3375, #755 ) ;
#1194 = CARTESIAN_POINT ( 'NONE',  ( -46.40682345157669175, 34.27433383191868899, 11.50000000000000355 ) ) ;
#1195 = CARTESIAN_POINT ( 'NONE',  ( -2.406519009675666787, -46.51147340570300770, 11.52215638432828015 ) ) ;
#1196 = CARTESIAN_POINT ( 'NONE',  ( 41.58949911506896058, 27.34860530800679967, 7.500000000000001776 ) ) ;
#1197 = CARTESIAN_POINT ( 'NONE',  ( 25.58949911506903163, 36.58620961504095703, 7.500000000000020428 ) ) ;
#1198 = DATE_TIME_ROLE ( 'classification_date' ) ;
#1199 = AXIS2_PLACEMENT_3D ( 'NONE', #1557, #1924, #236 ) ;
#1200 = EDGE_CURVE ( 'NONE', #2356, #2185, #1677, .T. ) ;
#1201 = CARTESIAN_POINT ( 'NONE',  ( -11.15794778206124960, 0.6459795883734832378, -1.000000000000004441 ) ) ;
#1202 = AXIS2_PLACEMENT_3D ( 'NONE', #1437, #1170, #566 ) ;
#1203 = EDGE_LOOP ( 'NONE', ( #999, #3373, #1475, #820 ) ) ;
#1204 = CARTESIAN_POINT ( 'NONE',  ( -52.40682345157668465, 37.73843544705647446, 7.499999999999994671 ) ) ;
#1205 = AXIS2_PLACEMENT_3D ( 'NONE', #3091, #911, #3378 ) ;
#1206 = ORIENTED_EDGE ( 'NONE', *, *, #1509, .F. ) ;
#1207 = VERTEX_POINT ( 'NONE', #3580 ) ;
#1208 = LINE ( 'NONE', #3140, #2425 ) ;
#1209 = FACE_OUTER_BOUND ( 'NONE', #828, .T. ) ;
#1210 = AXIS2_PLACEMENT_3D ( 'NONE', #2263, #2835, #1027 ) ;
#1211 = EDGE_CURVE ( 'NONE', #2307, #1871, #1065, .T. ) ;
#1212 = FACE_BOUND ( 'NONE', #3529, .T. ) ;
#1213 = AXIS2_PLACEMENT_3D ( 'NONE', #3488, #2456, #1335 ) ;
#1214 = DIRECTION ( 'NONE',  ( 0.5000000000000000000, -0.8660254037844385966, 0.000000000000000000 ) ) ;
#1215 = LINE ( 'NONE', #2315, #2009 ) ;
#1216 = VECTOR ( 'NONE', #517, 1000.000000000000000 ) ;
#1217 = CARTESIAN_POINT ( 'NONE',  ( 38.01770234534460258, 40.29753448044602493, 15.00000000000000000 ) ) ;
#1218 = FACE_OUTER_BOUND ( 'NONE', #3007, .T. ) ;
#1219 = VERTEX_POINT ( 'NONE', #2751 ) ;
#1220 = DIRECTION ( 'NONE',  ( 0.4999999999999922839, -0.8660254037844431485, 3.845925372767127140E-16 ) ) ;
#1221 = ORIENTED_EDGE ( 'NONE', *, *, #1958, .T. ) ;
#1222 = VERTEX_POINT ( 'NONE', #3560 ) ;
#1223 = DIRECTION ( 'NONE',  ( 0.000000000000000000, -0.4999999999999996114, -0.8660254037844389297 ) ) ;
#1224 = PLANE ( 'NONE',  #1252 ) ;
#1225 = DIRECTION ( 'NONE',  ( -1.000000000000000000, 0.000000000000000000, 0.000000000000000000 ) ) ;
#1226 = CARTESIAN_POINT ( 'NONE',  ( -2.959798312421623834, -5.126521057270823079, 0.000000000000000000 ) ) ;
#1227 = CARTESIAN_POINT ( 'NONE',  ( -54.83502668185217743, 40.29505977408241080, 15.00000000000000000 ) ) ;
#1228 = CARTESIAN_POINT ( 'NONE',  ( -13.10518748202599681, 9.273261493519388665, 17.56903954882624674 ) ) ;
#1229 = ORIENTED_EDGE ( 'NONE', *, *, #3476, .F. ) ;
#1230 = DIRECTION ( 'NONE',  ( -0.8660254037844363761, 0.5000000000000039968, 0.000000000000000000 ) ) ;
#1231 = ADVANCED_FACE ( 'NONE', ( #25 ), #829, .F. ) ;
#1232 = ORIENTED_EDGE ( 'NONE', *, *, #2823, .T. ) ;
#1233 = ORIENTED_EDGE ( 'NONE', *, *, #1644, .T. ) ;
#1234 = DIRECTION ( 'NONE',  ( 1.000000000000000000, -0.000000000000000000, 0.000000000000000000 ) ) ;
#1235 = VERTEX_POINT ( 'NONE', #1910 ) ;
#1236 = CARTESIAN_POINT ( 'NONE',  ( -14.40651900967566945, -41.93147959722431040, 3.500000000000003109 ) ) ;
#1237 = VECTOR ( 'NONE', #2667, 1000.000000000000000 ) ;
#1238 = EDGE_LOOP ( 'NONE', ( #433, #2457, #2949, #3164 ) ) ;
#1239 = FACE_OUTER_BOUND ( 'NONE', #1548, .T. ) ;
#1240 = EDGE_CURVE ( 'NONE', #1370, #3402, #1658, .T. ) ;
#1241 = CARTESIAN_POINT ( 'NONE',  ( 35.58949911506893216, 23.88450369286909591, 3.499999999999989342 ) ) ;
#1242 = EDGE_CURVE ( 'NONE', #963, #1857, #3080, .T. ) ;
#1243 = LINE ( 'NONE', #2347, #2932 ) ;
#1244 = FACE_OUTER_BOUND ( 'NONE', #2619, .T. ) ;
#1245 = LINE ( 'NONE', #1559, #428 ) ;
#1246 = ORIENTED_EDGE ( 'NONE', *, *, #598, .T. ) ;
#1247 = LINE ( 'NONE', #2353, #2474 ) ;
#1248 = CARTESIAN_POINT ( 'NONE',  ( -18.40651900967566590, -52.24088067398280089, 0.000000000000000000 ) ) ;
#1249 = VECTOR ( 'NONE', #2346, 1000.000000000000000 ) ;
#1250 = VERTEX_POINT ( 'NONE', #1694 ) ;
#1251 = ORIENTED_EDGE ( 'NONE', *, *, #981, .T. ) ;
#1252 = AXIS2_PLACEMENT_3D ( 'NONE', #2055, #1782, #2892 ) ;
#1253 = FACE_OUTER_BOUND ( 'NONE', #1855, .T. ) ;
#1254 = VERTEX_POINT ( 'NONE', #2157 ) ;
#1255 = EDGE_CURVE ( 'NONE', #1393, #2545, #1101, .T. ) ;
#1256 = CARTESIAN_POINT ( 'NONE',  ( -4.028032182003985717, 6.976756393753575480, 15.00000000000000000 ) ) ;
#1257 = ADVANCED_FACE ( 'NONE', ( #3058 ), #1368, .F. ) ;
#1258 = ORIENTED_EDGE ( 'NONE', *, *, #2339, .F. ) ;
#1259 = CARTESIAN_POINT ( 'NONE',  ( -44.40682345157666333, 42.35723760057344123, 7.500000000000000000 ) ) ;
#1260 = VECTOR ( 'NONE', #1515, 999.9999999999998863 ) ;
#1261 = DIRECTION ( 'NONE',  ( -4.336808689942017736E-17, 1.000000000000000000, 0.000000000000000000 ) ) ;
#1262 = VECTOR ( 'NONE', #3004, 1000.000000000000114 ) ;
#1263 = CARTESIAN_POINT ( 'NONE',  ( -18.40651900967566590, -46.55028175074131980, 3.500000000000002665 ) ) ;
#1264 = ADVANCED_FACE ( 'NONE', ( #1405 ), #2508, .T. ) ;
#1265 = CARTESIAN_POINT ( 'NONE',  ( -9.240292042941389283, -1.602935153177211898E-15, 15.00000000000000000 ) ) ;
#1266 = VECTOR ( 'NONE', #632, 1000.000000000000114 ) ;
#1267 = FACE_OUTER_BOUND ( 'NONE', #163, .T. ) ;
#1268 = ORIENTED_EDGE ( 'NONE', *, *, #127, .T. ) ;
#1269 = DIRECTION ( 'NONE',  ( -0.4330127018922176330, 0.2500000000000021094, 0.8660254037844389297 ) ) ;
#1270 = CARTESIAN_POINT ( 'NONE',  ( -48.40682345157666333, 40.04783652381495784, 3.499999999999996003 ) ) ;
#1271 = ORIENTED_EDGE ( 'NONE', *, *, #713, .T. ) ;
#1272 = VERTEX_POINT ( 'NONE', #791 ) ;
#1273 = EDGE_CURVE ( 'NONE', #1426, #3272, #1886, .T. ) ;
#1274 = EDGE_CURVE ( 'NONE', #2733, #1561, #280, .T. ) ;
#1275 = LINE ( 'NONE', #498, #2784 ) ;
#1276 = ORIENTED_EDGE ( 'NONE', *, *, #647, .T. ) ;
#1277 = CARTESIAN_POINT ( 'NONE',  ( 26.74784402146482165, 15.44287494603449673, 15.00000000000000000 ) ) ;
#1278 = ORIENTED_EDGE ( 'NONE', *, *, #2841, .T. ) ;
#1279 = EDGE_CURVE ( 'NONE', #3518, #314, #2451, .T. ) ;
#1280 = DIRECTION ( 'NONE',  ( 0.8660254037844415942, -0.4999999999999949485, -0.000000000000000000 ) ) ;
#1281 = EDGE_CURVE ( 'NONE', #155, #3261, #3313, .T. ) ;
#1282 = FACE_OUTER_BOUND ( 'NONE', #2874, .T. ) ;
#1283 = CARTESIAN_POINT ( 'NONE',  ( 1.593480990324330770, -0.3652082848297941720, 15.00000000000000000 ) ) ;
#1284 = DIRECTION ( 'NONE',  ( 1.000000000000000000, 1.734723475976807094E-16, -0.000000000000000000 ) ) ;
#1285 = FACE_OUTER_BOUND ( 'NONE', #10, .T. ) ;
#1286 = VERTEX_POINT ( 'NONE', #1380 ) ;
#1287 = DIRECTION ( 'NONE',  ( -1.000000000000000000, 0.000000000000000000, 8.131516293641332559E-17 ) ) ;
#1288 = CARTESIAN_POINT ( 'NONE',  ( -14.40651900967566945, 8.025349355588640174E-16, 0.000000000000000000 ) ) ;
#1289 = FACE_OUTER_BOUND ( 'NONE', #3099, .T. ) ;
#1290 = CARTESIAN_POINT ( 'NONE',  ( -2.907947782061249598, 5.409119309187894409, 20.00000000000000000 ) ) ;
#1291 = ORIENTED_EDGE ( 'NONE', *, *, #2286, .T. ) ;
#1292 = CARTESIAN_POINT ( 'NONE',  ( -12.53403505931934880, 7.788805950142153378, 17.56903954882624674 ) ) ;
#1293 = VERTEX_POINT ( 'NONE', #2746 ) ;
#1294 = CARTESIAN_POINT ( 'NONE',  ( 1.593480990324330770, 9.991131518626281984E-17, 15.00000000000000000 ) ) ;
#1295 = AXIS2_PLACEMENT_3D ( 'NONE', #3000, #2732, #44 ) ;
#1296 = CARTESIAN_POINT ( 'NONE',  ( -4.444204312162552739, 7.697587668199879829, 15.00000000000000000 ) ) ;
#1297 = ORIENTED_EDGE ( 'NONE', *, *, #3500, .F. ) ;
#1298 = VERTEX_POINT ( 'NONE', #3250 ) ;
#1299 = CARTESIAN_POINT ( 'NONE',  ( 5.399303763771967191, 12.41963133978824274, 0.000000000000000000 ) ) ;
#1300 = DIRECTION ( 'NONE',  ( -0.8660254037844363761, 0.5000000000000041078, 0.000000000000000000 ) ) ;
#1301 = DIRECTION ( 'NONE',  ( -0.000000000000000000, 0.000000000000000000, 1.000000000000000000 ) ) ;
#1302 = EDGE_CURVE ( 'NONE', #440, #963, #213, .T. ) ;
#1303 = FACE_OUTER_BOUND ( 'NONE', #1582, .T. ) ;
#1304 = ORIENTED_EDGE ( 'NONE', *, *, #3312, .T. ) ;
#1305 = ADVANCED_FACE ( 'NONE', ( #1341 ), #3305, .F. ) ;
#1306 = DIRECTION ( 'NONE',  ( -0.8660254037933728943, -0.4999999999845256005, 0.000000000000000000 ) ) ;
#1307 = DIRECTION ( 'NONE',  ( -0.8660254037844430375, -0.4999999999999925060, 0.000000000000000000 ) ) ;
#1308 = CARTESIAN_POINT ( 'NONE',  ( -52.40682345157678412, 23.88202898650546047, 11.50000000000000355 ) ) ;
#1309 = VECTOR ( 'NONE', #2685, 1000.000000000000000 ) ;
#1310 = AXIS2_PLACEMENT_3D ( 'NONE', #453, #2961, #2085 ) ;
#1311 = ADVANCED_FACE ( 'NONE', ( #1881 ), #2974, .F. ) ;
#1312 = CARTESIAN_POINT ( 'NONE',  ( 21.10361097518569551, 25.21897335194942258, 15.00000000000000000 ) ) ;
#1313 = ORIENTED_EDGE ( 'NONE', *, *, #345, .F. ) ;
#1314 = DIRECTION ( 'NONE',  ( -0.000000000000000000, -0.000000000000000000, -1.000000000000000000 ) ) ;
#1315 = ORIENTED_EDGE ( 'NONE', *, *, #840, .T. ) ;
#1316 = CARTESIAN_POINT ( 'NONE',  ( 0.000000000000000000, -55.24088067398282931, 15.00000000000000000 ) ) ;
#1317 = FACE_OUTER_BOUND ( 'NONE', #3024, .T. ) ;
#1318 = VERTEX_POINT ( 'NONE', #1319 ) ;
#1319 = CARTESIAN_POINT ( 'NONE',  ( -56.40682345157673439, 26.19143006326396517, 11.50000000000000355 ) ) ;
#1320 = VECTOR ( 'NONE', #1705, 1000.000000000000000 ) ;
#1321 = CARTESIAN_POINT ( 'NONE',  ( 37.58949911506889663, 20.42040207773132110, 3.499999999999989342 ) ) ;
#1322 = EDGE_CURVE ( 'NONE', #3504, #1880, #2426, .T. ) ;
#1323 = CARTESIAN_POINT ( 'NONE',  ( -1.479744551785738826, 5.409119309187896185, 20.00000000000000000 ) ) ;
#1324 = CARTESIAN_POINT ( 'NONE',  ( -6.007890314391048925, -30.05356730124580977, 15.00000000000000000 ) ) ;
#1325 = VECTOR ( 'NONE', #2410, 1000.000000000000114 ) ;
#1326 = ORIENTED_EDGE ( 'NONE', *, *, #631, .F. ) ;
#1327 = CARTESIAN_POINT ( 'NONE',  ( -15.33615101233675837, 5.409119309187894409, 20.00000000000000000 ) ) ;
#1328 = EDGE_CURVE ( 'NONE', #1728, #457, #2193, .T. ) ;
#1329 = CARTESIAN_POINT ( 'NONE',  ( -54.40682345157677702, 20.41792737136770697, 3.500000000000023093 ) ) ;
#1330 = AXIS2_PLACEMENT_3D ( 'NONE', #3582, #2203, #3314 ) ;
#1331 = ORIENTED_EDGE ( 'NONE', *, *, #2673, .T. ) ;
#1332 = EDGE_CURVE ( 'NONE', #404, #34, #763, .T. ) ;
#1333 = EDGE_LOOP ( 'NONE', ( #2754, #2858, #418, #3296 ) ) ;
#1334 = VECTOR ( 'NONE', #2578, 1000.000000000000000 ) ;
#1335 = DIRECTION ( 'NONE',  ( 0.000000000000000000, 1.000000000000000000, 0.000000000000000000 ) ) ;
#1336 = ORIENTED_EDGE ( 'NONE', *, *, #1240, .T. ) ;
#1337 = FACE_BOUND ( 'NONE', #544, .T. ) ;
#1338 = VERTEX_POINT ( 'NONE', #3551 ) ;
#1339 = FACE_OUTER_BOUND ( 'NONE', #3139, .T. ) ;
#1340 = CARTESIAN_POINT ( 'NONE',  ( 1.593480990324333657, -46.51147340570300770, 11.52215638432828015 ) ) ;
#1341 = FACE_OUTER_BOUND ( 'NONE', #3275, .T. ) ;
#1342 = CARTESIAN_POINT ( 'NONE',  ( -52.40682345157676281, 23.88202898650545336, 3.500000000000023093 ) ) ;
#1343 = DIRECTION ( 'NONE',  ( -1.945223770929958834E-11, -1.000000000000000000, 0.000000000000000000 ) ) ;
#1344 = ORIENTED_EDGE ( 'NONE', *, *, #229, .T. ) ;
#1345 = ORIENTED_EDGE ( 'NONE', *, *, #3295, .T. ) ;
#1346 = CARTESIAN_POINT ( 'NONE',  ( -6.007890314391050701, -2.605507092366959043E-16, 0.000000000000000000 ) ) ;
#1347 = LINE ( 'NONE', #258, #1216 ) ;
#1348 = EDGE_CURVE ( 'NONE', #424, #57, #1113, .T. ) ;
#1349 = ORIENTED_EDGE ( 'NONE', *, *, #938, .F. ) ;
#1350 = ORIENTED_EDGE ( 'NONE', *, *, #970, .T. ) ;
#1351 = EDGE_CURVE ( 'NONE', #1699, #2439, #3285, .T. ) ;
#1352 = LINE ( 'NONE', #2103, #2598 ) ;
#1353 = VERTEX_POINT ( 'NONE', #1900 ) ;
#1354 = EDGE_CURVE ( 'NONE', #1464, #2439, #3573, .T. ) ;
#1355 = CARTESIAN_POINT ( 'NONE',  ( 24.71981183946079952, 18.95552972465031516, 15.00000000000000000 ) ) ;
#1356 = VERTEX_POINT ( 'NONE', #507 ) ;
#1357 = DIRECTION ( 'NONE',  ( -0.8660254037844360431, 0.5000000000000045519, 0.000000000000000000 ) ) ;
#1358 = PLANE ( 'NONE',  #154 ) ;
#1359 = CIRCLE ( 'NONE', #3559, 1.000000000000001776 ) ;
#1360 = CARTESIAN_POINT ( 'NONE',  ( -5.644233046279127919, 9.776098405914920519, 0.000000000000000000 ) ) ;
#1361 = FACE_BOUND ( 'NONE', #2671, .T. ) ;
#1362 = EDGE_CURVE ( 'NONE', #1836, #2102, #1594, .T. ) ;
#1363 = LINE ( 'NONE', #2468, #3343 ) ;
#1364 = CARTESIAN_POINT ( 'NONE',  ( -56.40682345157674149, 26.19143006326396517, 3.500000000000023981 ) ) ;
#1365 = ORIENTED_EDGE ( 'NONE', *, *, #3052, .T. ) ;
#1366 = AXIS2_PLACEMENT_3D ( 'NONE', #3556, #551, #1116 ) ;
#1367 = ORIENTED_EDGE ( 'NONE', *, *, #1461, .F. ) ;
#1368 = PLANE ( 'NONE',  #815 ) ;
#1369 = EDGE_LOOP ( 'NONE', ( #1982, #2986, #540, #2639 ) ) ;
#1370 = VERTEX_POINT ( 'NONE', #1299 ) ;
#1371 = VERTEX_POINT ( 'NONE', #1077 ) ;
#1372 = FACE_OUTER_BOUND ( 'NONE', #2918, .T. ) ;
#1373 = ORIENTED_EDGE ( 'NONE', *, *, #2665, .F. ) ;
#1374 = AXIS2_PLACEMENT_3D ( 'NONE', #2780, #2629, #3215 ) ;
#1375 = CARTESIAN_POINT ( 'NONE',  ( -9.240292042941387507, -10.05356730124580977, 0.000000000000000000 ) ) ;
#1376 = EDGE_CURVE ( 'NONE', #320, #514, #3513, .T. ) ;
#1377 = VECTOR ( 'NONE', #1635, 1000.000000000000000 ) ;
#1378 = CYLINDRICAL_SURFACE ( 'NONE', #1651, 3.000000000000002665 ) ;
#1379 = AXIS2_PLACEMENT_3D ( 'NONE', #1989, #1722, #563 ) ;
#1380 = CARTESIAN_POINT ( 'NONE',  ( 27.58949911506908137, 37.74091015342021649, 11.50000000000003730 ) ) ;
#1381 = DIRECTION ( 'NONE',  ( -0.8660254037844363761, 0.5000000000000041078, 0.000000000000000000 ) ) ;
#1382 = FACE_OUTER_BOUND ( 'NONE', #1510, .T. ) ;
#1383 = ORIENTED_EDGE ( 'NONE', *, *, #1015, .F. ) ;
#1384 = EDGE_CURVE ( 'NONE', #1875, #1338, #1040, .T. ) ;
#1385 = DIRECTION ( 'NONE',  ( 4.336808689942017736E-17, -1.000000000000000000, 0.000000000000000000 ) ) ;
#1386 = DIRECTION ( 'NONE',  ( -0.5000000000000039968, -0.8660254037844363761, -0.000000000000000000 ) ) ;
#1387 = CIRCLE ( 'NONE', #3587, 3.000000000000006661 ) ;
#1388 = ORIENTED_EDGE ( 'NONE', *, *, #681, .T. ) ;
#1389 = EDGE_CURVE ( 'NONE', #1034, #1356, #923, .T. ) ;
#1390 = VECTOR ( 'NONE', #234, 1000.000000000000000 ) ;
#1391 = ORIENTED_EDGE ( 'NONE', *, *, #1786, .F. ) ;
#1392 = CARTESIAN_POINT ( 'NONE',  ( -50.40682345157668465, 36.58373490867720790, 11.50000000000000355 ) ) ;
#1393 = VERTEX_POINT ( 'NONE', #1614 ) ;
#1394 = AXIS2_PLACEMENT_3D ( 'NONE', #1499, #638, #931 ) ;
#1395 = EDGE_LOOP ( 'NONE', ( #2140, #2495, #356, #2908 ) ) ;
#1396 = EDGE_CURVE ( 'NONE', #230, #3096, #547, .T. ) ;
#1397 = DIRECTION ( 'NONE',  ( 0.000000000000000000, 1.000000000000000000, 0.000000000000000000 ) ) ;
#1398 = DIRECTION ( 'NONE',  ( 0.8660254037844417052, -0.4999999999999949485, 0.000000000000000000 ) ) ;
#1399 = ADVANCED_FACE ( 'NONE', ( #3268 ), #2727, .T. ) ;
#1400 = CARTESIAN_POINT ( 'NONE',  ( -11.15794778206124960, 0.6459795883734832378, 20.00000000000000000 ) ) ;
#1401 = DIRECTION ( 'NONE',  ( -0.4330127018922170778, 0.2500000000000019429, -0.8660254037844392627 ) ) ;
#1402 = LINE ( 'NONE', #22, #2587 ) ;
#1403 = APPROVAL_STATUS ( 'not_yet_approved' ) ;
#1404 = EDGE_LOOP ( 'NONE', ( #242, #1661, #1163, #2104, #2617, #2973 ) ) ;
#1405 = FACE_OUTER_BOUND ( 'NONE', #494, .T. ) ;
#1406 = ORIENTED_EDGE ( 'NONE', *, *, #295, .T. ) ;
#1407 = EDGE_LOOP ( 'NONE', ( #960, #2402, #661, #578 ) ) ;
#1408 = EDGE_CURVE ( 'NONE', #184, #1298, #2683, .T. ) ;
#1409 = LINE ( 'NONE', #3063, #197 ) ;
#1410 = ORIENTED_EDGE ( 'NONE', *, *, #3262, .T. ) ;
#1411 = ORIENTED_EDGE ( 'NONE', *, *, #393, .T. ) ;
#1412 = CARTESIAN_POINT ( 'NONE',  ( -11.87204939719900132, -0.5908806908121062573, 20.00000000000000000 ) ) ;
#1413 = CARTESIAN_POINT ( 'NONE',  ( -9.240292042941383954, -30.05356730124580977, 15.00000000000000000 ) ) ;
#1414 = LINE ( 'NONE', #3321, #1130 ) ;
#1415 = DIRECTION ( 'NONE',  ( -0.7500000000000062172, -0.4330127018922138582, -0.4999999999999955036 ) ) ;
#1416 = CARTESIAN_POINT ( 'NONE',  ( -64.43310289320554318, 29.67070412110032862, 15.00000000000000000 ) ) ;
#1417 = DIRECTION ( 'NONE',  ( -0.8660254037844389297, 0.4999999999999995559, 0.000000000000000000 ) ) ;
#1418 = CALENDAR_DATE ( 2025, 1, 5 ) ;
#1419 = APPLICATION_CONTEXT ( 'configuration controlled 3d designs of mechanical parts and assemblies' ) ;
#1420 = ORIENTED_EDGE ( 'NONE', *, *, #2371, .T. ) ;
#1421 = AXIS2_PLACEMENT_3D ( 'NONE', #1277, #2440, #188 ) ;
#1422 = CARTESIAN_POINT ( 'NONE',  ( -4.444204312162552739, 7.697587668199879829, 0.000000000000000000 ) ) ;
#1423 = EDGE_CURVE ( 'NONE', #2779, #1875, #2245, .T. ) ;
#1424 = VECTOR ( 'NONE', #1917, 1000.000000000000000 ) ;
#1425 = EDGE_CURVE ( 'NONE', #2768, #2159, #2783, .T. ) ;
#1426 = VERTEX_POINT ( 'NONE', #1434 ) ;
#1427 = ORIENTED_EDGE ( 'NONE', *, *, #3471, .T. ) ;
#1428 = CARTESIAN_POINT ( 'NONE',  ( 46.51770234534444626, 25.57510261611048819, 0.000000000000000000 ) ) ;
#1429 = EDGE_LOOP ( 'NONE', ( #1271, #2088, #1673, #1714 ) ) ;
#1430 = VERTEX_POINT ( 'NONE', #2262 ) ;
#1431 = ADVANCED_FACE ( 'NONE', ( #1167 ), #635, .T. ) ;
#1432 = DIRECTION ( 'NONE',  ( -0.5000000000000038858, -0.8660254037844364872, 0.000000000000000000 ) ) ;
#1433 = FACE_BOUND ( 'NONE', #3433, .T. ) ;
#1434 = CARTESIAN_POINT ( 'NONE',  ( 1.590623445553144055, -0.3635584805870388236, 0.000000000000000000 ) ) ;
#1435 = CARTESIAN_POINT ( 'NONE',  ( -52.40682345157680544, 19.26322683298845462, 7.499999999999996447 ) ) ;
#1436 = AXIS2_PLACEMENT_3D ( 'NONE', #2912, #668, #3188 ) ;
#1437 = CARTESIAN_POINT ( 'NONE',  ( -56.40682345157674149, 26.19143006326396517, 3.500000000000023981 ) ) ;
#1438 = PERSON_AND_ORGANIZATION ( #2304, #3334 ) ;
#1439 = VECTOR ( 'NONE', #269, 1000.000000000000000 ) ;
#1440 = ORIENTED_EDGE ( 'NONE', *, *, #1867, .F. ) ;
#1441 = EDGE_CURVE ( 'NONE', #1627, #2656, #2799, .T. ) ;
#1442 = CARTESIAN_POINT ( 'NONE',  ( 41.58949911506891794, 22.72980315448978672, 3.499999999999988898 ) ) ;
#1443 = VECTOR ( 'NONE', #1936, 1000.000000000000000 ) ;
#1444 = VERTEX_POINT ( 'NONE', #838 ) ;
#1445 = ADVANCED_FACE ( 'NONE', ( #309, #2574 ), #3071, .T. ) ;
#1446 = AXIS2_PLACEMENT_3D ( 'NONE', #2097, #2646, #2936 ) ;
#1447 = ORIENTED_EDGE ( 'NONE', *, *, #148, .T. ) ;
#1448 = PRODUCT_RELATED_PRODUCT_CATEGORY ( 'detail', '', ( #1045 ) ) ;
#1449 = FACE_OUTER_BOUND ( 'NONE', #603, .T. ) ;
#1450 = ORIENTED_EDGE ( 'NONE', *, *, #495, .F. ) ;
#1451 = VECTOR ( 'NONE', #3236, 1000.000000000000114 ) ;
#1452 = EDGE_LOOP ( 'NONE', ( #691, #399, #223, #368 ) ) ;
#1453 = DIRECTION ( 'NONE',  ( -0.000000000000000000, 0.000000000000000000, 1.000000000000000000 ) ) ;
#1454 = DIRECTION ( 'NONE',  ( -0.5000000000000035527, -0.8660254037844365982, 0.000000000000000000 ) ) ;
#1455 = DIRECTION ( 'NONE',  ( -0.5547001962252224860, 0.000000000000000000, 0.8320502943378480509 ) ) ;
#1456 = DIRECTION ( 'NONE',  ( 5.460059578768452242E-17, -0.8708224017055145039, -0.4915977468294984165 ) ) ;
#1457 = CARTESIAN_POINT ( 'NONE',  ( -58.40682345157672728, 27.34613060164322462, 7.500000000000004441 ) ) ;
#1458 = CARTESIAN_POINT ( 'NONE',  ( 40.61577855669793991, 41.79753448044598940, 0.000000000000000000 ) ) ;
#1459 = DATE_TIME_ROLE ( 'creation_date' ) ;
#1460 = ORIENTED_EDGE ( 'NONE', *, *, #1803, .T. ) ;
#1461 = EDGE_CURVE ( 'NONE', #1393, #3518, #293, .T. ) ;
#1462 = LINE ( 'NONE', #2882, #2731 ) ;
#1463 = ORIENTED_EDGE ( 'NONE', *, *, #895, .T. ) ;
#1464 = VERTEX_POINT ( 'NONE', #2227 ) ;
#1465 = CARTESIAN_POINT ( 'NONE',  ( -50.40682345157668465, 36.58373490867721500, 3.499999999999996003 ) ) ;
#1466 = CARTESIAN_POINT ( 'NONE',  ( 29.58949911506899966, 34.27680853828241681, 3.499999999999986677 ) ) ;
#1467 = DIRECTION ( 'NONE',  ( 0.5000000000000000000, 0.8660254037844387076, 0.000000000000000000 ) ) ;
#1468 = CARTESIAN_POINT ( 'NONE',  ( -63.33502668185224138, 25.57262790974698774, 15.00000000000000000 ) ) ;
#1469 = DIRECTION ( 'NONE',  ( 0.8660254037844432595, 0.4999999999999918954, -9.389466242107256271E-17 ) ) ;
#1470 = CARTESIAN_POINT ( 'NONE',  ( -6.007890314391049813, -10.05356730124580977, 15.00000000000000000 ) ) ;
#1471 = LINE ( 'NONE', #7, #49 ) ;
#1472 = ORIENTED_EDGE ( 'NONE', *, *, #1242, .T. ) ;
#1473 = CC_DESIGN_APPROVAL ( #1074, ( #1935 ) ) ;
#1474 = CARTESIAN_POINT ( 'NONE',  ( -5.657947782061249598, 0.6459795883734815725, -1.000000000000004441 ) ) ;
#1475 = ORIENTED_EDGE ( 'NONE', *, *, #3454, .F. ) ;
#1476 = DIRECTION ( 'NONE',  ( -0.4999999999999922839, 0.8660254037844431485, -3.845925372767126647E-16 ) ) ;
#1477 = ORIENTED_EDGE ( 'NONE', *, *, #3461, .T. ) ;
#1478 = EDGE_CURVE ( 'NONE', #2220, #672, #1671, .T. ) ;
#1479 = CARTESIAN_POINT ( 'NONE',  ( -44.40682345157669175, 33.11963329353943664, 7.499999999999994671 ) ) ;
#1480 = CARTESIAN_POINT ( 'NONE',  ( -4.284035059319323935, 3.025666229327791612, 17.56903954882624674 ) ) ;
#1481 = CARTESIAN_POINT ( 'NONE',  ( -14.40651900967566945, -41.93147959722431040, 3.500000000000003109 ) ) ;
#1482 = DIRECTION ( 'NONE',  ( -0.000000000000000000, -0.000000000000000000, -1.000000000000000000 ) ) ;
#1483 = LINE ( 'NONE', #2589, #801 ) ;
#1484 = CC_DESIGN_PERSON_AND_ORGANIZATION_ASSIGNMENT ( #2282, #64, ( #2573 ) ) ;
#1485 = VECTOR ( 'NONE', #1804, 1000.000000000000000 ) ;
#1486 = DIRECTION ( 'NONE',  ( -0.4999999999999922284, 0.8660254037844431485, -0.000000000000000000 ) ) ;
#1487 = DIRECTION ( 'NONE',  ( 0.000000000000000000, 1.000000000000000000, 0.000000000000000000 ) ) ;
#1488 = AXIS2_PLACEMENT_3D ( 'NONE', #1692, #2802, #1417 ) ;
#1489 = EDGE_LOOP ( 'NONE', ( #2652, #3351, #2719, #381 ) ) ;
#1490 = LINE ( 'NONE', #2320, #513 ) ;
#1491 = VECTOR ( 'NONE', #2442, 999.9999999999998863 ) ;
#1492 = EDGE_LOOP ( 'NONE', ( #2014, #3028, #221, #2433, #2668, #1526 ) ) ;
#1493 = ADVANCED_FACE ( 'NONE', ( #855 ), #91, .F. ) ;
#1494 = AXIS2_PLACEMENT_3D ( 'NONE', #1805, #997, #2666 ) ;
#1495 = VERTEX_POINT ( 'NONE', #1400 ) ;
#1496 = DIRECTION ( 'NONE',  ( -0.000000000000000000, 0.000000000000000000, 1.000000000000000000 ) ) ;
#1497 = VECTOR ( 'NONE', #2701, 1000.000000000000000 ) ;
#1498 = DIRECTION ( 'NONE',  ( 0.7500000000000038858, 0.4330127018922125814, -0.5000000000000000000 ) ) ;
#1499 = CARTESIAN_POINT ( 'NONE',  ( -61.17261892842623894, 35.31802800536164710, 15.00000000000000000 ) ) ;
#1500 = LINE ( 'NONE', #2879, #3452 ) ;
#1501 = CIRCLE ( 'NONE', #2365, 3.000000000000002665 ) ;
#1502 = ADVANCED_FACE ( 'NONE', ( #1128 ), #1938, .F. ) ;
#1503 = FACE_OUTER_BOUND ( 'NONE', #2599, .T. ) ;
#1504 = PLANE ( 'NONE',  #3368 ) ;
#1505 = EDGE_LOOP ( 'NONE', ( #1349, #1761, #1619, #939, #708, #2160 ) ) ;
#1506 = LINE ( 'NONE', #434, #273 ) ;
#1507 = VERTEX_POINT ( 'NONE', #41 ) ;
#1508 = ORIENTED_EDGE ( 'NONE', *, *, #1592, .T. ) ;
#1509 = EDGE_CURVE ( 'NONE', #2099, #1102, #597, .T. ) ;
#1510 = EDGE_LOOP ( 'NONE', ( #3259, #3278, #414, #659 ) ) ;
#1511 = CARTESIAN_POINT ( 'NONE',  ( -24.99905593128941561, 7.597850261722134846, 0.000000000000000000 ) ) ;
#1512 = DIRECTION ( 'NONE',  ( 0.5000000000000001110, -0.8660254037844385966, 0.000000000000000000 ) ) ;
#1513 = DIRECTION ( 'NONE',  ( -0.4999999999999920064, 0.8660254037844431485, 0.000000000000000000 ) ) ;
#1514 = CARTESIAN_POINT ( 'NONE',  ( -9.240292042941387507, -10.05356730124580977, 15.00000000000000000 ) ) ;
#1515 = DIRECTION ( 'NONE',  ( 0.8660254037844415942, -0.4999999999999949485, -0.000000000000000000 ) ) ;
#1516 = PLANE ( 'NONE',  #1016 ) ;
#1517 = ORIENTED_EDGE ( 'NONE', *, *, #1631, .T. ) ;
#1518 = EDGE_CURVE ( 'NONE', #3237, #1370, #78, .T. ) ;
#1519 = DIRECTION ( 'NONE',  ( -0.5000000000000039968, -0.8660254037844363761, -6.089381840214615547E-16 ) ) ;
#1520 = FACE_OUTER_BOUND ( 'NONE', #793, .T. ) ;
#1521 = EDGE_LOOP ( 'NONE', ( #2653, #2621, #846, #1350 ) ) ;
#1522 = EDGE_CURVE ( 'NONE', #85, #866, #2503, .T. ) ;
#1523 = VERTEX_POINT ( 'NONE', #1977 ) ;
#1524 = DIRECTION ( 'NONE',  ( 0.000000000000000000, 0.4915977468294983610, -0.8708224017055143928 ) ) ;
#1525 = ORIENTED_EDGE ( 'NONE', *, *, #2033, .T. ) ;
#1526 = ORIENTED_EDGE ( 'NONE', *, *, #1160, .F. ) ;
#1527 = LINE ( 'NONE', #2361, #717 ) ;
#1528 = AXIS2_PLACEMENT_3D ( 'NONE', #980, #2369, #1021 ) ;
#1529 = EDGE_CURVE ( 'NONE', #2960, #3538, #3126, .T. ) ;
#1530 = VERTEX_POINT ( 'NONE', #361 ) ;
#1531 = ORIENTED_EDGE ( 'NONE', *, *, #3543, .F. ) ;
#1532 = DIRECTION ( 'NONE',  ( 1.000000000000000000, 0.000000000000000000, 0.000000000000000000 ) ) ;
#1533 = LINE ( 'NONE', #1241, #2774 ) ;
#1534 = DIRECTION ( 'NONE',  ( -0.000000000000000000, -0.000000000000000000, -1.000000000000000000 ) ) ;
#1535 = PLANE ( 'NONE',  #1732 ) ;
#1536 = CARTESIAN_POINT ( 'NONE',  ( -11.15794778206124960, 0.6459795883734832378, 20.00000000000000000 ) ) ;
#1537 = VECTOR ( 'NONE', #1534, 1000.000000000000000 ) ;
#1538 = ORIENTED_EDGE ( 'NONE', *, *, #3033, .T. ) ;
#1539 = ADVANCED_FACE ( 'NONE', ( #1704 ), #2816, .F. ) ;
#1540 = CYLINDRICAL_SURFACE ( 'NONE', #1145, 1.000000000000001110 ) ;
#1541 = LINE ( 'NONE', #1851, #1325 ) ;
#1542 = AXIS2_PLACEMENT_3D ( 'NONE', #1845, #2958, #469 ) ;
#1543 = ORIENTED_EDGE ( 'NONE', *, *, #3210, .T. ) ;
#1544 = ADVANCED_FACE ( 'NONE', ( #3053 ), #3337, .F. ) ;
#1545 = VECTOR ( 'NONE', #1689, 1000.000000000000114 ) ;
#1546 = ADVANCED_FACE ( 'NONE', ( #2078 ), #2911, .F. ) ;
#1547 = ADVANCED_FACE ( 'NONE', ( #1212, #1239 ), #2662, .T. ) ;
#1548 = EDGE_LOOP ( 'NONE', ( #949, #796, #2036, #2884 ) ) ;
#1549 = DIRECTION ( 'NONE',  ( 1.000000000000000000, 0.000000000000000000, 0.000000000000000000 ) ) ;
#1550 = EDGE_LOOP ( 'NONE', ( #777, #591, #2512, #2283 ) ) ;
#1551 = PLANE ( 'NONE',  #1421 ) ;
#1552 = ORIENTED_EDGE ( 'NONE', *, *, #107, .F. ) ;
#1553 = LINE ( 'NONE', #389, #3352 ) ;
#1554 = FACE_OUTER_BOUND ( 'NONE', #3160, .T. ) ;
#1555 = ORIENTED_EDGE ( 'NONE', *, *, #1633, .T. ) ;
#1556 = AXIS2_PLACEMENT_3D ( 'NONE', #2789, #1963, #1928 ) ;
#1557 = CARTESIAN_POINT ( 'NONE',  ( -22.03925761886779355, 12.72437131899295260, 15.00000000000000000 ) ) ;
#1558 = LINE ( 'NONE', #2136, #1615 ) ;
#1559 = CARTESIAN_POINT ( 'NONE',  ( 33.58949911506904584, 36.58620961504090019, 3.499999999999961364 ) ) ;
#1560 = ORIENTED_EDGE ( 'NONE', *, *, #1620, .T. ) ;
#1561 = VERTEX_POINT ( 'NONE', #1801 ) ;
#1562 = DIRECTION ( 'NONE',  ( 0.4999999999999946709, 0.8660254037844418162, 0.000000000000000000 ) ) ;
#1563 = DIRECTION ( 'NONE',  ( -0.000000000000000000, 0.000000000000000000, 1.000000000000000000 ) ) ;
#1564 = EDGE_LOOP ( 'NONE', ( #1744, #1813, #2820, #987 ) ) ;
#1565 = ORIENTED_EDGE ( 'NONE', *, *, #446, .F. ) ;
#1566 = LINE ( 'NONE', #1290, #3360 ) ;
#1567 = EDGE_LOOP ( 'NONE', ( #1538, #1246, #181, #3030 ) ) ;
#1568 = CARTESIAN_POINT ( 'NONE',  ( 39.58949911506894637, 26.19390476962756154, 3.499999999999988898 ) ) ;
#1569 = ORIENTED_EDGE ( 'NONE', *, *, #609, .T. ) ;
#1570 = DIRECTION ( 'NONE',  ( -0.7499999999999977796, 0.4330127018922225179, 0.5000000000000006661 ) ) ;
#1571 = ADVANCED_FACE ( 'NONE', ( #2327 ), #1751, .F. ) ;
#1572 = LINE ( 'NONE', #1340, #386 ) ;
#1573 = EDGE_CURVE ( 'NONE', #711, #3329, #682, .T. ) ;
#1574 = DIRECTION ( 'NONE',  ( 0.000000000000000000, -0.000000000000000000, 1.000000000000000000 ) ) ;
#1575 = LINE ( 'NONE', #2684, #60 ) ;
#1576 = CARTESIAN_POINT ( 'NONE',  ( -13.24029204294138928, -2.296824543567934736E-15, 15.00000000000000000 ) ) ;
#1577 = DIRECTION ( 'NONE',  ( 1.000000000000000000, -3.154042683594195614E-16, 0.000000000000000000 ) ) ;
#1578 = ORIENTED_EDGE ( 'NONE', *, *, #143, .T. ) ;
#1579 = LINE ( 'NONE', #2065, #1889 ) ;
#1580 = CARTESIAN_POINT ( 'NONE',  ( 24.71981183946079952, 18.95552972465031516, 0.000000000000000000 ) ) ;
#1581 = ORIENTED_EDGE ( 'NONE', *, *, #609, .F. ) ;
#1582 = EDGE_LOOP ( 'NONE', ( #862, #2324, #1070, #1345 ) ) ;
#1583 = DIRECTION ( 'NONE',  ( -0.000000000000000000, -0.000000000000000000, -1.000000000000000000 ) ) ;
#1584 = AXIS2_PLACEMENT_3D ( 'NONE', #1127, #3106, #2554 ) ;
#1585 = ORIENTED_EDGE ( 'NONE', *, *, #3093, .F. ) ;
#1586 = CARTESIAN_POINT ( 'NONE',  ( -22.99905593128940140, 11.06195187685987769, 15.00000000000000000 ) ) ;
#1587 = ORIENTED_EDGE ( 'NONE', *, *, #2549, .F. ) ;
#1588 = DIRECTION ( 'NONE',  ( 0.4999999999999927836, -0.8660254037844428154, -3.525431591703201070E-16 ) ) ;
#1589 = VECTOR ( 'NONE', #3349, 1000.000000000000000 ) ;
#1590 = DIRECTION ( 'NONE',  ( 0.8660254037844415942, -0.4999999999999948930, -0.000000000000000000 ) ) ;
#1591 = ORIENTED_EDGE ( 'NONE', *, *, #2071, .T. ) ;
#1592 = EDGE_CURVE ( 'NONE', #3280, #2768, #1096, .T. ) ;
#1593 = APPROVAL_PERSON_ORGANIZATION ( #1151, #1596, #602 ) ;
#1594 = LINE ( 'NONE', #1097, #1044 ) ;
#1595 = CARTESIAN_POINT ( 'NONE',  ( -1.406519009675687881, -55.24088067398282931, 15.00000000000000000 ) ) ;
#1596 = APPROVAL ( #1403, 'UNSPECIFIED' ) ;
#1597 = PLANE ( 'NONE',  #2407 ) ;
#1598 = CARTESIAN_POINT ( 'NONE',  ( -18.40651900967566945, -41.93147959722431040, 11.49999999999998579 ) ) ;
#1599 = ORIENTED_EDGE ( 'NONE', *, *, #3327, .F. ) ;
#1600 = ORIENTED_EDGE ( 'NONE', *, *, #2016, .F. ) ;
#1601 = VERTEX_POINT ( 'NONE', #2039 ) ;
#1602 = CARTESIAN_POINT ( 'NONE',  ( -4.943846166923492547, -0.5908806908121070345, 20.00000000000000000 ) ) ;
#1603 = LINE ( 'NONE', #2902, #3468 ) ;
#1604 = CARTESIAN_POINT ( 'NONE',  ( -50.40682345157667044, 41.20253706219421730, 7.499999999999994671 ) ) ;
#1605 = VECTOR ( 'NONE', #2980, 1000.000000000000000 ) ;
#1606 = ORIENTED_EDGE ( 'NONE', *, *, #3461, .F. ) ;
#1607 = LINE ( 'NONE', #2376, #577 ) ;
#1608 = ORIENTED_EDGE ( 'NONE', *, *, #2665, .T. ) ;
#1609 = DIRECTION ( 'NONE',  ( 0.5000000000000038858, 0.8660254037844363761, -0.000000000000000000 ) ) ;
#1610 = VECTOR ( 'NONE', #1919, 999.9999999999998863 ) ;
#1611 = ORIENTED_EDGE ( 'NONE', *, *, #2753, .T. ) ;
#1612 = CARTESIAN_POINT ( 'NONE',  ( 27.58949911506903518, 37.74091015342018807, 3.499999999999986677 ) ) ;
#1613 = CARTESIAN_POINT ( 'NONE',  ( -15.40651900967564458, -55.24088067398282931, 15.00000000000000000 ) ) ;
#1614 = CARTESIAN_POINT ( 'NONE',  ( -2.406519009675666787, -41.89288743302087425, 11.47746917948213863 ) ) ;
#1615 = VECTOR ( 'NONE', #2915, 1000.000000000000000 ) ;
#1616 = DIRECTION ( 'NONE',  ( -0.000000000000000000, 0.000000000000000000, 1.000000000000000000 ) ) ;
#1617 = DIRECTION ( 'NONE',  ( -0.000000000000000000, -0.000000000000000000, -1.000000000000000000 ) ) ;
#1618 = DIRECTION ( 'NONE',  ( -1.734723475976807094E-16, 1.000000000000000000, 0.000000000000000000 ) ) ;
#1619 = ORIENTED_EDGE ( 'NONE', *, *, #1620, .F. ) ;
#1620 = EDGE_CURVE ( 'NONE', #2513, #1495, #2622, .T. ) ;
#1621 = VECTOR ( 'NONE', #2142, 999.9999999999998863 ) ;
#1622 = ORIENTED_EDGE ( 'NONE', *, *, #601, .T. ) ;
#1623 = ADVANCED_FACE ( 'NONE', ( #156 ), #3424, .F. ) ;
#1624 = DIRECTION ( 'NONE',  ( -0.000000000000000000, -0.000000000000000000, -1.000000000000000000 ) ) ;
#1625 = VECTOR ( 'NONE', #1184, 1000.000000000000000 ) ;
#1626 = ORIENTED_EDGE ( 'NONE', *, *, #2747, .F. ) ;
#1627 = VERTEX_POINT ( 'NONE', #666 ) ;
#1628 = CARTESIAN_POINT ( 'NONE',  ( -50.40682345157668465, 36.58373490867720790, 11.50000000000000355 ) ) ;
#1629 = ORIENTED_EDGE ( 'NONE', *, *, #1255, .T. ) ;
#1630 = DIRECTION ( 'NONE',  ( 1.000000000000000000, 6.270003582906079530E-17, -0.000000000000000000 ) ) ;
#1631 = EDGE_CURVE ( 'NONE', #1430, #3223, #941, .T. ) ;
#1632 = ORIENTED_EDGE ( 'NONE', *, *, #2535, .T. ) ;
#1633 = EDGE_CURVE ( 'NONE', #2342, #1848, #954, .T. ) ;
#1634 = PLANE ( 'NONE',  #628 ) ;
#1635 = DIRECTION ( 'NONE',  ( 0.8660254037844424824, 0.4999999999999932832, -5.633679745264318609E-15 ) ) ;
#1636 = DIRECTION ( 'NONE',  ( 0.4330127018922221294, 0.2499999999999961142, -0.8660254037844383745 ) ) ;
#1637 = DIRECTION ( 'NONE',  ( 1.000000000000000000, 0.000000000000000000, 0.000000000000000000 ) ) ;
#1638 = CARTESIAN_POINT ( 'NONE',  ( -44.40682345157667754, 37.73843544705643183, 11.50000000000000355 ) ) ;
#1639 = DIRECTION ( 'NONE',  ( 1.000000000000000000, 0.000000000000000000, 0.000000000000000000 ) ) ;
#1640 = ORIENTED_EDGE ( 'NONE', *, *, #2661, .T. ) ;
#1641 = PLANE ( 'NONE',  #2659 ) ;
#1642 = PLANE ( 'NONE',  #1330 ) ;
#1643 = ORIENTED_EDGE ( 'NONE', *, *, #243, .T. ) ;
#1644 = EDGE_CURVE ( 'NONE', #1507, #2471, #1553, .T. ) ;
#1645 = EDGE_LOOP ( 'NONE', ( #3027, #3040, #906, #1795 ) ) ;
#1646 = DIRECTION ( 'NONE',  ( 1.000000000000000000, 0.000000000000000000, 0.000000000000000000 ) ) ;
#1647 = ORIENTED_EDGE ( 'NONE', *, *, #415, .T. ) ;
#1648 = DIRECTION ( 'NONE',  ( -0.000000000000000000, -0.000000000000000000, -1.000000000000000000 ) ) ;
#1649 = FACE_OUTER_BOUND ( 'NONE', #1407, .T. ) ;
#1650 = ADVANCED_FACE ( 'NONE', ( #2606 ), #993, .F. ) ;
#1651 = AXIS2_PLACEMENT_3D ( 'NONE', #342, #291, #2781 ) ;
#1652 = CARTESIAN_POINT ( 'NONE',  ( 29.58949911506899966, 34.27680853828241681, 3.499999999999986677 ) ) ;
#1653 = LINE ( 'NONE', #839, #1036 ) ;
#1654 = DIRECTION ( 'NONE',  ( 1.734723475976807094E-16, -1.000000000000000000, 0.000000000000000000 ) ) ;
#1655 = LINE ( 'NONE', #1364, #3050 ) ;
#1656 = AXIS2_PLACEMENT_3D ( 'NONE', #1905, #2406, #1618 ) ;
#1657 = ORIENTED_EDGE ( 'NONE', *, *, #2536, .F. ) ;
#1658 = LINE ( 'NONE', #3025, #3180 ) ;
#1659 = CARTESIAN_POINT ( 'NONE',  ( 0.2402304213787184450, 0.4160912953795418701, 15.00000000000000000 ) ) ;
#1660 = EDGE_CURVE ( 'NONE', #1800, #2790, #3410, .T. ) ;
#1661 = ORIENTED_EDGE ( 'NONE', *, *, #1990, .F. ) ;
#1662 = ORIENTED_EDGE ( 'NONE', *, *, #981, .F. ) ;
#1663 = EDGE_CURVE ( 'NONE', #117, #1836, #376, .T. ) ;
#1664 = DIRECTION ( 'NONE',  ( -0.000000000000000000, -0.000000000000000000, -1.000000000000000000 ) ) ;
#1665 = ORIENTED_EDGE ( 'NONE', *, *, #3440, .T. ) ;
#1666 = VERTEX_POINT ( 'NONE', #1481 ) ;
#1667 = VECTOR ( 'NONE', #1654, 1000.000000000000000 ) ;
#1668 = LINE ( 'NONE', #947, #2537 ) ;
#1669 = DIRECTION ( 'NONE',  ( -0.8660254037844388186, 0.5000000000000001110, -0.000000000000000000 ) ) ;
#1670 = VECTOR ( 'NONE', #1764, 999.9999999999998863 ) ;
#1671 = LINE ( 'NONE', #3359, #2648 ) ;
#1672 = LINE ( 'NONE', #294, #2018 ) ;
#1673 = ORIENTED_EDGE ( 'NONE', *, *, #1834, .F. ) ;
#1674 = LINE ( 'NONE', #1959, #568 ) ;
#1675 = COORDINATED_UNIVERSAL_TIME_OFFSET ( 1, 0, .AHEAD. ) ;
#1676 = ORIENTED_EDGE ( 'NONE', *, *, #36, .T. ) ;
#1677 = LINE ( 'NONE', #1119, #455 ) ;
#1678 = VECTOR ( 'NONE', #3462, 1000.000000000000000 ) ;
#1679 = VERTEX_POINT ( 'NONE', #2345 ) ;
#1680 = AXIS2_PLACEMENT_3D ( 'NONE', #1288, #3485, #1563 ) ;
#1681 = EDGE_LOOP ( 'NONE', ( #2093, #1187, #1088, #3568 ) ) ;
#1682 = DIRECTION ( 'NONE',  ( -0.000000000000000000, -0.000000000000000000, -1.000000000000000000 ) ) ;
#1683 = ORIENTED_EDGE ( 'NONE', *, *, #27, .T. ) ;
#1684 = ORIENTED_EDGE ( 'NONE', *, *, #3056, .F. ) ;
#1685 = LINE ( 'NONE', #658, #3008 ) ;
#1686 = CARTESIAN_POINT ( 'NONE',  ( 35.58949911506893216, 23.88450369286909591, 11.50000000000000355 ) ) ;
#1687 = PLANE ( 'NONE',  #1584 ) ;
#1688 = ADVANCED_FACE ( 'NONE', ( #121 ), #1224, .F. ) ;
#1689 = DIRECTION ( 'NONE',  ( -0.5000000000000034417, -0.8660254037844367092, 0.000000000000000000 ) ) ;
#1690 = DIRECTION ( 'NONE',  ( -0.4330127018922195758, 0.2500000000000016653, 0.8660254037844380415 ) ) ;
#1691 = EDGE_CURVE ( 'NONE', #34, #1800, #407, .T. ) ;
#1692 = CARTESIAN_POINT ( 'NONE',  ( -48.40682345157669886, 35.42903437029794134, 7.500000000000000000 ) ) ;
#1693 = ORIENTED_EDGE ( 'NONE', *, *, #1328, .F. ) ;
#1694 = CARTESIAN_POINT ( 'NONE',  ( -22.99905593128940140, 11.06195187685987769, 0.000000000000000000 ) ) ;
#1695 = EDGE_CURVE ( 'NONE', #629, #1139, #3509, .T. ) ;
#1696 = VERTEX_POINT ( 'NONE', #1898 ) ;
#1697 = VERTEX_POINT ( 'NONE', #2166 ) ;
#1698 = LINE ( 'NONE', #834, #1817 ) ;
#1699 = VERTEX_POINT ( 'NONE', #481 ) ;
#1700 = ORIENTED_EDGE ( 'NONE', *, *, #2600, .T. ) ;
#1701 = CARTESIAN_POINT ( 'NONE',  ( -2.406519009675666787, -46.58887391494477725, 3.522530820517877803 ) ) ;
#1702 = FACE_OUTER_BOUND ( 'NONE', #2323, .T. ) ;
#1703 = ADVANCED_FACE ( 'NONE', ( #3247 ), #249, .F. ) ;
#1704 = FACE_OUTER_BOUND ( 'NONE', #1948, .T. ) ;
#1705 = DIRECTION ( 'NONE',  ( -1.000000000000000000, -2.006337338897160044E-16, -0.000000000000000000 ) ) ;
#1706 = AXIS2_PLACEMENT_3D ( 'NONE', #2954, #464, #2680 ) ;
#1707 = DIRECTION ( 'NONE',  ( 0.000000000000000000, -0.000000000000000000, 1.000000000000000000 ) ) ;
#1708 = APPROVAL_DATE_TIME ( #2577, #1596 ) ;
#1709 = EDGE_CURVE ( 'NONE', #1848, #1047, #2723, .T. ) ;
#1710 = EDGE_LOOP ( 'NONE', ( #419, #2526, #951, #3077 ) ) ;
#1711 = PRODUCT_DEFINITION ( 'UNKNOWN', '', #2573, #2709 ) ;
#1712 = DIRECTION ( 'NONE',  ( -0.000000000000000000, -0.000000000000000000, -1.000000000000000000 ) ) ;
#1713 = VECTOR ( 'NONE', #1734, 1000.000000000000000 ) ;
#1714 = ORIENTED_EDGE ( 'NONE', *, *, #643, .T. ) ;
#1715 = ORIENTED_EDGE ( 'NONE', *, *, #781, .F. ) ;
#1716 = CARTESIAN_POINT ( 'NONE',  ( 9.427335945775952908, 5.442874946034665484, 0.000000000000000000 ) ) ;
#1717 = EDGE_LOOP ( 'NONE', ( #2398, #1632, #13, #2498 ) ) ;
#1718 = VERTEX_POINT ( 'NONE', #821 ) ;
#1719 = CARTESIAN_POINT ( 'NONE',  ( 1.783102899496857185, 18.68307496708735371, 0.000000000000000000 ) ) ;
#1720 = DIRECTION ( 'NONE',  ( -0.5000000000000000000, 0.8660254037844385966, 0.000000000000000000 ) ) ;
#1721 = ADVANCED_FACE ( 'NONE', ( #2969 ), #503, .F. ) ;
#1722 = DIRECTION ( 'NONE',  ( 0.8660254037844367092, -0.5000000000000034417, 0.000000000000000000 ) ) ;
#1723 = PLANE ( 'NONE',  #1157 ) ;
#1724 = CARTESIAN_POINT ( 'NONE',  ( -3.712882636612685694, 1.541210685950562764, 17.56903954882624674 ) ) ;
#1725 = CARTESIAN_POINT ( 'NONE',  ( -18.40651900967567656, -3.692968636823268950E-15, 15.00000000000000000 ) ) ;
#1726 = DATE_AND_TIME ( #3340, #3043 ) ;
#1727 = VECTOR ( 'NONE', #1357, 1000.000000000000114 ) ;
#1728 = VERTEX_POINT ( 'NONE', #463 ) ;
#1729 = EDGE_CURVE ( 'NONE', #917, #1293, #231, .T. ) ;
#1730 = DIRECTION ( 'NONE',  ( 0.000000000000000000, -0.000000000000000000, 1.000000000000000000 ) ) ;
#1731 = ORIENTED_EDGE ( 'NONE', *, *, #497, .F. ) ;
#1732 = AXIS2_PLACEMENT_3D ( 'NONE', #1822, #2348, #179 ) ;
#1733 = ORIENTED_EDGE ( 'NONE', *, *, #2257, .T. ) ;
#1734 = DIRECTION ( 'NONE',  ( 1.000000000000000000, -1.095437728245845476E-16, 0.000000000000000000 ) ) ;
#1735 = EDGE_LOOP ( 'NONE', ( #203, #2807 ) ) ;
#1736 = AXIS2_PLACEMENT_3D ( 'NONE', #1006, #3565, #1835 ) ;
#1737 = LINE ( 'NONE', #1686, #979 ) ;
#1738 = CARTESIAN_POINT ( 'NONE',  ( -2.406519009675666787, -46.58887391494477725, 3.522530820517877803 ) ) ;
#1739 = ADVANCED_FACE ( 'NONE', ( #1339 ), #1634, .F. ) ;
#1740 = DIRECTION ( 'NONE',  ( -7.511572993685812906E-16, 1.000000000000000000, 0.000000000000000000 ) ) ;
#1741 = LINE ( 'NONE', #2072, #1320 ) ;
#1742 = FACE_OUTER_BOUND ( 'NONE', #436, .T. ) ;
#1743 = LINE ( 'NONE', #858, #3228 ) ;
#1744 = ORIENTED_EDGE ( 'NONE', *, *, #446, .T. ) ;
#1745 = DIRECTION ( 'NONE',  ( 1.000000000000000000, 0.000000000000000000, -0.000000000000000000 ) ) ;
#1746 = ORIENTED_EDGE ( 'NONE', *, *, #1988, .T. ) ;
#1747 = CYLINDRICAL_SURFACE ( 'NONE', #3172, 2.999999999999999556 ) ;
#1748 = VERTEX_POINT ( 'NONE', #1056 ) ;
#1749 = CARTESIAN_POINT ( 'NONE',  ( 19.10361097518572748, 28.68307496708719739, 15.00000000000000000 ) ) ;
#1750 = CARTESIAN_POINT ( 'NONE',  ( 33.58949911506904584, 36.58620961504090019, 3.499999999999961364 ) ) ;
#1751 = PLANE ( 'NONE',  #2832 ) ;
#1752 = CARTESIAN_POINT ( 'NONE',  ( -48.40682345157666333, 40.04783652381495074, 11.50000000000000355 ) ) ;
#1753 = PLANE ( 'NONE',  #1436 ) ;
#1754 = AXIS2_PLACEMENT_3D ( 'NONE', #2482, #837, #3051 ) ;
#1755 = DIRECTION ( 'NONE',  ( 0.5547001962252297025, 0.000000000000000000, -0.8320502943378432770 ) ) ;
#1756 = EDGE_CURVE ( 'NONE', #1272, #899, #3302, .T. ) ;
#1757 = ORIENTED_EDGE ( 'NONE', *, *, #3192, .F. ) ;
#1758 = DIRECTION ( 'NONE',  ( -0.4330127018922256821, -0.2499999999999984457, -0.8660254037844359321 ) ) ;
#1759 = AXIS2_PLACEMENT_3D ( 'NONE', #172, #3547, #1072 ) ;
#1760 = ORIENTED_EDGE ( 'NONE', *, *, #251, .F. ) ;
#1761 = ORIENTED_EDGE ( 'NONE', *, *, #3403, .F. ) ;
#1762 = EDGE_LOOP ( 'NONE', ( #552, #1961, #3234, #2955 ) ) ;
#1763 = LINE ( 'NONE', #120, #30 ) ;
#1764 = DIRECTION ( 'NONE',  ( 0.5000000000000001110, 0.8660254037844387076, 0.000000000000000000 ) ) ;
#1765 = CARTESIAN_POINT ( 'NONE',  ( -44.40682345157667754, 37.73843544705643183, 11.50000000000000355 ) ) ;
#1766 = CIRCLE ( 'NONE', #2234, 3.000000000000001776 ) ;
#1767 = CARTESIAN_POINT ( 'NONE',  ( -50.40682345157678412, 22.72732844812620101, 7.499999999999996447 ) ) ;
#1768 = VECTOR ( 'NONE', #1150, 1000.000000000000114 ) ;
#1769 = DIRECTION ( 'NONE',  ( 0.000000000000000000, 1.000000000000000000, 0.000000000000000000 ) ) ;
#1770 = DIRECTION ( 'NONE',  ( -0.5000000000000039968, -0.8660254037844363761, -0.000000000000000000 ) ) ;
#1771 = VECTOR ( 'NONE', #2540, 1000.000000000000000 ) ;
#1772 = EDGE_CURVE ( 'NONE', #1830, #1530, #444, .T. ) ;
#1773 = ORIENTED_EDGE ( 'NONE', *, *, #803, .F. ) ;
#1774 = EDGE_CURVE ( 'NONE', #1815, #2385, #545, .T. ) ;
#1775 = DIRECTION ( 'NONE',  ( -0.8660254037844363761, 0.5000000000000041078, 0.000000000000000000 ) ) ;
#1776 = VECTOR ( 'NONE', #1758, 1000.000000000000000 ) ;
#1777 = ORIENTED_EDGE ( 'NONE', *, *, #1660, .T. ) ;
#1778 = AXIS2_PLACEMENT_3D ( 'NONE', #1265, #1284, #3209 ) ;
#1779 = EDGE_LOOP ( 'NONE', ( #2401, #3489 ) ) ;
#1780 = LINE ( 'NONE', #699, #3435 ) ;
#1781 = CIRCLE ( 'NONE', #347, 3.000000000000005329 ) ;
#1782 = DIRECTION ( 'NONE',  ( -0.8660254037844432595, -0.4999999999999920619, 0.000000000000000000 ) ) ;
#1783 = VECTOR ( 'NONE', #1770, 1000.000000000000114 ) ;
#1784 = FACE_OUTER_BOUND ( 'NONE', #572, .T. ) ;
#1785 = FACE_OUTER_BOUND ( 'NONE', #45, .T. ) ;
#1786 = EDGE_CURVE ( 'NONE', #2220, #1943, #2679, .T. ) ;
#1787 = VECTOR ( 'NONE', #3399, 1000.000000000000000 ) ;
#1788 = CARTESIAN_POINT ( 'NONE',  ( -64.83502668185222717, 28.17070412110029665, 15.00000000000000000 ) ) ;
#1789 = EDGE_CURVE ( 'NONE', #2768, #2223, #2953, .T. ) ;
#1790 = CARTESIAN_POINT ( 'NONE',  ( -2.406519009675666343, -48.85946664666496275, 7.544687204846144191 ) ) ;
#1791 = DIRECTION ( 'NONE',  ( -0.4999999999999921729, 0.8660254037844431485, -0.000000000000000000 ) ) ;
#1792 = ORIENTED_EDGE ( 'NONE', *, *, #2275, .F. ) ;
#1793 = DIRECTION ( 'NONE',  ( 0.8660254037844417052, -0.4999999999999949485, 0.000000000000000000 ) ) ;
#1794 = CARTESIAN_POINT ( 'NONE',  ( -2.406519009675666343, -48.85946664666496275, 7.544687204846144191 ) ) ;
#1795 = ORIENTED_EDGE ( 'NONE', *, *, #539, .T. ) ;
#1796 = EDGE_CURVE ( 'NONE', #192, #198, #2421, .T. ) ;
#1797 = CARTESIAN_POINT ( 'NONE',  ( -8.088743469617115878, -4.670038219589264017, 0.000000000000000000 ) ) ;
#1798 = ORIENTED_EDGE ( 'NONE', *, *, #83, .T. ) ;
#1799 = CARTESIAN_POINT ( 'NONE',  ( -53.33502668185214901, 42.89313598543571260, 15.00000000000000000 ) ) ;
#1800 = VERTEX_POINT ( 'NONE', #1075 ) ;
#1801 = CARTESIAN_POINT ( 'NONE',  ( -6.007890314391048925, -30.05356730124580977, 0.000000000000000000 ) ) ;
#1802 = CARTESIAN_POINT ( 'NONE',  ( -61.83502668185223428, 28.17070412110029665, 15.00000000000000000 ) ) ;
#1803 = EDGE_CURVE ( 'NONE', #1190, #1728, #2991, .T. ) ;
#1804 = DIRECTION ( 'NONE',  ( 0.4330127018922266258, 0.2499999999999996114, 0.8660254037844351549 ) ) ;
#1805 = CARTESIAN_POINT ( 'NONE',  ( -61.83502668185223428, 28.17070412110029665, 15.00000000000000000 ) ) ;
#1806 = ADVANCED_FACE ( 'NONE', ( #2380 ), #3530, .F. ) ;
#1807 = CARTESIAN_POINT ( 'NONE',  ( 0.2402304213787184450, 0.4160912953795418701, 0.000000000000000000 ) ) ;
#1808 = ORIENTED_EDGE ( 'NONE', *, *, #696, .T. ) ;
#1809 = CARTESIAN_POINT ( 'NONE',  ( -12.53403505931934880, 7.788805950142153378, 17.56903954882624674 ) ) ;
#1810 = LINE ( 'NONE', #751, #2490 ) ;
#1811 = VERTEX_POINT ( 'NONE', #2109 ) ;
#1812 = AXIS2_PLACEMENT_3D ( 'NONE', #1236, #422, #388 ) ;
#1813 = ORIENTED_EDGE ( 'NONE', *, *, #807, .F. ) ;
#1814 = CARTESIAN_POINT ( 'NONE',  ( -44.40682345157669175, 33.11963329353943664, 7.499999999999994671 ) ) ;
#1815 = VERTEX_POINT ( 'NONE', #3281 ) ;
#1816 = DIRECTION ( 'NONE',  ( -0.4999999999999996669, -0.8660254037844389297, 0.000000000000000000 ) ) ;
#1817 = VECTOR ( 'NONE', #1664, 1000.000000000000000 ) ;
#1818 = ORIENTED_EDGE ( 'NONE', *, *, #358, .T. ) ;
#1819 = DIRECTION ( 'NONE',  ( -0.8660254037844432595, -0.4999999999999920619, 0.000000000000000000 ) ) ;
#1820 = DIRECTION ( 'NONE',  ( -0.000000000000000000, -0.000000000000000000, 1.000000000000000000 ) ) ;
#1821 = CARTESIAN_POINT ( 'NONE',  ( 1.590623445553144055, -0.3635584805870388236, 15.00000000000000000 ) ) ;
#1822 = CARTESIAN_POINT ( 'NONE',  ( -4.943846166923492547, -0.5908806908121070345, 20.00000000000000000 ) ) ;
#1823 = DIRECTION ( 'NONE',  ( -0.4999999999999921729, 0.8660254037844431485, 0.000000000000000000 ) ) ;
#1824 = VERTEX_POINT ( 'NONE', #800 ) ;
#1825 = AXIS2_PLACEMENT_3D ( 'NONE', #1809, #2920, #769 ) ;
#1826 = EDGE_LOOP ( 'NONE', ( #1569, #1064 ) ) ;
#1827 = LINE ( 'NONE', #2409, #149 ) ;
#1828 = DIRECTION ( 'NONE',  ( -0.4999999999999998890, -0.8660254037844385966, -1.602468905319636514E-17 ) ) ;
#1829 = AXIS2_PLACEMENT_3D ( 'NONE', #2095, #3458, #445 ) ;
#1830 = VERTEX_POINT ( 'NONE', #3224 ) ;
#1831 = EDGE_LOOP ( 'NONE', ( #757, #1124, #1121, #1578 ) ) ;
#1832 = AXIS2_PLACEMENT_3D ( 'NONE', #2852, #1415, #1455 ) ;
#1833 = VECTOR ( 'NONE', #1630, 1000.000000000000000 ) ;
#1834 = EDGE_CURVE ( 'NONE', #1222, #827, #1839, .T. ) ;
#1835 = DIRECTION ( 'NONE',  ( -0.5547001962252312568, 0.000000000000000000, 0.8320502943378422778 ) ) ;
#1836 = VERTEX_POINT ( 'NONE', #1412 ) ;
#1837 = LINE ( 'NONE', #2950, #2693 ) ;
#1838 = ORIENTED_EDGE ( 'NONE', *, *, #67, .T. ) ;
#1839 = LINE ( 'NONE', #3087, #1776 ) ;
#1840 = VECTOR ( 'NONE', #564, 1000.000000000000114 ) ;
#1841 = PLANE ( 'NONE',  #1706 ) ;
#1842 = ORIENTED_EDGE ( 'NONE', *, *, #1003, .F. ) ;
#1843 = CARTESIAN_POINT ( 'NONE',  ( 0.000000000000000000, -30.05356730124580977, 15.00000000000000000 ) ) ;
#1844 = CARTESIAN_POINT ( 'NONE',  ( -14.40651900967566945, -41.93147959722431040, 3.500000000000003109 ) ) ;
#1845 = CARTESIAN_POINT ( 'NONE',  ( 0.000000000000000000, -55.24088067398282931, 15.00000000000000000 ) ) ;
#1846 = VECTOR ( 'NONE', #2040, 1000.000000000000114 ) ;
#1847 = FACE_OUTER_BOUND ( 'NONE', #2231, .T. ) ;
#1848 = VERTEX_POINT ( 'NONE', #3320 ) ;
#1849 = EDGE_CURVE ( 'NONE', #1235, #2394, #2244, .T. ) ;
#1850 = CARTESIAN_POINT ( 'NONE',  ( -18.40651900967566945, -41.93147959722431040, 11.49999999999998579 ) ) ;
#1851 = CARTESIAN_POINT ( 'NONE',  ( -58.40682345157672728, 27.34613060164322462, 7.500000000000004441 ) ) ;
#1852 = ORIENTED_EDGE ( 'NONE', *, *, #292, .T. ) ;
#1853 = ORIENTED_EDGE ( 'NONE', *, *, #47, .F. ) ;
#1854 = LINE ( 'NONE', #2655, #2422 ) ;
#1855 = EDGE_LOOP ( 'NONE', ( #2205, #2945, #3533, #1926 ) ) ;
#1856 = FACE_OUTER_BOUND ( 'NONE', #1136, .T. ) ;
#1857 = VERTEX_POINT ( 'NONE', #1972 ) ;
#1858 = CARTESIAN_POINT ( 'NONE',  ( -7.644233046279094168, 13.24020002105268645, 0.000000000000000000 ) ) ;
#1859 = CARTESIAN_POINT ( 'NONE',  ( 29.58949911506904940, 34.27680853828244523, 11.50000000000003730 ) ) ;
#1860 = ORIENTED_EDGE ( 'NONE', *, *, #2395, .T. ) ;
#1861 = DIRECTION ( 'NONE',  ( -5.460059578768452242E-17, 0.8708224017055143928, 0.4915977468294984720 ) ) ;
#1862 = CYLINDRICAL_SURFACE ( 'NONE', #1446, 1.000000000000001110 ) ;
#1863 = CARTESIAN_POINT ( 'NONE',  ( 1.783102899496857185, 18.68307496708735371, 15.00000000000000000 ) ) ;
#1864 = DIRECTION ( 'NONE',  ( -0.000000000000000000, -0.000000000000000000, 1.000000000000000000 ) ) ;
#1865 = ORIENTED_EDGE ( 'NONE', *, *, #3093, .T. ) ;
#1866 = ORIENTED_EDGE ( 'NONE', *, *, #2994, .T. ) ;
#1867 = EDGE_CURVE ( 'NONE', #2318, #3060, #289, .T. ) ;
#1868 = CARTESIAN_POINT ( 'NONE',  ( -14.40651900967566945, -39.62207852046581280, 7.499999999999999112 ) ) ;
#1869 = CARTESIAN_POINT ( 'NONE',  ( -8.407947782061187425, 16.95447488873757891, 15.00000000000000000 ) ) ;
#1870 = ORIENTED_EDGE ( 'NONE', *, *, #3190, .T. ) ;
#1871 = VERTEX_POINT ( 'NONE', #1951 ) ;
#1872 = FACE_OUTER_BOUND ( 'NONE', #611, .T. ) ;
#1873 = ORIENTED_EDGE ( 'NONE', *, *, #3282, .T. ) ;
#1874 = DIRECTION ( 'NONE',  ( 6.270003582906079530E-17, -1.000000000000000000, 0.000000000000000000 ) ) ;
#1875 = VERTEX_POINT ( 'NONE', #936 ) ;
#1876 = DIRECTION ( 'NONE',  ( 1.000000000000000000, 0.000000000000000000, 0.000000000000000000 ) ) ;
#1877 = EDGE_CURVE ( 'NONE', #3075, #1627, #3457, .T. ) ;
#1878 = VECTOR ( 'NONE', #431, 1000.000000000000000 ) ;
#1879 = PLANE ( 'NONE',  #2331 ) ;
#1880 = VERTEX_POINT ( 'NONE', #1111 ) ;
#1881 = FACE_OUTER_BOUND ( 'NONE', #3003, .T. ) ;
#1882 = LINE ( 'NONE', #2728, #222 ) ;
#1883 = DIRECTION ( 'NONE',  ( 0.8660254037844387076, -0.4999999999999999445, 0.000000000000000000 ) ) ;
#1884 = CARTESIAN_POINT ( 'NONE',  ( -11.87204939719900132, 11.40911930918789885, 15.00000000000000000 ) ) ;
#1885 = ORIENTED_EDGE ( 'NONE', *, *, #127, .F. ) ;
#1886 = LINE ( 'NONE', #537, #1262 ) ;
#1887 = LINE ( 'NONE', #3006, #2253 ) ;
#1888 = EDGE_CURVE ( 'NONE', #1857, #1875, #3148, .T. ) ;
#1889 = VECTOR ( 'NONE', #2118, 1000.000000000000000 ) ;
#1890 = ADVANCED_FACE ( 'NONE', ( #3418 ), #1747, .F. ) ;
#1891 = ORIENTED_EDGE ( 'NONE', *, *, #807, .T. ) ;
#1892 = VECTOR ( 'NONE', #2329, 1000.000000000000114 ) ;
#1893 = DIRECTION ( 'NONE',  ( 4.694733121053626903E-17, -0.5083554486468020439, -0.8611473380502947528 ) ) ;
#1894 = ORIENTED_EDGE ( 'NONE', *, *, #2218, .F. ) ;
#1895 = CARTESIAN_POINT ( 'NONE',  ( -53.33502668185214901, 42.89313598543571260, 15.00000000000000000 ) ) ;
#1896 = AXIS2_PLACEMENT_3D ( 'NONE', #3205, #973, #701 ) ;
#1897 = ORIENTED_EDGE ( 'NONE', *, *, #2989, .F. ) ;
#1898 = CARTESIAN_POINT ( 'NONE',  ( 7.399303763771933440, 8.955529724650471479, 15.00000000000000000 ) ) ;
#1899 = CARTESIAN_POINT ( 'NONE',  ( 35.58949911506893216, 23.88450369286909591, 3.499999999999989342 ) ) ;
#1900 = CARTESIAN_POINT ( 'NONE',  ( -19.38285506701420502, 17.32539550415894425, 0.000000000000000000 ) ) ;
#1901 = VECTOR ( 'NONE', #1957, 1000.000000000000000 ) ;
#1902 = LINE ( 'NONE', #1061, #747 ) ;
#1903 = DIRECTION ( 'NONE',  ( 1.000000000000000000, 0.000000000000000000, 0.000000000000000000 ) ) ;
#1904 = EDGE_CURVE ( 'NONE', #1601, #1857, #2048, .T. ) ;
#1905 = CARTESIAN_POINT ( 'NONE',  ( -13.24029204294138928, -2.296824543567934736E-15, 15.00000000000000000 ) ) ;
#1906 = ORIENTED_EDGE ( 'NONE', *, *, #601, .F. ) ;
#1907 = CIRCLE ( 'NONE', #2021, 3.000000000000001332 ) ;
#1908 = ORIENTED_EDGE ( 'NONE', *, *, #2612, .F. ) ;
#1909 = ADVANCED_FACE ( 'NONE', ( #2581 ), #579, .F. ) ;
#1910 = CARTESIAN_POINT ( 'NONE',  ( 34.99142290371561614, 23.53920423124835892, 7.500000000000001776 ) ) ;
#1911 = AXIS2_PLACEMENT_3D ( 'NONE', #1479, #89, #908 ) ;
#1912 = LINE ( 'NONE', #1604, #525 ) ;
#1913 = ORIENTED_EDGE ( 'NONE', *, *, #1274, .T. ) ;
#1914 = EDGE_CURVE ( 'NONE', #2755, #629, #852, .T. ) ;
#1915 = LINE ( 'NONE', #541, #2075 ) ;
#1916 = ORIENTED_EDGE ( 'NONE', *, *, #1396, .T. ) ;
#1917 = DIRECTION ( 'NONE',  ( -0.000000000000000000, -0.000000000000000000, -1.000000000000000000 ) ) ;
#1918 = ORIENTED_EDGE ( 'NONE', *, *, #895, .F. ) ;
#1919 = DIRECTION ( 'NONE',  ( -0.4330127018922174109, -0.2499999999999943656, 0.8660254037844412611 ) ) ;
#1920 = CARTESIAN_POINT ( 'NONE',  ( 27.58949911506908137, 37.74091015342021649, 11.50000000000003730 ) ) ;
#1921 = DIRECTION ( 'NONE',  ( 1.000000000000000000, -1.095437728245845476E-16, 0.000000000000000000 ) ) ;
#1922 = CARTESIAN_POINT ( 'NONE',  ( -54.40682345157674149, 25.03672952488471282, 7.500000000000000000 ) ) ;
#1923 = EDGE_CURVE ( 'NONE', #1507, #3370, #99, .T. ) ;
#1924 = DIRECTION ( 'NONE',  ( 0.8660254037844365982, -0.5000000000000035527, 0.000000000000000000 ) ) ;
#1925 = CARTESIAN_POINT ( 'NONE',  ( -13.24029204294138751, -10.05356730124580977, 0.000000000000000000 ) ) ;
#1926 = ORIENTED_EDGE ( 'NONE', *, *, #1509, .T. ) ;
#1927 = EDGE_CURVE ( 'NONE', #3218, #2715, #1685, .T. ) ;
#1928 = DIRECTION ( 'NONE',  ( 0.5547001962252333662, 0.000000000000000000, 0.8320502943378408345 ) ) ;
#1929 = LINE ( 'NONE', #1470, #583 ) ;
#1930 = ADVANCED_FACE ( 'NONE', ( #561, #673 ), #1141, .T. ) ;
#1931 = ORIENTED_EDGE ( 'NONE', *, *, #765, .T. ) ;
#1932 = ORIENTED_EDGE ( 'NONE', *, *, #918, .F. ) ;
#1933 = DIRECTION ( 'NONE',  ( 0.4999999999999947820, 0.8660254037844417052, 0.000000000000000000 ) ) ;
#1934 = ORIENTED_EDGE ( 'NONE', *, *, #1211, .T. ) ;
#1935 = SECURITY_CLASSIFICATION ( '', '', #915 ) ;
#1936 = DIRECTION ( 'NONE',  ( -0.000000000000000000, -0.000000000000000000, -1.000000000000000000 ) ) ;
#1937 = CARTESIAN_POINT ( 'NONE',  ( 0.000000000000000000, 0.000000000000000000, 0.000000000000000000 ) ) ;
#1938 = CYLINDRICAL_SURFACE ( 'NONE', #2413, 3.000000000000006661 ) ;
#1939 = LINE ( 'NONE', #253, #3132 ) ;
#1940 = DIRECTION ( 'NONE',  ( -0.8660254037844364872, 0.5000000000000038858, 0.000000000000000000 ) ) ;
#1941 = VERTEX_POINT ( 'NONE', #648 ) ;
#1942 = DIRECTION ( 'NONE',  ( 1.000000000000000000, 6.270003582906079530E-17, -0.000000000000000000 ) ) ;
#1943 = VERTEX_POINT ( 'NONE', #3049 ) ;
#1944 = ORIENTED_EDGE ( 'NONE', *, *, #1104, .F. ) ;
#1945 = DIRECTION ( 'NONE',  ( 0.8660254037844362651, -0.5000000000000038858, 0.000000000000000000 ) ) ;
#1946 = EDGE_CURVE ( 'NONE', #759, #794, #2067, .T. ) ;
#1947 = VERTEX_POINT ( 'NONE', #872 ) ;
#1948 = EDGE_LOOP ( 'NONE', ( #2156, #2216, #1969, #2944 ) ) ;
#1949 = VECTOR ( 'NONE', #786, 1000.000000000000000 ) ;
#1950 = EDGE_CURVE ( 'NONE', #1941, #177, #1490, .T. ) ;
#1951 = CARTESIAN_POINT ( 'NONE',  ( 19.10361097518572748, 28.68307496708719739, 15.00000000000000000 ) ) ;
#1952 = DIRECTION ( 'NONE',  ( 0.4330127018922213522, 0.2499999999999964195, 0.8660254037844385966 ) ) ;
#1953 = VECTOR ( 'NONE', #2971, 1000.000000000000000 ) ;
#1954 = LINE ( 'NONE', #582, #605 ) ;
#1955 = VECTOR ( 'NONE', #346, 999.9999999999998863 ) ;
#1956 = DIRECTION ( 'NONE',  ( -0.000000000000000000, -0.000000000000000000, -1.000000000000000000 ) ) ;
#1957 = DIRECTION ( 'NONE',  ( -0.000000000000000000, -0.000000000000000000, 1.000000000000000000 ) ) ;
#1958 = EDGE_CURVE ( 'NONE', #1696, #733, #1668, .T. ) ;
#1959 = CARTESIAN_POINT ( 'NONE',  ( -5.657947782061248709, 10.17225903000230680, 20.00000000000000000 ) ) ;
#1960 = ORIENTED_EDGE ( 'NONE', *, *, #1019, .T. ) ;
#1961 = ORIENTED_EDGE ( 'NONE', *, *, #3258, .F. ) ;
#1962 = VECTOR ( 'NONE', #723, 1000.000000000000000 ) ;
#1963 = DIRECTION ( 'NONE',  ( -0.7500000000000007772, -0.4330127018922109161, 0.5000000000000061062 ) ) ;
#1964 = VECTOR ( 'NONE', #2466, 1000.000000000000000 ) ;
#1965 = ORIENTED_EDGE ( 'NONE', *, *, #2022, .F. ) ;
#1966 = VERTEX_POINT ( 'NONE', #1375 ) ;
#1967 = ADVANCED_FACE ( 'NONE', ( #2481 ), #3590, .F. ) ;
#1968 = LINE ( 'NONE', #3585, #721 ) ;
#1969 = ORIENTED_EDGE ( 'NONE', *, *, #972, .F. ) ;
#1970 = VECTOR ( 'NONE', #622, 1000.000000000000000 ) ;
#1971 = ORIENTED_EDGE ( 'NONE', *, *, #2052, .F. ) ;
#1972 = CARTESIAN_POINT ( 'NONE',  ( -18.40937655444684751, -0.3652082848297367179, 0.000000000000000000 ) ) ;
#1973 = ADVANCED_FACE ( 'NONE', ( #144 ), #1023, .F. ) ;
#1974 = PLANE ( 'NONE',  #1911 ) ;
#1975 = DIRECTION ( 'NONE',  ( 0.5547001962252295915, 0.000000000000000000, -0.8320502943378432770 ) ) ;
#1976 = ADVANCED_FACE ( 'NONE', ( #473, #2141 ), #3255, .T. ) ;
#1977 = CARTESIAN_POINT ( 'NONE',  ( -4.784035059319324823, 2.159640825543351461, 17.56903954882624674 ) ) ;
#1978 = CARTESIAN_POINT ( 'NONE',  ( 38.01770234534460258, 40.29753448044602493, 0.000000000000000000 ) ) ;
#1979 = CARTESIAN_POINT ( 'NONE',  ( 40.18757532642227659, 26.53920423124831274, 7.500000000000001776 ) ) ;
#1980 = ORIENTED_EDGE ( 'NONE', *, *, #1211, .F. ) ;
#1981 = DIRECTION ( 'NONE',  ( 0.7499999999999982236, -0.4330127018922229065, 0.4999999999999995559 ) ) ;
#1982 = ORIENTED_EDGE ( 'NONE', *, *, #840, .F. ) ;
#1983 = ORIENTED_EDGE ( 'NONE', *, *, #677, .F. ) ;
#1984 = CARTESIAN_POINT ( 'NONE',  ( 39.58949911506894637, 26.19390476962756154, 11.50000000000000355 ) ) ;
#1985 = ORIENTED_EDGE ( 'NONE', *, *, #2525, .F. ) ;
#1986 = DIRECTION ( 'NONE',  ( -0.4999999999999920619, 0.8660254037844432595, 0.000000000000000000 ) ) ;
#1987 = LINE ( 'NONE', #615, #1992 ) ;
#1988 = EDGE_CURVE ( 'NONE', #1811, #3057, #1579, .T. ) ;
#1989 = CARTESIAN_POINT ( 'NONE',  ( -39.35976569455654328, 22.72437131899302187, 15.00000000000000000 ) ) ;
#1990 = EDGE_CURVE ( 'NONE', #3538, #789, #2650, .T. ) ;
#1991 = DIRECTION ( 'NONE',  ( -0.000000000000000000, -0.000000000000000000, -1.000000000000000000 ) ) ;
#1992 = VECTOR ( 'NONE', #1720, 1000.000000000000227 ) ;
#1993 = DIRECTION ( 'NONE',  ( -0.4330127018922197424, 0.2500000000000002220, -0.8660254037844383745 ) ) ;
#1994 = DIRECTION ( 'NONE',  ( -0.000000000000000000, -0.000000000000000000, -1.000000000000000000 ) ) ;
#1995 = EDGE_CURVE ( 'NONE', #733, #1025, #1247, .T. ) ;
#1996 = PERSON_AND_ORGANIZATION ( #2304, #3334 ) ;
#1997 = ORIENTED_EDGE ( 'NONE', *, *, #2772, .F. ) ;
#1998 = FACE_OUTER_BOUND ( 'NONE', #737, .T. ) ;
#1999 = VECTOR ( 'NONE', #3039, 1000.000000000000000 ) ;
#2000 = ORIENTED_EDGE ( 'NONE', *, *, #1867, .T. ) ;
#2001 = ORIENTED_EDGE ( 'NONE', *, *, #1772, .T. ) ;
#2002 = ADVANCED_FACE ( 'NONE', ( #3466 ), #984, .F. ) ;
#2003 = CARTESIAN_POINT ( 'NONE',  ( -58.40682345157672728, 27.34613060164322462, 7.500000000000004441 ) ) ;
#2004 = DIRECTION ( 'NONE',  ( -2.006337338897160044E-16, 1.000000000000000000, 0.000000000000000000 ) ) ;
#2005 = PLANE ( 'NONE',  #1754 ) ;
#2006 = VECTOR ( 'NONE', #1486, 1000.000000000000000 ) ;
#2007 = DIRECTION ( 'NONE',  ( -0.000000000000000000, -0.000000000000000000, -1.000000000000000000 ) ) ;
#2008 = CARTESIAN_POINT ( 'NONE',  ( -2.406519009675665899, -41.24088067398282220, 7.500000000000000000 ) ) ;
#2009 = VECTOR ( 'NONE', #505, 1000.000000000000000 ) ;
#2010 = CARTESIAN_POINT ( 'NONE',  ( -14.40651900967566945, -41.93147959722431040, 11.49999999999998579 ) ) ;
#2011 = FACE_OUTER_BOUND ( 'NONE', #833, .T. ) ;
#2012 = CALENDAR_DATE ( 2025, 1, 5 ) ;
#2013 = VECTOR ( 'NONE', #2555, 999.9999999999998863 ) ;
#2014 = ORIENTED_EDGE ( 'NONE', *, *, #2515, .F. ) ;
#2015 = FACE_BOUND ( 'NONE', #1735, .T. ) ;
#2016 = EDGE_CURVE ( 'NONE', #1966, #2743, #1827, .T. ) ;
#2017 = EDGE_LOOP ( 'NONE', ( #2700, #2051 ) ) ;
#2018 = VECTOR ( 'NONE', #1401, 1000.000000000000000 ) ;
#2019 = ORIENTED_EDGE ( 'NONE', *, *, #1019, .F. ) ;
#2020 = LINE ( 'NONE', #180, #1713 ) ;
#2021 = AXIS2_PLACEMENT_3D ( 'NONE', #3179, #1001, #3539 ) ;
#2022 = EDGE_CURVE ( 'NONE', #2123, #789, #709, .T. ) ;
#2023 = FACE_OUTER_BOUND ( 'NONE', #1717, .T. ) ;
#2024 = VECTOR ( 'NONE', #1993, 1000.000000000000000 ) ;
#2025 = DIRECTION ( 'NONE',  ( 1.000000000000000000, 6.270003582906079530E-17, -0.000000000000000000 ) ) ;
#2026 = DIRECTION ( 'NONE',  ( 0.4999999999999920619, -0.8660254037844432595, 0.000000000000000000 ) ) ;
#2027 = CARTESIAN_POINT ( 'NONE',  ( 35.58949911506888242, 19.26570153935208651, 7.499999999999993783 ) ) ;
#2028 = FACE_OUTER_BOUND ( 'NONE', #2441, .T. ) ;
#2029 = PERSON_AND_ORGANIZATION ( #2304, #3334 ) ;
#2030 = EDGE_CURVE ( 'NONE', #3162, #3310, #959, .T. ) ;
#2031 = CARTESIAN_POINT ( 'NONE',  ( -1.479744551785738826, 5.409119309187896185, 15.00000000000000000 ) ) ;
#2032 = ORIENTED_EDGE ( 'NONE', *, *, #3052, .F. ) ;
#2033 = EDGE_CURVE ( 'NONE', #440, #1601, #1506, .T. ) ;
#2034 = CARTESIAN_POINT ( 'NONE',  ( -14.40651900967566590, -48.85968282749981029, 7.499999999999982236 ) ) ;
#2035 = ORIENTED_EDGE ( 'NONE', *, *, #2565, .T. ) ;
#2036 = ORIENTED_EDGE ( 'NONE', *, *, #2080, .T. ) ;
#2037 = ORIENTED_EDGE ( 'NONE', *, *, #647, .F. ) ;
#2038 = DIRECTION ( 'NONE',  ( -0.000000000000000000, -0.000000000000000000, -1.000000000000000000 ) ) ;
#2039 = CARTESIAN_POINT ( 'NONE',  ( -18.40937655444684751, -0.3652082848297367179, 15.00000000000000000 ) ) ;
#2040 = DIRECTION ( 'NONE',  ( -0.4999999999999920064, 0.8660254037844431485, 0.000000000000000000 ) ) ;
#2041 = DIRECTION ( 'NONE',  ( 0.4330127018922266258, 0.2499999999999996114, 0.8660254037844351549 ) ) ;
#2042 = EDGE_CURVE ( 'NONE', #1219, #1824, #2703, .T. ) ;
#2043 = CARTESIAN_POINT ( 'NONE',  ( -14.40651900967566945, -39.62207852046581280, 7.499999999999999112 ) ) ;
#2044 = VECTOR ( 'NONE', #406, 1000.000000000000000 ) ;
#2045 = DIRECTION ( 'NONE',  ( 0.8660254037844417052, -0.4999999999999949485, 0.000000000000000000 ) ) ;
#2046 = VECTOR ( 'NONE', #1314, 1000.000000000000000 ) ;
#2047 = ORIENTED_EDGE ( 'NONE', *, *, #217, .T. ) ;
#2048 = LINE ( 'NONE', #305, #1443 ) ;
#2049 = VECTOR ( 'NONE', #1609, 999.9999999999998863 ) ;
#2050 = ORIENTED_EDGE ( 'NONE', *, *, #2824, .F. ) ;
#2051 = ORIENTED_EDGE ( 'NONE', *, *, #779, .T. ) ;
#2052 = EDGE_CURVE ( 'NONE', #2185, #17, #2615, .T. ) ;
#2053 = DIRECTION ( 'NONE',  ( -0.5000000000000041078, -0.8660254037844363761, 0.000000000000000000 ) ) ;
#2054 = ADVANCED_FACE ( 'NONE', ( #3484 ), #1540, .F. ) ;
#2055 = CARTESIAN_POINT ( 'NONE',  ( 9.427335945775952908, 5.442874946034665484, 15.00000000000000000 ) ) ;
#2056 = CARTESIAN_POINT ( 'NONE',  ( 35.58949911506893216, 23.88450369286909591, 11.50000000000000355 ) ) ;
#2057 = VECTOR ( 'NONE', #1903, 1000.000000000000000 ) ;
#2058 = LINE ( 'NONE', #1197, #3122 ) ;
#2059 = VECTOR ( 'NONE', #81, 1000.000000000000227 ) ;
#2060 = CARTESIAN_POINT ( 'NONE',  ( 26.74784402146482165, 15.44287494603449673, 0.000000000000000000 ) ) ;
#2061 = ADVANCED_FACE ( 'NONE', ( #2669 ), #164, .F. ) ;
#2062 = PLANE ( 'NONE',  #390 ) ;
#2063 = VECTOR ( 'NONE', #1512, 1000.000000000000114 ) ;
#2064 = ORIENTED_EDGE ( 'NONE', *, *, #1376, .F. ) ;
#2065 = CARTESIAN_POINT ( 'NONE',  ( -24.99905593128941561, 7.597850261722134846, 15.00000000000000000 ) ) ;
#2066 = CARTESIAN_POINT ( 'NONE',  ( 33.58949911506908848, 36.58620961504092861, 11.50000000000001243 ) ) ;
#2067 = CIRCLE ( 'NONE', #1155, 3.000000000000002665 ) ;
#2068 = ORIENTED_EDGE ( 'NONE', *, *, #244, .T. ) ;
#2069 = ORIENTED_EDGE ( 'NONE', *, *, #2420, .T. ) ;
#2070 = VECTOR ( 'NONE', #420, 1000.000000000000000 ) ;
#2071 = EDGE_CURVE ( 'NONE', #3177, #2318, #2387, .T. ) ;
#2072 = CARTESIAN_POINT ( 'NONE',  ( -14.40651900967566590, -46.55028175074130559, 11.49999999999998579 ) ) ;
#2073 = ORIENTED_EDGE ( 'NONE', *, *, #2729, .F. ) ;
#2074 = FACE_OUTER_BOUND ( 'NONE', #1645, .T. ) ;
#2075 = VECTOR ( 'NONE', #816, 1000.000000000000000 ) ;
#2076 = ORIENTED_EDGE ( 'NONE', *, *, #2080, .F. ) ;
#2077 = EDGE_CURVE ( 'NONE', #370, #2777, #1042, .T. ) ;
#2078 = FACE_OUTER_BOUND ( 'NONE', #523, .T. ) ;
#2079 = PLANE ( 'NONE',  #1829 ) ;
#2080 = EDGE_CURVE ( 'NONE', #1601, #2779, #2336, .T. ) ;
#2081 = CARTESIAN_POINT ( 'NONE',  ( -6.007890314391049813, -10.05356730124580977, 15.00000000000000000 ) ) ;
#2082 = DIRECTION ( 'NONE',  ( -0.4999999999999918954, 0.8660254037844433705, 0.000000000000000000 ) ) ;
#2083 = FACE_OUTER_BOUND ( 'NONE', #491, .T. ) ;
#2084 = ORIENTED_EDGE ( 'NONE', *, *, #1160, .T. ) ;
#2085 = DIRECTION ( 'NONE',  ( 0.000000000000000000, 0.5083554486468028211, 0.8611473380502943087 ) ) ;
#2086 = DIRECTION ( 'NONE',  ( 0.8660254037844363761, -0.5000000000000041078, 0.000000000000000000 ) ) ;
#2087 = ORIENTED_EDGE ( 'NONE', *, *, #26, .F. ) ;
#2088 = ORIENTED_EDGE ( 'NONE', *, *, #2300, .F. ) ;
#2089 = EDGE_CURVE ( 'NONE', #117, #1004, #219, .T. ) ;
#2090 = LINE ( 'NONE', #585, #1103 ) ;
#2091 = ORIENTED_EDGE ( 'NONE', *, *, #1573, .T. ) ;
#2092 = CARTESIAN_POINT ( 'NONE',  ( -5.657947782061248709, 10.17225903000230680, 0.000000000000000000 ) ) ;
#2093 = ORIENTED_EDGE ( 'NONE', *, *, #3579, .F. ) ;
#2094 = CARTESIAN_POINT ( 'NONE',  ( 29.58949911506904940, 34.27680853828244523, 11.50000000000003730 ) ) ;
#2095 = CARTESIAN_POINT ( 'NONE',  ( 1.593480990324330770, 9.991131518626281984E-17, 15.00000000000000000 ) ) ;
#2096 = CARTESIAN_POINT ( 'NONE',  ( -64.43310289320554318, 29.67070412110032862, 0.000000000000000000 ) ) ;
#2097 = CARTESIAN_POINT ( 'NONE',  ( -13.60518748202599149, 8.407236089734945850, 17.56903954882624674 ) ) ;
#2098 = CARTESIAN_POINT ( 'NONE',  ( -11.15794778206124960, 0.6459795883734832378, -1.000000000000004441 ) ) ;
#2099 = VERTEX_POINT ( 'NONE', #492 ) ;
#2100 = CARTESIAN_POINT ( 'NONE',  ( -13.60518748202599149, 8.407236089734945850, 17.56903954882624674 ) ) ;
#2101 = CARTESIAN_POINT ( 'NONE',  ( -48.40682345157669886, 35.42903437029794134, 7.500000000000000000 ) ) ;
#2102 = VERTEX_POINT ( 'NONE', #1602 ) ;
#2103 = CARTESIAN_POINT ( 'NONE',  ( -38.70336314270295475, 23.86129388902127602, 15.00000000000000000 ) ) ;
#2104 = ORIENTED_EDGE ( 'NONE', *, *, #2738, .F. ) ;
#2105 = ORIENTED_EDGE ( 'NONE', *, *, #662, .T. ) ;
#2106 = CARTESIAN_POINT ( 'NONE',  ( -2.907947782061249598, 5.409119309187894409, 0.000000000000000000 ) ) ;
#2107 = AXIS2_PLACEMENT_3D ( 'NONE', #2566, #161, #998 ) ;
#2108 = VERTEX_POINT ( 'NONE', #2710 ) ;
#2109 = CARTESIAN_POINT ( 'NONE',  ( -24.99905593128941561, 7.597850261722134846, 15.00000000000000000 ) ) ;
#2110 = DIRECTION ( 'NONE',  ( -0.8660254037844364872, 0.5000000000000038858, 0.000000000000000000 ) ) ;
#2111 = EDGE_CURVE ( 'NONE', #2982, #2741, #3163, .T. ) ;
#2112 = CARTESIAN_POINT ( 'NONE',  ( -50.40682345157678412, 22.72732844812620101, 7.499999999999996447 ) ) ;
#2113 = DIRECTION ( 'NONE',  ( 0.8660254037844415942, -0.4999999999999949485, -0.000000000000000000 ) ) ;
#2114 = LINE ( 'NONE', #1638, #3510 ) ;
#2115 = DIRECTION ( 'NONE',  ( 0.000000000000000000, 0.4999999999999999445, -0.8660254037844385966 ) ) ;
#2116 = AXIS2_PLACEMENT_3D ( 'NONE', #3576, #3038, #1343 ) ;
#2117 = ORIENTED_EDGE ( 'NONE', *, *, #2590, .F. ) ;
#2118 = DIRECTION ( 'NONE',  ( -0.000000000000000000, -0.000000000000000000, -1.000000000000000000 ) ) ;
#2119 = DIRECTION ( 'NONE',  ( 0.8660254037844429265, 0.4999999999999924505, 0.000000000000000000 ) ) ;
#2120 = VECTOR ( 'NONE', #1014, 999.9999999999998863 ) ;
#2121 = ORIENTED_EDGE ( 'NONE', *, *, #972, .T. ) ;
#2122 = CC_DESIGN_PERSON_AND_ORGANIZATION_ASSIGNMENT ( #880, #640, ( #2573 ) ) ;
#2123 = VERTEX_POINT ( 'NONE', #2043 ) ;
#2124 = AXIS2_PLACEMENT_3D ( 'NONE', #1259, #2364, #3152 ) ;
#2125 = CARTESIAN_POINT ( 'NONE',  ( -42.31956400697815468, 17.59785026172221123, 0.000000000000000000 ) ) ;
#2126 = EDGE_LOOP ( 'NONE', ( #206, #2734, #1622, #465 ) ) ;
#2127 = DIRECTION ( 'NONE',  ( 4.336808689942017736E-17, -1.000000000000000000, 0.000000000000000000 ) ) ;
#2128 = ORIENTED_EDGE ( 'NONE', *, *, #1328, .T. ) ;
#2129 = DIRECTION ( 'NONE',  ( 6.270003582906079530E-17, -1.000000000000000000, 0.000000000000000000 ) ) ;
#2130 = VECTOR ( 'NONE', #2520, 1000.000000000000000 ) ;
#2131 = DIRECTION ( 'NONE',  ( -0.8660254037844428154, -0.4999999999999926725, 5.445890420422168134E-15 ) ) ;
#2132 = EDGE_LOOP ( 'NONE', ( #3086, #3532, #574, #3512, #2773, #1731 ) ) ;
#2133 = EDGE_CURVE ( 'NONE', #1627, #3383, #2645, .T. ) ;
#2134 = VECTOR ( 'NONE', #728, 1000.000000000000000 ) ;
#2135 = CARTESIAN_POINT ( 'NONE',  ( 35.58949911506893216, 23.88450369286909591, 11.50000000000000355 ) ) ;
#2136 = CARTESIAN_POINT ( 'NONE',  ( 0.000000000000000000, -10.05356730124580977, 0.000000000000000000 ) ) ;
#2137 = CARTESIAN_POINT ( 'NONE',  ( -12.77317820347476029, 7.374597874183215218, 0.000000000000000000 ) ) ;
#2138 = VECTOR ( 'NONE', #349, 1000.000000000000114 ) ;
#2139 = LINE ( 'NONE', #2198, #92 ) ;
#2140 = ORIENTED_EDGE ( 'NONE', *, *, #3312, .F. ) ;
#2141 = FACE_BOUND ( 'NONE', #1826, .T. ) ;
#2142 = DIRECTION ( 'NONE',  ( 0.8660254037844415942, -0.4999999999999949485, -0.000000000000000000 ) ) ;
#2143 = CARTESIAN_POINT ( 'NONE',  ( 0.1612565303828870089, 0.09310150122514483650, 0.000000000000000000 ) ) ;
#2144 = EDGE_CURVE ( 'NONE', #3186, #3383, #857, .T. ) ;
#2145 = CARTESIAN_POINT ( 'NONE',  ( 27.58949911506903518, 37.74091015342018807, 3.499999999999986677 ) ) ;
#2146 = ORIENTED_EDGE ( 'NONE', *, *, #1354, .F. ) ;
#2147 = CARTESIAN_POINT ( 'NONE',  ( -2.007890314391049369, -30.05356730124580977, 15.00000000000000000 ) ) ;
#2148 = ORIENTED_EDGE ( 'NONE', *, *, #1441, .T. ) ;
#2149 = DIRECTION ( 'NONE',  ( -0.4999999999999922284, 0.8660254037844432595, -0.000000000000000000 ) ) ;
#2150 = CARTESIAN_POINT ( 'NONE',  ( -61.83502668185223428, 28.17070412110029665, 0.000000000000000000 ) ) ;
#2151 = VERTEX_POINT ( 'NONE', #1788 ) ;
#2152 = DIRECTION ( 'NONE',  ( 1.000000000000000000, 2.312964634635746211E-15, 0.000000000000000000 ) ) ;
#2153 = ADVANCED_FACE ( 'NONE', ( #1503, #2592 ), #722, .T. ) ;
#2154 = DIRECTION ( 'NONE',  ( 0.8660254037844362651, -0.5000000000000038858, 0.000000000000000000 ) ) ;
#2155 = FACE_OUTER_BOUND ( 'NONE', #1030, .T. ) ;
#2156 = ORIENTED_EDGE ( 'NONE', *, *, #2772, .T. ) ;
#2157 = CARTESIAN_POINT ( 'NONE',  ( -51.80874724022342548, 23.53672952488469861, 7.500000000000000000 ) ) ;
#2158 = LINE ( 'NONE', #475, #2604 ) ;
#2159 = VERTEX_POINT ( 'NONE', #2896 ) ;
#2160 = ORIENTED_EDGE ( 'NONE', *, *, #901, .F. ) ;
#2161 = LINE ( 'NONE', #3525, #581 ) ;
#2162 = CIRCLE ( 'NONE', #28, 3.000000000000000888 ) ;
#2163 = VERTEX_POINT ( 'NONE', #2081 ) ;
#2164 = DIRECTION ( 'NONE',  ( -1.000000000000000000, 1.095437728245845476E-16, 0.000000000000000000 ) ) ;
#2165 = EDGE_LOOP ( 'NONE', ( #2266, #2873, #1971, #924 ) ) ;
#2166 = CARTESIAN_POINT ( 'NONE',  ( -13.90794778206124604, 5.409119309187896185, 0.000000000000000000 ) ) ;
#2167 = EDGE_CURVE ( 'NONE', #3096, #2910, #3480, .T. ) ;
#2168 = VECTOR ( 'NONE', #319, 1000.000000000000114 ) ;
#2169 = CARTESIAN_POINT ( 'NONE',  ( -39.35976569455654328, 22.72437131899302187, 15.00000000000000000 ) ) ;
#2170 = ADVANCED_FACE ( 'NONE', ( #669 ), #111, .F. ) ;
#2171 = DIRECTION ( 'NONE',  ( 0.4999999999999922839, -0.8660254037844431485, -0.000000000000000000 ) ) ;
#2172 = LINE ( 'NONE', #3286, #2883 ) ;
#2173 = CARTESIAN_POINT ( 'NONE',  ( -1.406519009675666787, -52.24088067398282220, 0.000000000000000000 ) ) ;
#2174 = DIRECTION ( 'NONE',  ( -0.4999999999999917843, 0.8660254037844434816, 0.000000000000000000 ) ) ;
#2175 = EDGE_LOOP ( 'NONE', ( #1463, #1055, #3526, #3249, #3254, #948 ) ) ;
#2176 = ORIENTED_EDGE ( 'NONE', *, *, #983, .T. ) ;
#2177 = EDGE_CURVE ( 'NONE', #34, #700, #3191, .T. ) ;
#2178 = CARTESIAN_POINT ( 'NONE',  ( 35.58949911506888242, 19.26570153935208651, 7.499999999999993783 ) ) ;
#2179 = ADVANCED_BREP_SHAPE_REPRESENTATION ( 'Mouving-Platform_D\X2\00e9\X0\faut_sldprt', ( #2990, #1295 ), #2392 ) ;
#2180 = CARTESIAN_POINT ( 'NONE',  ( 0.000000000000000000, -30.05356730124580977, 0.000000000000000000 ) ) ;
#2181 = VECTOR ( 'NONE', #3519, 1000.000000000000114 ) ;
#2182 = VERTEX_POINT ( 'NONE', #3427 ) ;
#2183 = VECTOR ( 'NONE', #3325, 1000.000000000000000 ) ;
#2184 = LINE ( 'NONE', #2066, #1451 ) ;
#2185 = VERTEX_POINT ( 'NONE', #2112 ) ;
#2186 = LINE ( 'NONE', #3031, #1589 ) ;
#2187 = AXIS2_PLACEMENT_3D ( 'NONE', #2094, #174, #2586 ) ;
#2188 = ORIENTED_EDGE ( 'NONE', *, *, #1834, .T. ) ;
#2189 = ADVANCED_FACE ( 'NONE', ( #944 ), #705, .F. ) ;
#2190 = CARTESIAN_POINT ( 'NONE',  ( -58.40682345157675570, 22.72732844812622233, 3.500000000000023981 ) ) ;
#2191 = CARTESIAN_POINT ( 'NONE',  ( 31.58949911506907782, 40.05031123017867145, 3.499999999999961364 ) ) ;
#2192 = EDGE_CURVE ( 'NONE', #881, #3060, #379, .T. ) ;
#2193 = LINE ( 'NONE', #1360, #1964 ) ;
#2194 = AXIS2_PLACEMENT_3D ( 'NONE', #79, #1168, #151 ) ;
#2195 = ADVANCED_FACE ( 'NONE', ( #3495 ), #3229, .F. ) ;
#2196 = DIRECTION ( 'NONE',  ( 0.7499999999999985567, -0.4330127018922231286, -0.4999999999999990563 ) ) ;
#2197 = CARTESIAN_POINT ( 'NONE',  ( -54.40682345157677702, 20.41792737136770697, 3.500000000000023093 ) ) ;
#2198 = CARTESIAN_POINT ( 'NONE',  ( -5.657947782061248709, 10.17225903000230680, -1.000000000000004441 ) ) ;
#2199 = EDGE_LOOP ( 'NONE', ( #741, #135, #2037, #2628 ) ) ;
#2200 = AXIS2_PLACEMENT_3D ( 'NONE', #493, #2086, #2373 ) ;
#2201 = ORIENTED_EDGE ( 'NONE', *, *, #2326, .F. ) ;
#2202 = DIRECTION ( 'NONE',  ( 1.000000000000000000, 6.270003582906079530E-17, -0.000000000000000000 ) ) ;
#2203 = DIRECTION ( 'NONE',  ( 0.8660254037844363761, -0.5000000000000041078, 0.000000000000000000 ) ) ;
#2204 = VERTEX_POINT ( 'NONE', #1514 ) ;
#2205 = ORIENTED_EDGE ( 'NONE', *, *, #2515, .T. ) ;
#2206 = EDGE_LOOP ( 'NONE', ( #50, #283, #1599, #1221 ) ) ;
#2207 = CARTESIAN_POINT ( 'NONE',  ( -4.943846166923492547, -0.5908806908121070345, 15.00000000000000000 ) ) ;
#2208 = ORIENTED_EDGE ( 'NONE', *, *, #665, .T. ) ;
#2209 = CARTESIAN_POINT ( 'NONE',  ( 40.58949911506889663, 19.84305180854167716, 7.500000000000001776 ) ) ;
#2210 = FACE_BOUND ( 'NONE', #810, .T. ) ;
#2211 = CARTESIAN_POINT ( 'NONE',  ( 0.6564025518535658854, 1.136922570028228385, 0.000000000000000000 ) ) ;
#2212 = PLANE ( 'NONE',  #3240 ) ;
#2213 = ORIENTED_EDGE ( 'NONE', *, *, #3098, .T. ) ;
#2214 = DIRECTION ( 'NONE',  ( 7.511572993685790226E-16, -1.000000000000000000, -9.389466242107237782E-17 ) ) ;
#2215 = CARTESIAN_POINT ( 'NONE',  ( 0.000000000000000000, -10.05356730124580977, 15.00000000000000000 ) ) ;
#2216 = ORIENTED_EDGE ( 'NONE', *, *, #452, .F. ) ;
#2217 = DIRECTION ( 'NONE',  ( -0.000000000000000000, -0.000000000000000000, -1.000000000000000000 ) ) ;
#2218 = EDGE_CURVE ( 'NONE', #2338, #3419, #2367, .T. ) ;
#2219 = ORIENTED_EDGE ( 'NONE', *, *, #2989, .T. ) ;
#2220 = VERTEX_POINT ( 'NONE', #2881 ) ;
#2221 = DIRECTION ( 'NONE',  ( 0.000000000000000000, 1.000000000000000000, 0.000000000000000000 ) ) ;
#2222 = ORIENTED_EDGE ( 'NONE', *, *, #3423, .F. ) ;
#2223 = VERTEX_POINT ( 'NONE', #996 ) ;
#2224 = LOCAL_TIME ( 14, 41, 26.00000000000000000, #1186 ) ;
#2225 = CARTESIAN_POINT ( 'NONE',  ( -4.760483964779333554, -8.245400095614648706, 0.000000000000000000 ) ) ;
#2226 = FACE_BOUND ( 'NONE', #1710, .T. ) ;
#2227 = CARTESIAN_POINT ( 'NONE',  ( -21.38285506701422278, 13.86129388902119430, 0.000000000000000000 ) ) ;
#2228 = VECTOR ( 'NONE', #265, 1000.000000000000000 ) ;
#2229 = CARTESIAN_POINT ( 'NONE',  ( 0.6564025518535658854, 1.136922570028228385, 15.00000000000000000 ) ) ;
#2230 = LINE ( 'NONE', #1185, #2183 ) ;
#2231 = EDGE_LOOP ( 'NONE', ( #1336, #1041, #1052, #538 ) ) ;
#2232 = DIRECTION ( 'NONE',  ( -0.4999999999999998335, 0.8660254037844387076, 0.000000000000000000 ) ) ;
#2233 = ORIENTED_EDGE ( 'NONE', *, *, #2708, .F. ) ;
#2234 = AXIS2_PLACEMENT_3D ( 'NONE', #2173, #1301, #275 ) ;
#2235 = ORIENTED_EDGE ( 'NONE', *, *, #3282, .F. ) ;
#2236 = DIRECTION ( 'NONE',  ( -0.5000000000000041078, -0.8660254037844363761, 0.000000000000000000 ) ) ;
#2237 = EDGE_LOOP ( 'NONE', ( #2660, #55, #1606, #2900 ) ) ;
#2238 = EDGE_LOOP ( 'NONE', ( #129, #3085, #1980, #678 ) ) ;
#2239 = AXIS2_PLACEMENT_3D ( 'NONE', #1802, #994, #3206 ) ;
#2240 = DIRECTION ( 'NONE',  ( 0.8660254037844431485, 0.4999999999999922839, 0.000000000000000000 ) ) ;
#2241 = PLANE ( 'NONE',  #169 ) ;
#2242 = AXIS2_PLACEMENT_3D ( 'NONE', #1195, #2295, #325 ) ;
#2243 = DIRECTION ( 'NONE',  ( 0.7499999999999983347, -0.4330127018922227955, 0.4999999999999995559 ) ) ;
#2244 = CIRCLE ( 'NONE', #676, 2.999999999999999556 ) ;
#2245 = LINE ( 'NONE', #1468, #336 ) ;
#2246 = DIRECTION ( 'NONE',  ( -0.000000000000000000, -0.000000000000000000, -1.000000000000000000 ) ) ;
#2247 = FACE_BOUND ( 'NONE', #1505, .T. ) ;
#2248 = ORIENTED_EDGE ( 'NONE', *, *, #1050, .T. ) ;
#2249 = VECTOR ( 'NONE', #1381, 1000.000000000000000 ) ;
#2250 = LINE ( 'NONE', #3117, #1970 ) ;
#2251 = VECTOR ( 'NONE', #2694, 1000.000000000000114 ) ;
#2252 = ORIENTED_EDGE ( 'NONE', *, *, #2417, .T. ) ;
#2253 = VECTOR ( 'NONE', #3503, 1000.000000000000000 ) ;
#2254 = ORIENTED_EDGE ( 'NONE', *, *, #1644, .F. ) ;
#2255 = CARTESIAN_POINT ( 'NONE',  ( -13.24029204294138751, -10.05356730124580977, 15.00000000000000000 ) ) ;
#2256 = VECTOR ( 'NONE', #2869, 1000.000000000000000 ) ;
#2257 = EDGE_CURVE ( 'NONE', #457, #198, #957, .T. ) ;
#2258 = VERTEX_POINT ( 'NONE', #2096 ) ;
#2259 = EDGE_CURVE ( 'NONE', #404, #1426, #3173, .T. ) ;
#2260 = CARTESIAN_POINT ( 'NONE',  ( 0.5550813013630955250, -0.9614290162923531113, 15.00000000000000000 ) ) ;
#2261 = DIRECTION ( 'NONE',  ( -0.8660254037844430375, -0.4999999999999925060, 0.000000000000000000 ) ) ;
#2262 = CARTESIAN_POINT ( 'NONE',  ( -5.657947782061249598, 0.6459795883734815725, 0.000000000000000000 ) ) ;
#2263 = CARTESIAN_POINT ( 'NONE',  ( -61.83502668185223428, 28.17070412110029665, 15.00000000000000000 ) ) ;
#2264 = PLANE ( 'NONE',  #2546 ) ;
#2265 = CARTESIAN_POINT ( 'NONE',  ( -60.40682345157674149, 23.88202898650547823, 7.500000000000004441 ) ) ;
#2266 = ORIENTED_EDGE ( 'NONE', *, *, #3284, .T. ) ;
#2267 = EDGE_CURVE ( 'NONE', #1025, #3402, #1243, .T. ) ;
#2268 = ADVANCED_FACE ( 'NONE', ( #2935 ), #447, .F. ) ;
#2269 = DIRECTION ( 'NONE',  ( -0.5000000000000039968, -0.8660254037844363761, 0.000000000000000000 ) ) ;
#2270 = ORIENTED_EDGE ( 'NONE', *, *, #1789, .T. ) ;
#2271 = ORIENTED_EDGE ( 'NONE', *, *, #681, .F. ) ;
#2272 = LINE ( 'NONE', #87, #3276 ) ;
#2273 = DIRECTION ( 'NONE',  ( -0.5000000000000039968, -0.8660254037844363761, -0.000000000000000000 ) ) ;
#2274 = CARTESIAN_POINT ( 'NONE',  ( -5.657947782061248709, 10.17225903000230680, 20.00000000000000000 ) ) ;
#2275 = EDGE_CURVE ( 'NONE', #2681, #75, #2405, .T. ) ;
#2276 = DIRECTION ( 'NONE',  ( 0.8660254037844362651, -0.5000000000000038858, 0.000000000000000000 ) ) ;
#2277 = CARTESIAN_POINT ( 'NONE',  ( 1.593480990324330770, -0.3652082848297941720, 0.000000000000000000 ) ) ;
#2278 = VECTOR ( 'NONE', #562, 1000.000000000000000 ) ;
#2279 = DIRECTION ( 'NONE',  ( 1.945223770929958834E-11, 1.000000000000000000, 0.000000000000000000 ) ) ;
#2280 = CARTESIAN_POINT ( 'NONE',  ( -50.40682345157667044, 41.20253706219421730, 7.499999999999994671 ) ) ;
#2281 = EDGE_CURVE ( 'NONE', #1139, #843, #3252, .T. ) ;
#2282 = PERSON_AND_ORGANIZATION ( #2304, #3334 ) ;
#2283 = ORIENTED_EDGE ( 'NONE', *, *, #2978, .T. ) ;
#2284 = CARTESIAN_POINT ( 'NONE',  ( -9.240292042941383954, -30.05356730124580977, 15.00000000000000000 ) ) ;
#2285 = AXIS2_PLACEMENT_3D ( 'NONE', #746, #1177, #905 ) ;
#2286 = EDGE_CURVE ( 'NONE', #2681, #2204, #2487, .T. ) ;
#2287 = ORIENTED_EDGE ( 'NONE', *, *, #2978, .F. ) ;
#2288 = ORIENTED_EDGE ( 'NONE', *, *, #3166, .F. ) ;
#2289 = DIRECTION ( 'NONE',  ( 0.5000000000000038858, 0.8660254037844363761, -0.000000000000000000 ) ) ;
#2290 = CARTESIAN_POINT ( 'NONE',  ( 19.10361097518572748, 28.68307496708719739, 0.000000000000000000 ) ) ;
#2291 = LINE ( 'NONE', #2909, #423 ) ;
#2292 = ADVANCED_FACE ( 'NONE', ( #3536 ), #766, .T. ) ;
#2293 = AXIS2_PLACEMENT_3D ( 'NONE', #1227, #2610, #3208 ) ;
#2294 = EDGE_CURVE ( 'NONE', #73, #3487, #2114, .T. ) ;
#2295 = DIRECTION ( 'NONE',  ( 5.399396894985380931E-17, -0.8611473380502947528, 0.5083554486468020439 ) ) ;
#2296 = VECTOR ( 'NONE', #2381, 1000.000000000000227 ) ;
#2297 = DIRECTION ( 'NONE',  ( -0.4330127018922223514, -0.2499999999999961975, 0.8660254037844381525 ) ) ;
#2298 = CARTESIAN_POINT ( 'NONE',  ( -4.943846166923495211, 11.40911930918789885, 20.00000000000000000 ) ) ;
#2299 = APPROVAL_ROLE ( '' ) ;
#2300 = EDGE_CURVE ( 'NONE', #827, #2303, #1038, .T. ) ;
#2301 = AXIS2_PLACEMENT_3D ( 'NONE', #778, #1588, #3034 ) ;
#2302 = LINE ( 'NONE', #2842, #1783 ) ;
#2303 = VERTEX_POINT ( 'NONE', #196 ) ;
#2304 = PERSON ( 'UNSPECIFIED', 'UNSPECIFIED', 'UNSPECIFIED', ('UNSPECIFIED'), ('UNSPECIFIED'), ('UNSPECIFIED') ) ;
#2305 = DIRECTION ( 'NONE',  ( -1.000000000000000000, -2.006337338897160044E-16, -0.000000000000000000 ) ) ;
#2306 = AXIS2_PLACEMENT_3D ( 'NONE', #3110, #3394, #326 ) ;
#2307 = VERTEX_POINT ( 'NONE', #1863 ) ;
#2308 = ORIENTED_EDGE ( 'NONE', *, *, #1691, .F. ) ;
#2309 = VECTOR ( 'NONE', #2445, 1000.000000000000114 ) ;
#2310 = LINE ( 'NONE', #1749, #3081 ) ;
#2311 = VECTOR ( 'NONE', #2297, 1000.000000000000227 ) ;
#2312 = CARTESIAN_POINT ( 'NONE',  ( -1.479744551785738826, 5.409119309187896185, 20.00000000000000000 ) ) ;
#2313 = DIRECTION ( 'NONE',  ( -6.066268378307048266E-19, 0.009675063655219471800, 0.9999531954763021258 ) ) ;
#2314 = DIRECTION ( 'NONE',  ( -0.4330127018922195758, 0.2500000000000016653, 0.8660254037844380415 ) ) ;
#2315 = CARTESIAN_POINT ( 'NONE',  ( -36.70336314270293343, 27.32539550415902241, 15.00000000000000000 ) ) ;
#2316 = CARTESIAN_POINT ( 'NONE',  ( 0.000000000000000000, -10.05356730124580977, 15.00000000000000000 ) ) ;
#2317 = LINE ( 'NONE', #1201, #2256 ) ;
#2318 = VERTEX_POINT ( 'NONE', #2976 ) ;
#2319 = ADVANCED_FACE ( 'NONE', ( #488, #2155 ), #3307, .F. ) ;
#2320 = CARTESIAN_POINT ( 'NONE',  ( 1.593480990324333879, -48.85946664666496275, 7.544687204846144191 ) ) ;
#2321 = ORIENTED_EDGE ( 'NONE', *, *, #2486, .F. ) ;
#2322 = ADVANCED_FACE ( 'NONE', ( #3022 ), #1597, .F. ) ;
#2323 = EDGE_LOOP ( 'NONE', ( #527, #812, #1022, #1531, #147, #3578, #2523, #1315, #967, #304, #2788, #1665, #1543, #218, #1944, #559, #3066, #1472, #2794 ) ) ;
#2324 = ORIENTED_EDGE ( 'NONE', *, *, #3294, .F. ) ;
#2325 = CARTESIAN_POINT ( 'NONE',  ( 27.58949911506899966, 33.12210799990318577, 7.500000000000020428 ) ) ;
#2326 = EDGE_CURVE ( 'NONE', #885, #1697, #550, .T. ) ;
#2327 = FACE_OUTER_BOUND ( 'NONE', #3062, .T. ) ;
#2328 = LINE ( 'NONE', #2494, #3182 ) ;
#2329 = DIRECTION ( 'NONE',  ( -0.8660254037844364872, 0.5000000000000036637, 0.000000000000000000 ) ) ;
#2330 = DIRECTION ( 'NONE',  ( -4.668289073721209109E-17, 1.000000000000000000, 0.000000000000000000 ) ) ;
#2331 = AXIS2_PLACEMENT_3D ( 'NONE', #822, #2992, #3017 ) ;
#2332 = LINE ( 'NONE', #2626, #2840 ) ;
#2333 = VECTOR ( 'NONE', #3222, 1000.000000000000000 ) ;
#2334 = VERTEX_POINT ( 'NONE', #2730 ) ;
#2335 = EDGE_CURVE ( 'NONE', #2334, #3118, #3231, .T. ) ;
#2336 = LINE ( 'NONE', #3445, #438 ) ;
#2337 = CIRCLE ( 'NONE', #262, 1.000000000000001776 ) ;
#2338 = VERTEX_POINT ( 'NONE', #533 ) ;
#2339 = EDGE_CURVE ( 'NONE', #471, #329, #254, .T. ) ;
#2340 = CC_DESIGN_DATE_AND_TIME_ASSIGNMENT ( #1726, #1459, ( #1711 ) ) ;
#2341 = CARTESIAN_POINT ( 'NONE',  ( -50.40682345157668465, 36.58373490867721500, 3.499999999999996003 ) ) ;
#2342 = VERTEX_POINT ( 'NONE', #1062 ) ;
#2343 = FACE_OUTER_BOUND ( 'NONE', #1203, .T. ) ;
#2344 = ORIENTED_EDGE ( 'NONE', *, *, #1478, .T. ) ;
#2345 = CARTESIAN_POINT ( 'NONE',  ( 24.71981183946079952, 18.95552972465031516, 15.00000000000000000 ) ) ;
#2346 = DIRECTION ( 'NONE',  ( -7.511572993685812906E-16, 1.000000000000000000, 0.000000000000000000 ) ) ;
#2347 = CARTESIAN_POINT ( 'NONE',  ( 26.74784402146482165, 15.44287494603449673, 0.000000000000000000 ) ) ;
#2348 = DIRECTION ( 'NONE',  ( -0.8660254037844389297, 0.4999999999999996114, 0.000000000000000000 ) ) ;
#2349 = DIRECTION ( 'NONE',  ( -0.000000000000000000, -0.000000000000000000, -1.000000000000000000 ) ) ;
#2350 = VECTOR ( 'NONE', #3108, 1000.000000000000114 ) ;
#2351 = EDGE_CURVE ( 'NONE', #2741, #1718, #1363, .T. ) ;
#2352 = ORIENTED_EDGE ( 'NONE', *, *, #598, .F. ) ;
#2353 = CARTESIAN_POINT ( 'NONE',  ( -2.028032182004017692, 3.512654778615806439, 0.000000000000000000 ) ) ;
#2354 = CARTESIAN_POINT ( 'NONE',  ( -14.40651900967566945, -41.24088067398282220, 7.500000000000000000 ) ) ;
#2355 = ORIENTED_EDGE ( 'NONE', *, *, #2898, .F. ) ;
#2356 = VERTEX_POINT ( 'NONE', #2447 ) ;
#2357 = VECTOR ( 'NONE', #2907, 999.9999999999998863 ) ;
#2358 = EDGE_CURVE ( 'NONE', #3149, #2790, #1766, .T. ) ;
#2359 = CARTESIAN_POINT ( 'NONE',  ( 1.593480990324333213, -39.62229470130068165, 7.455312795153860250 ) ) ;
#2360 = ORIENTED_EDGE ( 'NONE', *, *, #935, .T. ) ;
#2361 = CARTESIAN_POINT ( 'NONE',  ( 2.656402551853586758, 4.601024185165983660, 15.00000000000000000 ) ) ;
#2362 = VECTOR ( 'NONE', #1942, 1000.000000000000000 ) ;
#2363 = ORIENTED_EDGE ( 'NONE', *, *, #1302, .T. ) ;
#2364 = DIRECTION ( 'NONE',  ( -0.5000000000000039968, -0.8660254037844363761, 0.000000000000000000 ) ) ;
#2365 = AXIS2_PLACEMENT_3D ( 'NONE', #2532, #1453, #1180 ) ;
#2366 = DIRECTION ( 'NONE',  ( 0.8660254037844432595, 0.4999999999999918954, -9.389466242107256271E-17 ) ) ;
#2367 = LINE ( 'NONE', #743, #2006 ) ;
#2368 = LINE ( 'NONE', #1790, #928 ) ;
#2369 = DIRECTION ( 'NONE',  ( 0.4999999999999999445, 0.8660254037844387076, 1.602468905319636514E-17 ) ) ;
#2370 = ORIENTED_EDGE ( 'NONE', *, *, #3500, .T. ) ;
#2371 = EDGE_CURVE ( 'NONE', #1836, #146, #2999, .T. ) ;
#2372 = DIRECTION ( 'NONE',  ( 0.8660254037844363761, -0.5000000000000039968, 0.000000000000000000 ) ) ;
#2373 = DIRECTION ( 'NONE',  ( 0.5000000000000041078, 0.8660254037844363761, 0.000000000000000000 ) ) ;
#2374 = ORIENTED_EDGE ( 'NONE', *, *, #2351, .T. ) ;
#2375 = ORIENTED_EDGE ( 'NONE', *, *, #1927, .T. ) ;
#2376 = CARTESIAN_POINT ( 'NONE',  ( 0.5550813013630955250, -0.9614290162923531113, 15.00000000000000000 ) ) ;
#2377 = ORIENTED_EDGE ( 'NONE', *, *, #3107, .F. ) ;
#2378 = CARTESIAN_POINT ( 'NONE',  ( 1.593480990324333435, -41.97028794226262960, 3.477843615671734501 ) ) ;
#2379 = EDGE_LOOP ( 'NONE', ( #286, #1383, #3264, #2477 ) ) ;
#2380 = FACE_OUTER_BOUND ( 'NONE', #1429, .T. ) ;
#2381 = DIRECTION ( 'NONE',  ( 0.000000000000000000, 0.4999999999999998890, 0.8660254037844385966 ) ) ;
#2382 = DIRECTION ( 'NONE',  ( -0.8660254037844389297, -0.4999999999999996114, 0.000000000000000000 ) ) ;
#2383 = CYLINDRICAL_SURFACE ( 'NONE', #3464, 3.000000000000002665 ) ;
#2384 = CARTESIAN_POINT ( 'NONE',  ( 1.783102899496857185, 18.68307496708735371, 15.00000000000000000 ) ) ;
#2385 = VERTEX_POINT ( 'NONE', #3515 ) ;
#2386 = LOCAL_TIME ( 14, 41, 26.00000000000000000, #351 ) ;
#2387 = LINE ( 'NONE', #199, #2181 ) ;
#2388 = CARTESIAN_POINT ( 'NONE',  ( 35.58949911506893216, 23.88450369286909591, 3.499999999999989342 ) ) ;
#2389 = ORIENTED_EDGE ( 'NONE', *, *, #1633, .F. ) ;
#2390 = ADVANCED_FACE ( 'NONE', ( #1382 ), #745, .F. ) ;
#2391 = ORIENTED_EDGE ( 'NONE', *, *, #3377, .F. ) ;
#2392 =( GEOMETRIC_REPRESENTATION_CONTEXT ( 3 ) GLOBAL_UNCERTAINTY_ASSIGNED_CONTEXT ( ( #3078 ) ) GLOBAL_UNIT_ASSIGNED_CONTEXT ( ( #787, #2469, #2706 ) ) REPRESENTATION_CONTEXT ( 'NONE', 'WORKASPACE' ) );
#2393 = LINE ( 'NONE', #225, #394 ) ;
#2394 = VERTEX_POINT ( 'NONE', #1979 ) ;
#2395 = EDGE_CURVE ( 'NONE', #440, #3280, #327, .T. ) ;
#2396 = FACE_OUTER_BOUND ( 'NONE', #2563, .T. ) ;
#2397 = CC_DESIGN_APPROVAL ( #2462, ( #1711 ) ) ;
#2398 = ORIENTED_EDGE ( 'NONE', *, *, #3572, .T. ) ;
#2399 = CARTESIAN_POINT ( 'NONE',  ( 3.783102899496824101, 15.21897335194958067, 15.00000000000000000 ) ) ;
#2400 = CARTESIAN_POINT ( 'NONE',  ( -13.24029204294138751, -10.05356730124580977, 15.00000000000000000 ) ) ;
#2401 = ORIENTED_EDGE ( 'NONE', *, *, #1849, .T. ) ;
#2402 = ORIENTED_EDGE ( 'NONE', *, *, #3098, .F. ) ;
#2403 = CARTESIAN_POINT ( 'NONE',  ( -18.40651900967567656, -0.3635584805869451208, 15.00000000000000000 ) ) ;
#2404 = FACE_OUTER_BOUND ( 'NONE', #3346, .T. ) ;
#2405 = LINE ( 'NONE', #1576, #1667 ) ;
#2406 = DIRECTION ( 'NONE',  ( 1.000000000000000000, 1.734723475976807094E-16, -0.000000000000000000 ) ) ;
#2407 = AXIS2_PLACEMENT_3D ( 'NONE', #509, #2749, #2704 ) ;
#2408 = VERTEX_POINT ( 'NONE', #63 ) ;
#2409 = CARTESIAN_POINT ( 'NONE',  ( -9.240292042941389283, -1.602935153177211898E-15, 0.000000000000000000 ) ) ;
#2410 = DIRECTION ( 'NONE',  ( -0.5000000000000039968, -0.8660254037844363761, -0.000000000000000000 ) ) ;
#2411 = VECTOR ( 'NONE', #720, 1000.000000000000000 ) ;
#2412 = CARTESIAN_POINT ( 'NONE',  ( 1.593480990324330770, -0.3652082848297941720, 15.00000000000000000 ) ) ;
#2413 = AXIS2_PLACEMENT_3D ( 'NONE', #2518, #584, #2276 ) ;
#2414 = CARTESIAN_POINT ( 'NONE',  ( -1.406519009675666787, -52.24088067398282220, 15.00000000000000000 ) ) ;
#2415 = ORIENTED_EDGE ( 'NONE', *, *, #2022, .T. ) ;
#2416 = LINE ( 'NONE', #1568, #2815 ) ;
#2417 = EDGE_CURVE ( 'NONE', #1943, #117, #2230, .T. ) ;
#2418 = AXIS2_PLACEMENT_3D ( 'NONE', #1098, #1616, #1637 ) ;
#2419 = ORIENTED_EDGE ( 'NONE', *, *, #1877, .F. ) ;
#2420 = EDGE_CURVE ( 'NONE', #284, #177, #365, .T. ) ;
#2421 = LINE ( 'NONE', #1858, #3005 ) ;
#2422 = VECTOR ( 'NONE', #1583, 1000.000000000000000 ) ;
#2423 = CARTESIAN_POINT ( 'NONE',  ( -14.40651900967566590, -48.85968282749981029, 7.499999999999982236 ) ) ;
#2424 = EDGE_LOOP ( 'NONE', ( #868, #715, #772, #3267 ) ) ;
#2425 = VECTOR ( 'NONE', #1432, 1000.000000000000000 ) ;
#2426 = LINE ( 'NONE', #2483, #290 ) ;
#2427 = LINE ( 'NONE', #3323, #2721 ) ;
#2428 = CARTESIAN_POINT ( 'NONE',  ( -11.87204939719900132, 11.40911930918789885, 20.00000000000000000 ) ) ;
#2429 = AXIS2_PLACEMENT_3D ( 'NONE', #3133, #96, #397 ) ;
#2430 = LINE ( 'NONE', #511, #845 ) ;
#2431 = EDGE_LOOP ( 'NONE', ( #2352, #69, #2091, #1873 ) ) ;
#2432 = CARTESIAN_POINT ( 'NONE',  ( 2.656402551853586758, 4.601024185165983660, 15.00000000000000000 ) ) ;
#2433 = ORIENTED_EDGE ( 'NONE', *, *, #1281, .F. ) ;
#2434 = EDGE_LOOP ( 'NONE', ( #1110, #2019, #9, #569 ) ) ;
#2435 = EDGE_LOOP ( 'NONE', ( #1068, #2993, #2370, #2176 ) ) ;
#2436 = ADVANCED_FACE ( 'NONE', ( #897 ), #619, .F. ) ;
#2437 = EDGE_CURVE ( 'NONE', #964, #1871, #3112, .T. ) ;
#2438 = LINE ( 'NONE', #1628, #3072 ) ;
#2439 = VERTEX_POINT ( 'NONE', #3396 ) ;
#2440 = DIRECTION ( 'NONE',  ( -0.8660254037844434816, -0.4999999999999916733, 0.000000000000000000 ) ) ;
#2441 = EDGE_LOOP ( 'NONE', ( #303, #3246, #594, #1777 ) ) ;
#2442 = DIRECTION ( 'NONE',  ( -0.5000000000000039968, -0.8660254037844363761, 0.000000000000000000 ) ) ;
#2443 = CARTESIAN_POINT ( 'NONE',  ( -58.40682345157674149, 22.72732844812621522, 11.50000000000000355 ) ) ;
#2444 = EDGE_CURVE ( 'NONE', #2408, #866, #1471, .T. ) ;
#2445 = DIRECTION ( 'NONE',  ( 0.8660254037989668641, -0.4999999999748364621, 0.000000000000000000 ) ) ;
#2446 = FACE_OUTER_BOUND ( 'NONE', #2809, .T. ) ;
#2447 = CARTESIAN_POINT ( 'NONE',  ( -52.40682345157676281, 23.88202898650545336, 3.500000000000023093 ) ) ;
#2448 = DIRECTION ( 'NONE',  ( -0.000000000000000000, 0.000000000000000000, 1.000000000000000000 ) ) ;
#2449 = EDGE_LOOP ( 'NONE', ( #339, #2510 ) ) ;
#2450 = ORIENTED_EDGE ( 'NONE', *, *, #51, .F. ) ;
#2451 = LINE ( 'NONE', #1083, #930 ) ;
#2452 = LINE ( 'NONE', #2180, #1109 ) ;
#2453 = ADVANCED_FACE ( 'NONE', ( #2837 ), #2559, .T. ) ;
#2454 = ORIENTED_EDGE ( 'NONE', *, *, #3386, .T. ) ;
#2455 = ORIENTED_EDGE ( 'NONE', *, *, #3324, .T. ) ;
#2456 = DIRECTION ( 'NONE',  ( -1.000000000000000000, -4.668289073721209109E-17, 2.755800409088531394E-17 ) ) ;
#2457 = ORIENTED_EDGE ( 'NONE', *, *, #2420, .F. ) ;
#2458 = EDGE_CURVE ( 'NONE', #1666, #3177, #2521, .T. ) ;
#2459 = LINE ( 'NONE', #1009, #138 ) ;
#2460 = CIRCLE ( 'NONE', #903, 1.000000000000001776 ) ;
#2461 = ORIENTED_EDGE ( 'NONE', *, *, #938, .T. ) ;
#2462 = APPROVAL ( #3130, 'UNSPECIFIED' ) ;
#2463 = CARTESIAN_POINT ( 'NONE',  ( 33.58949911506908848, 36.58620961504092861, 11.50000000000001243 ) ) ;
#2464 = AXIS2_PLACEMENT_3D ( 'NONE', #3567, #3490, #2164 ) ;
#2465 = DIRECTION ( 'NONE',  ( 0.000000000000000000, -0.4999999999999999445, -0.8660254037844387076 ) ) ;
#2466 = DIRECTION ( 'NONE',  ( 0.8660254037844433705, 0.4999999999999918954, 0.000000000000000000 ) ) ;
#2467 = DIRECTION ( 'NONE',  ( -0.4999999999999922284, 0.8660254037844431485, -0.000000000000000000 ) ) ;
#2468 = CARTESIAN_POINT ( 'NONE',  ( -57.43310289320550766, 41.79505977408240369, 15.00000000000000000 ) ) ;
#2469 =( NAMED_UNIT ( * ) PLANE_ANGLE_UNIT ( ) SI_UNIT ( $, .RADIAN. ) );
#2470 = ORIENTED_EDGE ( 'NONE', *, *, #315, .T. ) ;
#2471 = VERTEX_POINT ( 'NONE', #2280 ) ;
#2472 = CARTESIAN_POINT ( 'NONE',  ( -15.40651900967566590, -52.24088067398282220, 15.00000000000000000 ) ) ;
#2473 = DIRECTION ( 'NONE',  ( 1.000000000000000000, 0.000000000000000000, 0.000000000000000000 ) ) ;
#2474 = VECTOR ( 'NONE', #3235, 1000.000000000000000 ) ;
#2475 = ORIENTED_EDGE ( 'NONE', *, *, #704, .T. ) ;
#2476 = VERTEX_POINT ( 'NONE', #1458 ) ;
#2477 = ORIENTED_EDGE ( 'NONE', *, *, #403, .T. ) ;
#2478 = DIRECTION ( 'NONE',  ( 1.000000000000000000, 0.000000000000000000, -0.000000000000000000 ) ) ;
#2479 = AXIS2_PLACEMENT_3D ( 'NONE', #3569, #2149, #528 ) ;
#2480 = ORIENTED_EDGE ( 'NONE', *, *, #497, .T. ) ;
#2481 = FACE_OUTER_BOUND ( 'NONE', #1550, .T. ) ;
#2482 = CARTESIAN_POINT ( 'NONE',  ( 5.239516035220751711, 9.075107980074092140, 15.00000000000000000 ) ) ;
#2483 = CARTESIAN_POINT ( 'NONE',  ( -13.24029204294138928, -2.296824543567934736E-15, 0.000000000000000000 ) ) ;
#2484 = VECTOR ( 'NONE', #448, 1000.000000000000000 ) ;
#2485 = PLANE ( 'NONE',  #2418 ) ;
#2486 = EDGE_CURVE ( 'NONE', #556, #629, #600, .T. ) ;
#2487 = LINE ( 'NONE', #1020, #2057 ) ;
#2488 = CARTESIAN_POINT ( 'NONE',  ( 26.74784402146482165, 15.44287494603449673, 15.00000000000000000 ) ) ;
#2489 = ORIENTED_EDGE ( 'NONE', *, *, #1631, .F. ) ;
#2490 = VECTOR ( 'NONE', #1307, 1000.000000000000000 ) ;
#2491 = ORIENTED_EDGE ( 'NONE', *, *, #1663, .T. ) ;
#2492 = DIRECTION ( 'NONE',  ( -1.000000000000000000, 0.000000000000000000, 0.000000000000000000 ) ) ;
#2493 = AXIS2_PLACEMENT_3D ( 'NONE', #955, #3389, #2004 ) ;
#2494 = CARTESIAN_POINT ( 'NONE',  ( -52.40682345157678412, 23.88202898650546047, 11.50000000000000355 ) ) ;
#2495 = ORIENTED_EDGE ( 'NONE', *, *, #2994, .F. ) ;
#2496 = ORIENTED_EDGE ( 'NONE', *, *, #264, .T. ) ;
#2497 = DIRECTION ( 'NONE',  ( 1.000000000000000000, 6.270003582906079530E-17, -0.000000000000000000 ) ) ;
#2498 = ORIENTED_EDGE ( 'NONE', *, *, #662, .F. ) ;
#2499 = ORIENTED_EDGE ( 'NONE', *, *, #894, .F. ) ;
#2500 = ADVANCED_FACE ( 'NONE', ( #2011 ), #639, .F. ) ;
#2501 = CARTESIAN_POINT ( 'NONE',  ( -2.406519009675665899, -44.24088067398282220, 7.500000000000000000 ) ) ;
#2502 = DIRECTION ( 'NONE',  ( -0.4999999999999922284, 0.8660254037844431485, -0.000000000000000000 ) ) ;
#2503 = LINE ( 'NONE', #877, #1545 ) ;
#2504 = LINE ( 'NONE', #235, #865 ) ;
#2505 = ORIENTED_EDGE ( 'NONE', *, *, #3090, .F. ) ;
#2506 = CARTESIAN_POINT ( 'NONE',  ( -52.40682345157678412, 23.88202898650546047, 11.50000000000000355 ) ) ;
#2507 = ORIENTED_EDGE ( 'NONE', *, *, #2281, .F. ) ;
#2508 = CYLINDRICAL_SURFACE ( 'NONE', #2951, 3.000000000000000888 ) ;
#2509 = ORIENTED_EDGE ( 'NONE', *, *, #626, .T. ) ;
#2510 = ORIENTED_EDGE ( 'NONE', *, *, #2042, .T. ) ;
#2511 = LINE ( 'NONE', #2793, #2228 ) ;
#2512 = ORIENTED_EDGE ( 'NONE', *, *, #607, .F. ) ;
#2513 = VERTEX_POINT ( 'NONE', #841 ) ;
#2514 = DIRECTION ( 'NONE',  ( 0.8660254037844429265, 0.4999999999999924505, 0.000000000000000000 ) ) ;
#2515 = EDGE_CURVE ( 'NONE', #1102, #57, #1743, .T. ) ;
#2516 = FACE_OUTER_BOUND ( 'NONE', #1762, .T. ) ;
#2517 = DIRECTION ( 'NONE',  ( 0.4999999999999947820, 0.8660254037844417052, 0.000000000000000000 ) ) ;
#2518 = CARTESIAN_POINT ( 'NONE',  ( -44.40682345157666333, 42.35723760057344123, 7.500000000000000000 ) ) ;
#2519 = AXIS2_PLACEMENT_3D ( 'NONE', #1984, #3101, #2478 ) ;
#2520 = DIRECTION ( 'NONE',  ( -0.000000000000000000, -0.000000000000000000, -1.000000000000000000 ) ) ;
#2521 = LINE ( 'NONE', #350, #3002 ) ;
#2522 = CALENDAR_DATE ( 2025, 1, 5 ) ;
#2523 = ORIENTED_EDGE ( 'NONE', *, *, #670, .T. ) ;
#2524 = DIRECTION ( 'NONE',  ( 0.8660254037844431485, 0.4999999999999920064, 0.000000000000000000 ) ) ;
#2525 = EDGE_CURVE ( 'NONE', #1353, #1699, #586, .T. ) ;
#2526 = ORIENTED_EDGE ( 'NONE', *, *, #2643, .F. ) ;
#2527 = ORIENTED_EDGE ( 'NONE', *, *, #1144, .F. ) ;
#2528 = CARTESIAN_POINT ( 'NONE',  ( 37.58949911506889663, 20.42040207773132110, 11.50000000000000355 ) ) ;
#2529 = EDGE_LOOP ( 'NONE', ( #3333, #1885, #2887, #2475 ) ) ;
#2530 = EDGE_LOOP ( 'NONE', ( #1297, #1906, #1028, #1174 ) ) ;
#2531 = AXIS2_PLACEMENT_3D ( 'NONE', #685, #943, #94 ) ;
#2532 = CARTESIAN_POINT ( 'NONE',  ( 45.01770234534448889, 28.17317882746382551, 0.000000000000000000 ) ) ;
#2533 = VECTOR ( 'NONE', #208, 1000.000000000000000 ) ;
#2534 = FACE_BOUND ( 'NONE', #593, .T. ) ;
#2535 = EDGE_CURVE ( 'NONE', #2927, #2561, #1674, .T. ) ;
#2536 = EDGE_CURVE ( 'NONE', #2204, #1966, #1402, .T. ) ;
#2537 = VECTOR ( 'NONE', #2885, 1000.000000000000000 ) ;
#2538 = CARTESIAN_POINT ( 'NONE',  ( -15.40651900967564458, -55.24088067398282931, 15.00000000000000000 ) ) ;
#2539 = CYLINDRICAL_SURFACE ( 'NONE', #1210, 2.999999999999995559 ) ;
#2540 = DIRECTION ( 'NONE',  ( 2.006337338897160044E-16, -1.000000000000000000, 0.000000000000000000 ) ) ;
#2541 = APPROVAL_ROLE ( '' ) ;
#2542 = EDGE_LOOP ( 'NONE', ( #2839, #817, #1931, #3136, #2707, #1276 ) ) ;
#2543 = VECTOR ( 'NONE', #160, 1000.000000000000000 ) ;
#2544 = DIRECTION ( 'NONE',  ( 0.000000000000000000, -0.4999999999999996114, -0.8660254037844389297 ) ) ;
#2545 = VERTEX_POINT ( 'NONE', #3074 ) ;
#2546 = AXIS2_PLACEMENT_3D ( 'NONE', #667, #3128, #1214 ) ;
#2547 = ORIENTED_EDGE ( 'NONE', *, *, #3145, .T. ) ;
#2548 = CYLINDRICAL_SURFACE ( 'NONE', #2817, 3.000000000000002665 ) ;
#2549 = EDGE_CURVE ( 'NONE', #1172, #1272, #504, .T. ) ;
#2550 = ORIENTED_EDGE ( 'NONE', *, *, #1179, .T. ) ;
#2551 = ORIENTED_EDGE ( 'NONE', *, *, #2089, .F. ) ;
#2552 = EDGE_CURVE ( 'NONE', #2394, #1530, #311, .T. ) ;
#2553 = DIRECTION ( 'NONE',  ( -1.000000000000000000, -3.154042683594195614E-16, 0.000000000000000000 ) ) ;
#2554 = DIRECTION ( 'NONE',  ( 0.4999999999999921729, -0.8660254037844431485, 0.000000000000000000 ) ) ;
#2555 = DIRECTION ( 'NONE',  ( 0.4999999999999922839, -0.8660254037844431485, -0.000000000000000000 ) ) ;
#2556 = LINE ( 'NONE', #2341, #287 ) ;
#2557 = ADVANCED_FACE ( 'NONE', ( #2247, #3363 ), #879, .T. ) ;
#2558 = PLANE ( 'NONE',  #1394 ) ;
#2559 = PLANE ( 'NONE',  #962 ) ;
#2560 = SHAPE_DEFINITION_REPRESENTATION ( #526, #2179 ) ;
#2561 = VERTEX_POINT ( 'NONE', #703 ) ;
#2562 = CARTESIAN_POINT ( 'NONE',  ( -50.40682345157668465, 36.58373490867720790, 11.50000000000000355 ) ) ;
#2563 = EDGE_LOOP ( 'NONE', ( #1427, #239, #3444, #1420 ) ) ;
#2564 = ORIENTED_EDGE ( 'NONE', *, *, #292, .F. ) ;
#2565 = EDGE_CURVE ( 'NONE', #1293, #1286, #2058, .T. ) ;
#2566 = CARTESIAN_POINT ( 'NONE',  ( -14.40651900967566590, -46.55028175074130559, 11.49999999999998579 ) ) ;
#2567 = EDGE_LOOP ( 'NONE', ( #2035, #3385, #2966, #1683 ) ) ;
#2568 = ADVANCED_FACE ( 'NONE', ( #1785 ), #2894, .F. ) ;
#2569 = LINE ( 'NONE', #651, #3018 ) ;
#2570 = LINE ( 'NONE', #2312, #660 ) ;
#2571 = ADVANCED_FACE ( 'NONE', ( #3412 ), #1753, .F. ) ;
#2572 = EDGE_CURVE ( 'NONE', #2185, #843, #408, .T. ) ;
#2573 = PRODUCT_DEFINITION_FORMATION_WITH_SPECIFIED_SOURCE ( 'ANY', '', #1045, .NOT_KNOWN. ) ;
#2574 = FACE_OUTER_BOUND ( 'NONE', #1521, .T. ) ;
#2575 = CARTESIAN_POINT ( 'NONE',  ( 9.427335945775952908, 5.442874946034665484, 15.00000000000000000 ) ) ;
#2576 = DIRECTION ( 'NONE',  ( 0.4999999999999996114, 0.8660254037844388186, 0.000000000000000000 ) ) ;
#2577 = DATE_AND_TIME ( #3397, #2386 ) ;
#2578 = DIRECTION ( 'NONE',  ( -0.000000000000000000, -0.000000000000000000, -1.000000000000000000 ) ) ;
#2579 = AXIS2_PLACEMENT_3D ( 'NONE', #2098, #3211, #2899 ) ;
#2580 = ORIENTED_EDGE ( 'NONE', *, *, #264, .F. ) ;
#2581 = FACE_OUTER_BOUND ( 'NONE', #211, .T. ) ;
#2582 = ORIENTED_EDGE ( 'NONE', *, *, #2572, .F. ) ;
#2583 = CARTESIAN_POINT ( 'NONE',  ( 1.593480990324333657, -46.58887391494477725, 3.522530820517877803 ) ) ;
#2584 = DIRECTION ( 'NONE',  ( -0.8660254037844388186, 0.5000000000000001110, -0.000000000000000000 ) ) ;
#2585 = VECTOR ( 'NONE', #3178, 1000.000000000000000 ) ;
#2586 = DIRECTION ( 'NONE',  ( 1.000000000000000000, 0.000000000000000000, -4.878909776184769953E-15 ) ) ;
#2587 = VECTOR ( 'NONE', #1131, 1000.000000000000000 ) ;
#2588 = PLANE ( 'NONE',  #3470 ) ;
#2589 = CARTESIAN_POINT ( 'NONE',  ( 0.000000000000000000, -30.05356730124580977, 15.00000000000000000 ) ) ;
#2590 = EDGE_CURVE ( 'NONE', #733, #1370, #1500, .T. ) ;
#2591 = VECTOR ( 'NONE', #1648, 1000.000000000000000 ) ;
#2592 = FACE_BOUND ( 'NONE', #2844, .T. ) ;
#2593 = ADVANCED_FACE ( 'NONE', ( #2623, #2028 ), #2079, .T. ) ;
#2594 = CARTESIAN_POINT ( 'NONE',  ( -18.40651900967566945, -39.62207852046581280, 7.499999999999999112 ) ) ;
#2595 = CIRCLE ( 'NONE', #3522, 3.000000000000001776 ) ;
#2596 = ORIENTED_EDGE ( 'NONE', *, *, #3175, .T. ) ;
#2597 = DIRECTION ( 'NONE',  ( -0.000000000000000000, 0.000000000000000000, 1.000000000000000000 ) ) ;
#2598 = VECTOR ( 'NONE', #459, 1000.000000000000000 ) ;
#2599 = EDGE_LOOP ( 'NONE', ( #3447, #402, #2121, #2248, #3204, #3446 ) ) ;
#2600 = EDGE_CURVE ( 'NONE', #3177, #881, #956, .T. ) ;
#2601 = ORIENTED_EDGE ( 'NONE', *, *, #2486, .T. ) ;
#2602 = VECTOR ( 'NONE', #3322, 1000.000000000000000 ) ;
#2603 = ORIENTED_EDGE ( 'NONE', *, *, #3212, .T. ) ;
#2604 = VECTOR ( 'NONE', #201, 999.9999999999998863 ) ;
#2605 = CARTESIAN_POINT ( 'NONE',  ( 31.58949911506912045, 40.05031123017869987, 11.50000000000001243 ) ) ;
#2606 = FACE_OUTER_BOUND ( 'NONE', #116, .T. ) ;
#2607 = DIRECTION ( 'NONE',  ( -0.000000000000000000, -0.000000000000000000, -1.000000000000000000 ) ) ;
#2608 = CARTESIAN_POINT ( 'NONE',  ( -2.406519009675666787, -39.62229470130068165, 7.455312795153860250 ) ) ;
#2609 = EDGE_CURVE ( 'NONE', #2825, #3588, #427, .T. ) ;
#2610 = DIRECTION ( 'NONE',  ( -0.000000000000000000, 0.000000000000000000, 1.000000000000000000 ) ) ;
#2611 = DIRECTION ( 'NONE',  ( -1.000000000000000000, 0.000000000000000000, 0.000000000000000000 ) ) ;
#2612 = EDGE_CURVE ( 'NONE', #2151, #762, #103, .T. ) ;
#2613 = ORIENTED_EDGE ( 'NONE', *, *, #2565, .F. ) ;
#2614 = EDGE_CURVE ( 'NONE', #514, #1393, #137, .T. ) ;
#2615 = LINE ( 'NONE', #750, #383 ) ;
#2616 = EDGE_LOOP ( 'NONE', ( #2713, #1517, #301, #2105, #189, #298 ) ) ;
#2617 = ORIENTED_EDGE ( 'NONE', *, *, #2192, .F. ) ;
#2618 = FACE_OUTER_BOUND ( 'NONE', #3583, .T. ) ;
#2619 = EDGE_LOOP ( 'NONE', ( #3319, #1258, #2847, #2811 ) ) ;
#2620 = DIRECTION ( 'NONE',  ( -4.716279450311937977E-15, -2.722945210211041469E-15, -1.000000000000000000 ) ) ;
#2621 = ORIENTED_EDGE ( 'NONE', *, *, #403, .F. ) ;
#2622 = LINE ( 'NONE', #2931, #3407 ) ;
#2623 = FACE_BOUND ( 'NONE', #576, .T. ) ;
#2624 = CARTESIAN_POINT ( 'NONE',  ( 27.58949911506899966, 33.12210799990318577, 7.500000000000020428 ) ) ;
#2625 = VECTOR ( 'NONE', #969, 1000.000000000000000 ) ;
#2626 = CARTESIAN_POINT ( 'NONE',  ( 29.58949911506904940, 34.27680853828244523, 11.50000000000003730 ) ) ;
#2627 = CARTESIAN_POINT ( 'NONE',  ( -14.40651900967566590, -46.55028175074131980, 3.500000000000002665 ) ) ;
#2628 = ORIENTED_EDGE ( 'NONE', *, *, #916, .T. ) ;
#2629 = DIRECTION ( 'NONE',  ( -0.5000000000000041078, -0.8660254037844363761, 0.000000000000000000 ) ) ;
#2630 = LINE ( 'NONE', #183, #1621 ) ;
#2631 = EDGE_CURVE ( 'NONE', #1105, #296, #1533, .T. ) ;
#2632 = VECTOR ( 'NONE', #2289, 999.9999999999998863 ) ;
#2633 = EDGE_LOOP ( 'NONE', ( #2596, #2792, #2064, #902 ) ) ;
#2634 = EDGE_CURVE ( 'NONE', #3223, #2182, #3171, .T. ) ;
#2635 = CARTESIAN_POINT ( 'NONE',  ( -46.40682345157669175, 34.27433383191868899, 3.499999999999996003 ) ) ;
#2636 = ORIENTED_EDGE ( 'NONE', *, *, #803, .T. ) ;
#2637 = ORIENTED_EDGE ( 'NONE', *, *, #1389, .F. ) ;
#2638 = DIRECTION ( 'NONE',  ( -1.000000000000000000, 0.000000000000000000, 4.716279450311937977E-15 ) ) ;
#2639 = ORIENTED_EDGE ( 'NONE', *, *, #3159, .T. ) ;
#2640 = DIRECTION ( 'NONE',  ( 0.4999999999999996114, -0.8660254037844388186, 0.000000000000000000 ) ) ;
#2641 = VECTOR ( 'NONE', #2664, 1000.000000000000114 ) ;
#2642 = CARTESIAN_POINT ( 'NONE',  ( -6.007890314391050701, -2.605507092366959043E-16, 15.00000000000000000 ) ) ;
#2643 = EDGE_CURVE ( 'NONE', #3057, #866, #2867, .T. ) ;
#2644 = CIRCLE ( 'NONE', #735, 2.999999999999995559 ) ;
#2645 = LINE ( 'NONE', #178, #2641 ) ;
#2646 = DIRECTION ( 'NONE',  ( 0.8660254037844415942, -0.4999999999999948930, -0.000000000000000000 ) ) ;
#2647 = CARTESIAN_POINT ( 'NONE',  ( -56.40682345157673439, 26.19143006326396517, 11.50000000000000355 ) ) ;
#2648 = VECTOR ( 'NONE', #2007, 1000.000000000000000 ) ;
#2649 = ORIENTED_EDGE ( 'NONE', *, *, #995, .F. ) ;
#2650 = LINE ( 'NONE', #1850, #1092 ) ;
#2651 = PLANE ( 'NONE',  #2787 ) ;
#2652 = ORIENTED_EDGE ( 'NONE', *, *, #1274, .F. ) ;
#2653 = ORIENTED_EDGE ( 'NONE', *, *, #670, .F. ) ;
#2654 = AXIS2_PLACEMENT_3D ( 'NONE', #1978, #3092, #62 ) ;
#2655 = CARTESIAN_POINT ( 'NONE',  ( -22.99905593128940140, 11.06195187685987769, 15.00000000000000000 ) ) ;
#2656 = VERTEX_POINT ( 'NONE', #975 ) ;
#2657 = ADVANCED_FACE ( 'NONE', ( #378 ), #2933, .T. ) ;
#2658 = LINE ( 'NONE', #227, #157 ) ;
#2659 = AXIS2_PLACEMENT_3D ( 'NONE', #240, #2806, #2232 ) ;
#2660 = ORIENTED_EDGE ( 'NONE', *, *, #3013, .T. ) ;
#2661 = EDGE_CURVE ( 'NONE', #2102, #471, #3478, .T. ) ;
#2662 = PLANE ( 'NONE',  #1896 ) ;
#2663 = CARTESIAN_POINT ( 'NONE',  ( -13.60518748202599149, 8.407236089734945850, 17.56903954882624674 ) ) ;
#2664 = DIRECTION ( 'NONE',  ( -0.4999999999999921729, 0.8660254037844431485, 0.000000000000000000 ) ) ;
#2665 = EDGE_CURVE ( 'NONE', #3499, #3118, #1483, .T. ) ;
#2666 = DIRECTION ( 'NONE',  ( 1.000000000000000000, 2.312964634635746211E-15, 0.000000000000000000 ) ) ;
#2667 = DIRECTION ( 'NONE',  ( -0.5000000000000041078, -0.8660254037844363761, 0.000000000000000000 ) ) ;
#2668 = ORIENTED_EDGE ( 'NONE', *, *, #3190, .F. ) ;
#2669 = FACE_OUTER_BOUND ( 'NONE', #775, .T. ) ;
#2670 = PLANE ( 'NONE',  #3245 ) ;
#2671 = EDGE_LOOP ( 'NONE', ( #558, #1189, #1477, #2509 ) ) ;
#2672 = EDGE_LOOP ( 'NONE', ( #2812, #2903, #3491, #353 ) ) ;
#2673 = EDGE_CURVE ( 'NONE', #2108, #1699, #1215, .T. ) ;
#2674 = CARTESIAN_POINT ( 'NONE',  ( -8.407947782061121700, 16.95777449722326224, 0.000000000000000000 ) ) ;
#2675 = ORIENTED_EDGE ( 'NONE', *, *, #883, .T. ) ;
#2676 = CARTESIAN_POINT ( 'NONE',  ( 36.51770234534460968, 42.89561069179935515, 15.00000000000000000 ) ) ;
#2677 = ORIENTED_EDGE ( 'NONE', *, *, #1774, .F. ) ;
#2678 = EDGE_CURVE ( 'NONE', #2715, #2408, #482, .T. ) ;
#2679 = LINE ( 'NONE', #190, #2533 ) ;
#2680 = DIRECTION ( 'NONE',  ( -0.8660254037844428154, -0.4999999999999927836, 0.000000000000000000 ) ) ;
#2681 = VERTEX_POINT ( 'NONE', #2400 ) ;
#2682 = ORIENTED_EDGE ( 'NONE', *, *, #1904, .T. ) ;
#2683 = LINE ( 'NONE', #2135, #2350 ) ;
#2684 = CARTESIAN_POINT ( 'NONE',  ( -0.9597983124216160622, -1.662419442133087344, 0.000000000000000000 ) ) ;
#2685 = DIRECTION ( 'NONE',  ( -0.000000000000000000, -0.000000000000000000, -1.000000000000000000 ) ) ;
#2686 = EDGE_LOOP ( 'NONE', ( #1838, #2389, #16, #2360 ) ) ;
#2687 = VECTOR ( 'NONE', #854, 999.9999999999998863 ) ;
#2688 = CARTESIAN_POINT ( 'NONE',  ( -13.60518748202599149, 8.407236089734945850, 17.56903954882624674 ) ) ;
#2689 = CARTESIAN_POINT ( 'NONE',  ( -15.33615101233675837, 5.409119309187894409, 15.00000000000000000 ) ) ;
#2690 = ORIENTED_EDGE ( 'NONE', *, *, #415, .F. ) ;
#2691 = AXIS2_PLACEMENT_3D ( 'NONE', #3422, #3434, #940 ) ;
#2692 = ADVANCED_FACE ( 'NONE', ( #1033 ), #3571, .F. ) ;
#2693 = VECTOR ( 'NONE', #716, 1000.000000000000114 ) ;
#2694 = DIRECTION ( 'NONE',  ( 0.4999999999999999445, 0.8660254037844385966, 0.000000000000000000 ) ) ;
#2695 = ORIENTED_EDGE ( 'NONE', *, *, #2612, .T. ) ;
#2696 = CARTESIAN_POINT ( 'NONE',  ( -2.406519009675666787, -39.62229470130068165, 7.455312795153860250 ) ) ;
#2697 = ORIENTED_EDGE ( 'NONE', *, *, #894, .T. ) ;
#2698 = DIRECTION ( 'NONE',  ( 0.7500000000000065503, 0.4330127018922140802, 0.4999999999999948375 ) ) ;
#2699 = CARTESIAN_POINT ( 'NONE',  ( -56.40682345157674149, 26.19143006326396517, 3.500000000000023981 ) ) ;
#2700 = ORIENTED_EDGE ( 'NONE', *, *, #1389, .T. ) ;
#2701 = DIRECTION ( 'NONE',  ( -0.5000000000000041078, -0.8660254037844363761, 0.000000000000000000 ) ) ;
#2702 = DIRECTION ( 'NONE',  ( -0.000000000000000000, -0.000000000000000000, -1.000000000000000000 ) ) ;
#2703 = CIRCLE ( 'NONE', #2997, 1.000000000000001110 ) ;
#2704 = DIRECTION ( 'NONE',  ( 0.8660254037844365982, -0.5000000000000036637, 0.000000000000000000 ) ) ;
#2705 = ADVANCED_FACE ( 'NONE', ( #1317 ), #1358, .T. ) ;
#2706 =( NAMED_UNIT ( * ) SI_UNIT ( $, .STERADIAN. ) SOLID_ANGLE_UNIT ( ) );
#2707 = ORIENTED_EDGE ( 'NONE', *, *, #1923, .T. ) ;
#2708 = EDGE_CURVE ( 'NONE', #1338, #2258, #2644, .T. ) ;
#2709 = DESIGN_CONTEXT ( 'detailed design', #1054, 'design' ) ;
#2710 = CARTESIAN_POINT ( 'NONE',  ( -36.70336314270293343, 27.32539550415902241, 15.00000000000000000 ) ) ;
#2711 = CARTESIAN_POINT ( 'NONE',  ( 2.037447194460564209E-16, 0.6459795883734797961, 0.000000000000000000 ) ) ;
#2712 = VECTOR ( 'NONE', #2305, 1000.000000000000000 ) ;
#2713 = ORIENTED_EDGE ( 'NONE', *, *, #1144, .T. ) ;
#2714 = ORIENTED_EDGE ( 'NONE', *, *, #625, .F. ) ;
#2715 = VERTEX_POINT ( 'NONE', #233 ) ;
#2716 = VECTOR ( 'NONE', #18, 1000.000000000000227 ) ;
#2717 = EDGE_CURVE ( 'NONE', #1286, #3419, #3511, .T. ) ;
#2718 = CARTESIAN_POINT ( 'NONE',  ( 33.58949911506891794, 22.72980315448985777, 7.499999999999993783 ) ) ;
#2719 = ORIENTED_EDGE ( 'NONE', *, *, #3107, .T. ) ;
#2720 = CARTESIAN_POINT ( 'NONE',  ( -1.406519009675687881, -55.24088067398282931, 0.000000000000000000 ) ) ;
#2721 = VECTOR ( 'NONE', #1078, 1000.000000000000000 ) ;
#2722 = ORIENTED_EDGE ( 'NONE', *, *, #409, .F. ) ;
#2723 = LINE ( 'NONE', #2760, #1727 ) ;
#2724 = VECTOR ( 'NONE', #2740, 999.9999999999998863 ) ;
#2725 = LINE ( 'NONE', #1899, #2120 ) ;
#2726 = AXIS2_PLACEMENT_3D ( 'NONE', #654, #1482, #1225 ) ;
#2727 = PLANE ( 'NONE',  #965 ) ;
#2728 = CARTESIAN_POINT ( 'NONE',  ( -2.959798312421623834, -5.126521057270823079, 15.00000000000000000 ) ) ;
#2729 = EDGE_CURVE ( 'NONE', #2303, #917, #3248, .T. ) ;
#2730 = CARTESIAN_POINT ( 'NONE',  ( -2.007890314391051589, -10.05356730124580977, 15.00000000000000000 ) ) ;
#2731 = VECTOR ( 'NONE', #2269, 999.9999999999998863 ) ;
#2732 = DIRECTION ( 'NONE',  ( 0.000000000000000000, 0.000000000000000000, 1.000000000000000000 ) ) ;
#2733 = VERTEX_POINT ( 'NONE', #740 ) ;
#2734 = ORIENTED_EDGE ( 'NONE', *, *, #1958, .F. ) ;
#2735 = ADVANCED_FACE ( 'NONE', ( #1282 ), #210, .F. ) ;
#2736 = CARTESIAN_POINT ( 'NONE',  ( -7.644233046279094168, 13.24020002105268645, 15.00000000000000000 ) ) ;
#2737 = ORIENTED_EDGE ( 'NONE', *, *, #2946, .F. ) ;
#2738 = EDGE_CURVE ( 'NONE', #3060, #2960, #3304, .T. ) ;
#2739 = ORIENTED_EDGE ( 'NONE', *, *, #1003, .T. ) ;
#2740 = DIRECTION ( 'NONE',  ( 4.694733121053641694E-17, -0.9999531954763021258, 0.009675063655219471800 ) ) ;
#2741 = VERTEX_POINT ( 'NONE', #761 ) ;
#2742 = DIRECTION ( 'NONE',  ( -0.000000000000000000, -0.000000000000000000, -1.000000000000000000 ) ) ;
#2743 = VERTEX_POINT ( 'NONE', #3493 ) ;
#2744 = DIRECTION ( 'NONE',  ( 0.8660254037844365982, -0.5000000000000036637, -1.877893248421452733E-16 ) ) ;
#2745 = CARTESIAN_POINT ( 'NONE',  ( -63.33502668185224138, 25.57262790974698774, 15.00000000000000000 ) ) ;
#2746 = CARTESIAN_POINT ( 'NONE',  ( 25.58949911506903163, 36.58620961504095703, 7.500000000000020428 ) ) ;
#2747 = EDGE_CURVE ( 'NONE', #1105, #3261, #2725, .T. ) ;
#2748 = CARTESIAN_POINT ( 'NONE',  ( -58.40682345157675570, 22.72732844812622233, 3.500000000000023981 ) ) ;
#2749 = DIRECTION ( 'NONE',  ( -0.5000000000000036637, -0.8660254037844365982, 0.000000000000000000 ) ) ;
#2750 = EDGE_LOOP ( 'NONE', ( #1107, #3082, #3311, #3301 ) ) ;
#2751 = CARTESIAN_POINT ( 'NONE',  ( -14.10518748202598616, 7.541210685950502146, 17.56903954882624674 ) ) ;
#2752 = ORIENTED_EDGE ( 'NONE', *, *, #3166, .T. ) ;
#2753 = EDGE_CURVE ( 'NONE', #2910, #2338, #3550, .T. ) ;
#2754 = ORIENTED_EDGE ( 'NONE', *, *, #426, .T. ) ;
#2755 = VERTEX_POINT ( 'NONE', #2699 ) ;
#2756 = VECTOR ( 'NONE', #2053, 1000.000000000000000 ) ;
#2757 = ORIENTED_EDGE ( 'NONE', *, *, #1592, .F. ) ;
#2758 = CARTESIAN_POINT ( 'NONE',  ( -54.40682345157674149, 25.03672952488471282, 7.500000000000000000 ) ) ;
#2759 = ORIENTED_EDGE ( 'NONE', *, *, #859, .T. ) ;
#2760 = CARTESIAN_POINT ( 'NONE',  ( -44.40682345157667754, 37.73843544705643183, 3.499999999999996003 ) ) ;
#2761 = AXIS2_PLACEMENT_3D ( 'NONE', #3271, #2448, #237 ) ;
#2762 = CARTESIAN_POINT ( 'NONE',  ( -14.40651900967566590, -46.55028175074130559, 11.49999999999998579 ) ) ;
#2763 = DIRECTION ( 'NONE',  ( -0.4330127018922174109, -0.2499999999999943656, 0.8660254037844412611 ) ) ;
#2764 = FACE_OUTER_BOUND ( 'NONE', #3548, .T. ) ;
#2765 = DIRECTION ( 'NONE',  ( -0.000000000000000000, -0.000000000000000000, -1.000000000000000000 ) ) ;
#2766 = CARTESIAN_POINT ( 'NONE',  ( -14.40651900967566945, -41.93147959722431040, 11.49999999999998579 ) ) ;
#2767 = ORIENTED_EDGE ( 'NONE', *, *, #2111, .T. ) ;
#2768 = VERTEX_POINT ( 'NONE', #1613 ) ;
#2769 = DIRECTION ( 'NONE',  ( 0.8660254037844431485, 0.4999999999999921729, 0.000000000000000000 ) ) ;
#2770 = CARTESIAN_POINT ( 'NONE',  ( -8.407947782390987612, 1.635533989104478218E-10, 0.000000000000000000 ) ) ;
#2771 = VECTOR ( 'NONE', #688, 1000.000000000000000 ) ;
#2772 = EDGE_CURVE ( 'NONE', #314, #1941, #1572, .T. ) ;
#2773 = ORIENTED_EDGE ( 'NONE', *, *, #950, .F. ) ;
#2774 = VECTOR ( 'NONE', #2366, 1000.000000000000114 ) ;
#2775 = ORIENTED_EDGE ( 'NONE', *, *, #2848, .F. ) ;
#2776 = LINE ( 'NONE', #1716, #2984 ) ;
#2777 = VERTEX_POINT ( 'NONE', #2443 ) ;
#2778 = AXIS2_PLACEMENT_3D ( 'NONE', #2463, #2698, #3015 ) ;
#2779 = VERTEX_POINT ( 'NONE', #2745 ) ;
#2780 = CARTESIAN_POINT ( 'NONE',  ( 0.6564025518535658854, 1.136922570028228385, 15.00000000000000000 ) ) ;
#2781 = DIRECTION ( 'NONE',  ( -1.000000000000000000, 0.000000000000000000, 0.000000000000000000 ) ) ;
#2782 = CC_DESIGN_PERSON_AND_ORGANIZATION_ASSIGNMENT ( #898, #3113, ( #1711 ) ) ;
#2783 = LINE ( 'NONE', #2538, #3517 ) ;
#2784 = VECTOR ( 'NONE', #2948, 1000.000000000000227 ) ;
#2785 = FACE_BOUND ( 'NONE', #675, .T. ) ;
#2786 = CARTESIAN_POINT ( 'NONE',  ( -2.406519009675666787, -46.58887391494477725, 3.522530820517877803 ) ) ;
#2787 = AXIS2_PLACEMENT_3D ( 'NONE', #2432, #2962, #417 ) ;
#2788 = ORIENTED_EDGE ( 'NONE', *, *, #1273, .F. ) ;
#2789 = CARTESIAN_POINT ( 'NONE',  ( 27.58949911506899966, 33.12210799990318577, 7.500000000000020428 ) ) ;
#2790 = VERTEX_POINT ( 'NONE', #1057 ) ;
#2791 = ADVANCED_FACE ( 'NONE', ( #780 ), #1879, .F. ) ;
#2792 = ORIENTED_EDGE ( 'NONE', *, *, #3114, .F. ) ;
#2793 = CARTESIAN_POINT ( 'NONE',  ( -52.40682345157680544, 19.26322683298845462, 7.499999999999996447 ) ) ;
#2794 = ORIENTED_EDGE ( 'NONE', *, *, #1888, .T. ) ;
#2795 = ORIENTED_EDGE ( 'NONE', *, *, #3284, .F. ) ;
#2796 = DIRECTION ( 'NONE',  ( 1.000000000000000000, 0.000000000000000000, 0.000000000000000000 ) ) ;
#2797 = DIRECTION ( 'NONE',  ( -0.4999999999999921729, 0.8660254037844431485, 0.000000000000000000 ) ) ;
#2798 = FACE_BOUND ( 'NONE', #768, .T. ) ;
#2799 = LINE ( 'NONE', #892, #216 ) ;
#2800 = EDGE_CURVE ( 'NONE', #263, #1371, #250, .T. ) ;
#2801 = CARTESIAN_POINT ( 'NONE',  ( 33.58949911506912400, 41.20501176855792380, 7.499999999999976907 ) ) ;
#2802 = DIRECTION ( 'NONE',  ( -0.4999999999999998890, -0.8660254037844385966, -1.602468905319636514E-17 ) ) ;
#2803 = APPROVAL_DATE_TIME ( #1132, #1074 ) ;
#2804 = ORIENTED_EDGE ( 'NONE', *, *, #790, .F. ) ;
#2805 = ORIENTED_EDGE ( 'NONE', *, *, #910, .T. ) ;
#2806 = DIRECTION ( 'NONE',  ( 0.8660254037844387076, 0.4999999999999998335, 0.000000000000000000 ) ) ;
#2807 = ORIENTED_EDGE ( 'NONE', *, *, #2906, .F. ) ;
#2808 = ADVANCED_FACE ( 'NONE', ( #1554, #3226 ), #1841, .T. ) ;
#2809 = EDGE_LOOP ( 'NONE', ( #88, #2582, #3195, #2470 ) ) ;
#2810 = CARTESIAN_POINT ( 'NONE',  ( -61.17261892842623894, 35.31802800536164710, 0.000000000000000000 ) ) ;
#2811 = ORIENTED_EDGE ( 'NONE', *, *, #3552, .T. ) ;
#2812 = ORIENTED_EDGE ( 'NONE', *, *, #1067, .F. ) ;
#2813 = CARTESIAN_POINT ( 'NONE',  ( 41.58949911506891794, 22.72980315448978672, 3.499999999999988898 ) ) ;
#2814 = CARTESIAN_POINT ( 'NONE',  ( -4.284035059319323935, 3.025666229327791612, 17.56903954882624674 ) ) ;
#2815 = VECTOR ( 'NONE', #3244, 999.9999999999998863 ) ;
#2816 = PLANE ( 'NONE',  #2242 ) ;
#2817 = AXIS2_PLACEMENT_3D ( 'NONE', #1089, #2497, #2221 ) ;
#2818 = LINE ( 'NONE', #42, #813 ) ;
#2819 = DIRECTION ( 'NONE',  ( -0.8660254037844434816, -0.4999999999999916733, 0.000000000000000000 ) ) ;
#2820 = ORIENTED_EDGE ( 'NONE', *, *, #2335, .F. ) ;
#2821 = CARTESIAN_POINT ( 'NONE',  ( 0.000000000000000000, -30.05356730124580977, 15.00000000000000000 ) ) ;
#2822 = ADVANCED_FACE ( 'NONE', ( #1112, #1649 ), #2005, .F. ) ;
#2823 = EDGE_CURVE ( 'NONE', #2561, #2513, #596, .T. ) ;
#2824 = EDGE_CURVE ( 'NONE', #152, #3329, #1010, .T. ) ;
#2825 = VERTEX_POINT ( 'NONE', #2762 ) ;
#2826 = EDGE_LOOP ( 'NONE', ( #3521, #1913, #261, #1565 ) ) ;
#2827 = CARTESIAN_POINT ( 'NONE',  ( -18.40651900967566590, -52.24088067398280089, 15.00000000000000000 ) ) ;
#2828 = EDGE_LOOP ( 'NONE', ( #712, #946, #3001, #1746 ) ) ;
#2829 = VECTOR ( 'NONE', #175, 1000.000000000000114 ) ;
#2830 = ADVANCED_FACE ( 'NONE', ( #324, #1702, #1433, #2534, #2210, #2226, #2798, #270 ), #40, .F. ) ;
#2831 = DIRECTION ( 'NONE',  ( 1.000000000000000000, 6.270003582906079530E-17, -0.000000000000000000 ) ) ;
#2832 = AXIS2_PLACEMENT_3D ( 'NONE', #108, #2313, #3456 ) ;
#2833 = CARTESIAN_POINT ( 'NONE',  ( -44.40682345157669175, 33.11963329353943664, 7.499999999999994671 ) ) ;
#2834 = CARTESIAN_POINT ( 'NONE',  ( -2.406519009675666787, -41.89288743302087425, 11.47746917948213863 ) ) ;
#2835 = DIRECTION ( 'NONE',  ( -0.000000000000000000, -0.000000000000000000, -1.000000000000000000 ) ) ;
#2836 = LINE ( 'NONE', #1196, #2311 ) ;
#2837 = FACE_OUTER_BOUND ( 'NONE', #2435, .T. ) ;
#2838 = COORDINATED_UNIVERSAL_TIME_OFFSET ( 1, 0, .AHEAD. ) ;
#2839 = ORIENTED_EDGE ( 'NONE', *, *, #2972, .T. ) ;
#2840 = VECTOR ( 'NONE', #3193, 1000.000000000000000 ) ;
#2841 = EDGE_CURVE ( 'NONE', #17, #1318, #1143, .T. ) ;
#2842 = CARTESIAN_POINT ( 'NONE',  ( -52.40682345157676281, 23.88202898650545336, 3.500000000000023093 ) ) ;
#2843 = VECTOR ( 'NONE', #1024, 1000.000000000000000 ) ;
#2844 = EDGE_LOOP ( 'NONE', ( #986, #2805 ) ) ;
#2845 = ADVANCED_FACE ( 'NONE', ( #1166 ), #1378, .T. ) ;
#2846 = VECTOR ( 'NONE', #2831, 1000.000000000000000 ) ;
#2847 = ORIENTED_EDGE ( 'NONE', *, *, #2661, .F. ) ;
#2848 = EDGE_CURVE ( 'NONE', #424, #184, #1954, .T. ) ;
#2849 = LINE ( 'NONE', #2003, #3217 ) ;
#2850 = FACE_OUTER_BOUND ( 'NONE', #385, .T. ) ;
#2851 = DIRECTION ( 'NONE',  ( 0.8660254037844431485, 0.4999999999999921729, 0.000000000000000000 ) ) ;
#2852 = CARTESIAN_POINT ( 'NONE',  ( 29.58949911506899966, 34.27680853828241681, 3.499999999999986677 ) ) ;
#2853 = DIRECTION ( 'NONE',  ( -0.8660254037844360431, 0.5000000000000045519, 0.000000000000000000 ) ) ;
#2854 = CARTESIAN_POINT ( 'NONE',  ( 1.593480990324333213, -39.62229470130068165, 7.455312795153860250 ) ) ;
#2855 = DIRECTION ( 'NONE',  ( -0.4330127018922223514, -0.2499999999999961975, 0.8660254037844381525 ) ) ;
#2856 = EDGE_LOOP ( 'NONE', ( #904, #2505, #3083, #2613, #1059, #2073 ) ) ;
#2857 = LINE ( 'NONE', #48, #1334 ) ;
#2858 = ORIENTED_EDGE ( 'NONE', *, *, #790, .T. ) ;
#2859 = DIRECTION ( 'NONE',  ( -0.5000000000000039968, -0.8660254037844363761, -0.000000000000000000 ) ) ;
#2860 = ORIENTED_EDGE ( 'NONE', *, *, #1425, .F. ) ;
#2861 = ORIENTED_EDGE ( 'NONE', *, *, #2339, .T. ) ;
#2862 = FACE_OUTER_BOUND ( 'NONE', #2686, .T. ) ;
#2863 = PLANE ( 'NONE',  #256 ) ;
#2864 = EDGE_CURVE ( 'NONE', #230, #917, #3069, .T. ) ;
#2865 = CARTESIAN_POINT ( 'NONE',  ( -15.33615101233675837, 5.409119309187894409, 20.00000000000000000 ) ) ;
#2866 = CARTESIAN_POINT ( 'NONE',  ( -42.40682345157667754, 36.58373490867717948, 7.499999999999994671 ) ) ;
#2867 = LINE ( 'NONE', #1226, #1892 ) ;
#2868 = DIRECTION ( 'NONE',  ( 1.000000000000000000, 4.668289073721209109E-17, -2.755800409088531394E-17 ) ) ;
#2869 = DIRECTION ( 'NONE',  ( -0.000000000000000000, -0.000000000000000000, 1.000000000000000000 ) ) ;
#2870 = APPROVAL_PERSON_ORGANIZATION ( #2029, #1074, #2299 ) ;
#2871 = ORIENTED_EDGE ( 'NONE', *, *, #910, .F. ) ;
#2872 = DIRECTION ( 'NONE',  ( -0.4999999999999922284, 0.8660254037844432595, -0.000000000000000000 ) ) ;
#2873 = ORIENTED_EDGE ( 'NONE', *, *, #83, .F. ) ;
#2874 = EDGE_LOOP ( 'NONE', ( #922, #119, #1897, #2000 ) ) ;
#2875 = PLANE ( 'NONE',  #1812 ) ;
#2876 = VECTOR ( 'NONE', #1079, 1000.000000000000000 ) ;
#2877 = DIRECTION ( 'NONE',  ( 0.5000000000000038858, 0.8660254037844363761, -0.000000000000000000 ) ) ;
#2878 = FACE_OUTER_BOUND ( 'NONE', #882, .T. ) ;
#2879 = CARTESIAN_POINT ( 'NONE',  ( 9.427335945775952908, 5.442874946034665484, 0.000000000000000000 ) ) ;
#2880 = AXIS2_PLACEMENT_3D ( 'NONE', #1031, #3492, #1012 ) ;
#2881 = CARTESIAN_POINT ( 'NONE',  ( -4.943846166923495211, 11.40911930918789885, 20.00000000000000000 ) ) ;
#2882 = CARTESIAN_POINT ( 'NONE',  ( -41.80874724022334732, 40.85723760057342702, 7.500000000000000000 ) ) ;
#2883 = VECTOR ( 'NONE', #806, 1000.000000000000000 ) ;
#2884 = ORIENTED_EDGE ( 'NONE', *, *, #1423, .T. ) ;
#2885 = DIRECTION ( 'NONE',  ( -0.000000000000000000, -0.000000000000000000, -1.000000000000000000 ) ) ;
#2886 = VECTOR ( 'NONE', #3029, 1000.000000000000000 ) ;
#2887 = ORIENTED_EDGE ( 'NONE', *, *, #2609, .F. ) ;
#2888 = ORIENTED_EDGE ( 'NONE', *, *, #2972, .F. ) ;
#2889 = ORIENTED_EDGE ( 'NONE', *, *, #3423, .T. ) ;
#2890 = AXIS2_PLACEMENT_3D ( 'NONE', #2562, #1188, #1745 ) ;
#2891 = CARTESIAN_POINT ( 'NONE',  ( -22.03925761886778645, 12.72437131899296325, 0.000000000000000000 ) ) ;
#2892 = DIRECTION ( 'NONE',  ( 0.4999999999999920619, -0.8660254037844432595, 0.000000000000000000 ) ) ;
#2893 = PLANE ( 'NONE',  #2493 ) ;
#2894 = PLANE ( 'NONE',  #624 ) ;
#2895 = ADVANCED_FACE ( 'NONE', ( #3357 ), #307, .F. ) ;
#2896 = CARTESIAN_POINT ( 'NONE',  ( -15.40651900967564458, -55.24088067398282931, 0.000000000000000000 ) ) ;
#2897 = CARTESIAN_POINT ( 'NONE',  ( -1.479744551785738826, 5.409119309187896185, 20.00000000000000000 ) ) ;
#2898 = EDGE_CURVE ( 'NONE', #1353, #1464, #1414, .T. ) ;
#2899 = DIRECTION ( 'NONE',  ( 1.000000000000000000, -3.154042683594195614E-16, 0.000000000000000000 ) ) ;
#2900 = ORIENTED_EDGE ( 'NONE', *, *, #918, .T. ) ;
#2901 = CARTESIAN_POINT ( 'NONE',  ( -13.60518748202599149, 8.407236089734945850, 17.56903954882624674 ) ) ;
#2902 = CARTESIAN_POINT ( 'NONE',  ( 0.000000000000000000, -55.24088067398282931, 0.000000000000000000 ) ) ;
#2903 = ORIENTED_EDGE ( 'NONE', *, *, #2552, .T. ) ;
#2904 = ORIENTED_EDGE ( 'NONE', *, *, #1322, .T. ) ;
#2905 = ADVANCED_FACE ( 'NONE', ( #19 ), #1687, .F. ) ;
#2906 = EDGE_CURVE ( 'NONE', #1523, #711, #1359, .T. ) ;
#2907 = DIRECTION ( 'NONE',  ( 0.4999999999999996114, -0.8660254037844389297, 0.000000000000000000 ) ) ;
#2908 = ORIENTED_EDGE ( 'NONE', *, *, #607, .T. ) ;
#2909 = CARTESIAN_POINT ( 'NONE',  ( -14.40651900967566590, -48.85968282749981029, 7.499999999999982236 ) ) ;
#2910 = VERTEX_POINT ( 'NONE', #890 ) ;
#2911 = PLANE ( 'NONE',  #105 ) ;
#2912 = CARTESIAN_POINT ( 'NONE',  ( -2.406519009675666787, -46.58887391494477725, 3.522530820517877803 ) ) ;
#2913 = CARTESIAN_POINT ( 'NONE',  ( 0.000000000000000000, -10.05356730124580977, 15.00000000000000000 ) ) ;
#2914 = AXIS2_PLACEMENT_3D ( 'NONE', #1937, #59, #1181 ) ;
#2915 = DIRECTION ( 'NONE',  ( 1.000000000000000000, 0.000000000000000000, 0.000000000000000000 ) ) ;
#2916 = PLANE ( 'NONE',  #2579 ) ;
#2917 = VECTOR ( 'NONE', #2025, 1000.000000000000000 ) ;
#2918 = EDGE_LOOP ( 'NONE', ( #2084, #851, #2775, #990 ) ) ;
#2919 = EDGE_CURVE ( 'NONE', #329, #672, #1987, .T. ) ;
#2920 = DIRECTION ( 'NONE',  ( 0.8660254037844385966, -0.5000000000000001110, -0.000000000000000000 ) ) ;
#2921 = FACE_OUTER_BOUND ( 'NONE', #355, .T. ) ;
#2922 = AXIS2_PLACEMENT_3D ( 'NONE', #724, #1823, #1191 ) ;
#2923 = VERTEX_POINT ( 'NONE', #2833 ) ;
#2924 = CC_DESIGN_DATE_AND_TIME_ASSIGNMENT ( #95, #1198, ( #1935 ) ) ;
#2925 = ORIENTED_EDGE ( 'NONE', *, *, #3543, .T. ) ;
#2926 = DIRECTION ( 'NONE',  ( -0.000000000000000000, 0.000000000000000000, 1.000000000000000000 ) ) ;
#2927 = VERTEX_POINT ( 'NONE', #2274 ) ;
#2928 = PLANE ( 'NONE',  #2464 ) ;
#2929 = EDGE_CURVE ( 'NONE', #2923, #2342, #3390, .T. ) ;
#2930 = ORIENTED_EDGE ( 'NONE', *, *, #426, .F. ) ;
#2931 = CARTESIAN_POINT ( 'NONE',  ( -13.90794778206124604, 5.409119309187896185, 20.00000000000000000 ) ) ;
#2932 = VECTOR ( 'NONE', #977, 999.9999999999998863 ) ;
#2933 = PLANE ( 'NONE',  #333 ) ;
#2934 = VECTOR ( 'NONE', #3381, 1000.000000000000000 ) ;
#2935 = FACE_OUTER_BOUND ( 'NONE', #71, .T. ) ;
#2936 = DIRECTION ( 'NONE',  ( 0.4999999999999946709, 0.8660254037844418162, 0.000000000000000000 ) ) ;
#2937 = CARTESIAN_POINT ( 'NONE',  ( -22.03925761886778645, 12.72437131899296325, 15.00000000000000000 ) ) ;
#2938 = VECTOR ( 'NONE', #2763, 999.9999999999998863 ) ;
#2939 = ADVANCED_FACE ( 'NONE', ( #2074 ), #2875, .F. ) ;
#2940 = ORIENTED_EDGE ( 'NONE', *, *, #901, .T. ) ;
#2941 = EDGE_CURVE ( 'NONE', #1008, #2159, #2162, .T. ) ;
#2942 = DIRECTION ( 'NONE',  ( 0.000000000000000000, 0.5000000000000003331, -0.8660254037844383745 ) ) ;
#2943 = FACE_OUTER_BOUND ( 'NONE', #535, .T. ) ;
#2944 = ORIENTED_EDGE ( 'NONE', *, *, #1279, .T. ) ;
#2945 = ORIENTED_EDGE ( 'NONE', *, *, #1348, .F. ) ;
#2946 = EDGE_CURVE ( 'NONE', #3584, #1353, #991, .T. ) ;
#2947 = EDGE_CURVE ( 'NONE', #3237, #627, #3185, .T. ) ;
#2948 = DIRECTION ( 'NONE',  ( 0.000000000000000000, 0.5000000000000003331, -0.8660254037844383745 ) ) ;
#2949 = ORIENTED_EDGE ( 'NONE', *, *, #1050, .F. ) ;
#2950 = CARTESIAN_POINT ( 'NONE',  ( 37.58949911506889663, 20.42040207773132110, 11.50000000000000355 ) ) ;
#2951 = AXIS2_PLACEMENT_3D ( 'NONE', #2472, #1134, #553 ) ;
#2952 = ORIENTED_EDGE ( 'NONE', *, *, #2614, .F. ) ;
#2953 = LINE ( 'NONE', #1316, #3233 ) ;
#2954 = CARTESIAN_POINT ( 'NONE',  ( -7.444918698636783461, 12.89497744425871950, 6.659482952248555076E-15 ) ) ;
#2955 = ORIENTED_EDGE ( 'NONE', *, *, #2259, .T. ) ;
#2956 = DIRECTION ( 'NONE',  ( 0.000000000000000000, 1.000000000000000000, 0.000000000000000000 ) ) ;
#2957 = FACE_OUTER_BOUND ( 'NONE', #612, .T. ) ;
#2958 = DIRECTION ( 'NONE',  ( 0.000000000000000000, 1.000000000000000000, 0.000000000000000000 ) ) ;
#2959 = LINE ( 'NONE', #1465, #2632 ) ;
#2960 = VERTEX_POINT ( 'NONE', #3165 ) ;
#2961 = DIRECTION ( 'NONE',  ( -5.399396894985378466E-17, 0.8611473380502943087, -0.5083554486468028211 ) ) ;
#2962 = DIRECTION ( 'NONE',  ( -0.5000000000000038858, -0.8660254037844364872, 0.000000000000000000 ) ) ;
#2963 = ORIENTED_EDGE ( 'NONE', *, *, #3239, .F. ) ;
#2964 = ORIENTED_EDGE ( 'NONE', *, *, #1709, .F. ) ;
#2965 = LINE ( 'NONE', #1814, #752 ) ;
#2966 = ORIENTED_EDGE ( 'NONE', *, *, #2167, .F. ) ;
#2967 = LINE ( 'NONE', #1355, #1192 ) ;
#2968 = ORIENTED_EDGE ( 'NONE', *, *, #2747, .T. ) ;
#2969 = FACE_OUTER_BOUND ( 'NONE', #512, .T. ) ;
#2970 = ADVANCED_FACE ( 'NONE', ( #2343 ), #2863, .F. ) ;
#2971 = DIRECTION ( 'NONE',  ( 0.8660254037844424824, 0.4999999999999932832, -5.633679745264318609E-15 ) ) ;
#2972 = EDGE_CURVE ( 'NONE', #246, #2923, #3451, .T. ) ;
#2973 = ORIENTED_EDGE ( 'NONE', *, *, #3, .F. ) ;
#2974 = PLANE ( 'NONE',  #3524 ) ;
#2975 = CARTESIAN_POINT ( 'NONE',  ( -2.406519009675666787, -39.62229470130068165, 7.455312795153860250 ) ) ;
#2976 = CARTESIAN_POINT ( 'NONE',  ( -14.40651900967566590, -48.85968282749981029, 7.499999999999982236 ) ) ;
#2977 = VERTEX_POINT ( 'NONE', #90 ) ;
#2978 = EDGE_CURVE ( 'NONE', #2977, #1464, #1780, .T. ) ;
#2979 = VECTOR ( 'NONE', #546, 1000.000000000000000 ) ;
#2980 = DIRECTION ( 'NONE',  ( -0.000000000000000000, -0.000000000000000000, -1.000000000000000000 ) ) ;
#2981 = CARTESIAN_POINT ( 'NONE',  ( -2.007890314391051589, -10.05356730124580977, 15.00000000000000000 ) ) ;
#2982 = VERTEX_POINT ( 'NONE', #1799 ) ;
#2983 = VECTOR ( 'NONE', #375, 1000.000000000000114 ) ;
#2984 = VECTOR ( 'NONE', #3331, 1000.000000000000114 ) ;
#2985 = LINE ( 'NONE', #522, #2724 ) ;
#2986 = ORIENTED_EDGE ( 'NONE', *, *, #970, .F. ) ;
#2987 = LINE ( 'NONE', #1895, #2046 ) ;
#2988 = EDGE_LOOP ( 'NONE', ( #555, #1657, #3431, #565 ) ) ;
#2989 = EDGE_CURVE ( 'NONE', #2318, #2825, #2291, .T. ) ;
#2990 = MANIFOLD_SOLID_BREP ( 'Enlèv. mat.-Extru.13', #641 ) ;
#2991 = LINE ( 'NONE', #2399, #2591 ) ;
#2992 = DIRECTION ( 'NONE',  ( 1.000000000000000000, 1.084202172485504557E-16, -0.000000000000000000 ) ) ;
#2993 = ORIENTED_EDGE ( 'NONE', *, *, #3214, .F. ) ;
#2994 = EDGE_CURVE ( 'NONE', #3584, #2108, #1527, .T. ) ;
#2995 = DIRECTION ( 'NONE',  ( -0.7499999999999982236, 0.4330127018922228510, -0.4999999999999995559 ) ) ;
#2996 = DIRECTION ( 'NONE',  ( -0.8660254037844364872, 0.5000000000000036637, 0.000000000000000000 ) ) ;
#2997 = AXIS2_PLACEMENT_3D ( 'NONE', #2100, #1793, #961 ) ;
#2998 = CC_DESIGN_PERSON_AND_ORGANIZATION_ASSIGNMENT ( #1996, #1171, ( #1935 ) ) ;
#2999 = LINE ( 'NONE', #3288, #3347 ) ;
#3000 = CARTESIAN_POINT ( 'NONE',  ( 0.000000000000000000, 0.000000000000000000, 0.000000000000000000 ) ) ;
#3001 = ORIENTED_EDGE ( 'NONE', *, *, #626, .F. ) ;
#3002 = VECTOR ( 'NONE', #2214, 1000.000000000000000 ) ;
#3003 = EDGE_LOOP ( 'NONE', ( #2601, #340, #2222, #1960 ) ) ;
#3004 = DIRECTION ( 'NONE',  ( 0.8660254037844431485, 0.4999999999999921729, 0.000000000000000000 ) ) ;
#3005 = VECTOR ( 'NONE', #3549, 1000.000000000000114 ) ;
#3006 = CARTESIAN_POINT ( 'NONE',  ( 0.000000000000000000, -30.05356730124580977, 15.00000000000000000 ) ) ;
#3007 = EDGE_LOOP ( 'NONE', ( #3469, #2461, #3010, #2489 ) ) ;
#3008 = VECTOR ( 'NONE', #1775, 1000.000000000000000 ) ;
#3009 = DIRECTION ( 'NONE',  ( -0.000000000000000000, -0.000000000000000000, -1.000000000000000000 ) ) ;
#3010 = ORIENTED_EDGE ( 'NONE', *, *, #2634, .F. ) ;
#3011 = LINE ( 'NONE', #1029, #486 ) ;
#3012 = CIRCLE ( 'NONE', #450, 1.000000000000001110 ) ;
#3013 = EDGE_CURVE ( 'NONE', #1250, #3057, #633, .T. ) ;
#3014 = ORIENTED_EDGE ( 'NONE', *, *, #3589, .T. ) ;
#3015 = DIRECTION ( 'NONE',  ( 0.5547001962252218199, 0.000000000000000000, -0.8320502943378486060 ) ) ;
#3016 = VECTOR ( 'NONE', #220, 1000.000000000000000 ) ;
#3017 = DIRECTION ( 'NONE',  ( -1.084202172485504557E-16, 1.000000000000000000, 0.000000000000000000 ) ) ;
#3018 = VECTOR ( 'NONE', #2273, 1000.000000000000114 ) ;
#3019 = CARTESIAN_POINT ( 'NONE',  ( -14.40651900967566945, -44.24088067398282220, 7.500000000000000000 ) ) ;
#3020 = EDGE_CURVE ( 'NONE', #284, #320, #360, .T. ) ;
#3021 = LINE ( 'NONE', #2229, #2249 ) ;
#3022 = FACE_OUTER_BOUND ( 'NONE', #2828, .T. ) ;
#3023 = CARTESIAN_POINT ( 'NONE',  ( -19.38285506701420502, 17.32539550415894425, 15.00000000000000000 ) ) ;
#3024 = EDGE_LOOP ( 'NONE', ( #3293, #3135, #1525, #2682 ) ) ;
#3025 = CARTESIAN_POINT ( 'NONE',  ( -4.028032182003985717, 6.976756393753575480, 0.000000000000000000 ) ) ;
#3026 = LINE ( 'NONE', #2143, #1049 ) ;
#3027 = ORIENTED_EDGE ( 'NONE', *, *, #3, .T. ) ;
#3028 = ORIENTED_EDGE ( 'NONE', *, *, #295, .F. ) ;
#3029 = DIRECTION ( 'NONE',  ( -0.000000000000000000, -0.000000000000000000, -1.000000000000000000 ) ) ;
#3030 = ORIENTED_EDGE ( 'NONE', *, *, #1573, .F. ) ;
#3031 = CARTESIAN_POINT ( 'NONE',  ( -13.24029204294138395, -30.05356730124580977, 15.00000000000000000 ) ) ;
#3032 = EDGE_LOOP ( 'NONE', ( #2047, #1175, #888, #2148 ) ) ;
#3033 = EDGE_CURVE ( 'NONE', #711, #1523, #2460, .T. ) ;
#3034 = DIRECTION ( 'NONE',  ( -0.8660254037844424824, -0.4999999999999932832, 0.000000000000000000 ) ) ;
#3035 = CARTESIAN_POINT ( 'NONE',  ( 5.239516035220751711, 9.075107980074092140, 0.000000000000000000 ) ) ;
#3036 = DIRECTION ( 'NONE',  ( 1.000000000000000000, -0.000000000000000000, 0.000000000000000000 ) ) ;
#3037 = DIRECTION ( 'NONE',  ( 0.5000000000000039968, 0.8660254037844363761, 6.089381840214615547E-16 ) ) ;
#3038 = DIRECTION ( 'NONE',  ( -1.000000000000000000, 1.945223770929958834E-11, 0.000000000000000000 ) ) ;
#3039 = DIRECTION ( 'NONE',  ( -0.000000000000000000, -0.000000000000000000, -1.000000000000000000 ) ) ;
#3040 = ORIENTED_EDGE ( 'NONE', *, *, #2600, .F. ) ;
#3041 = CARTESIAN_POINT ( 'NONE',  ( 3.783102899496824101, 15.21897335194958067, 15.00000000000000000 ) ) ;
#3042 = DIRECTION ( 'NONE',  ( -0.000000000000000000, -0.000000000000000000, -1.000000000000000000 ) ) ;
#3043 = LOCAL_TIME ( 14, 41, 26.00000000000000000, #3364 ) ;
#3044 = ORIENTED_EDGE ( 'NONE', *, *, #2864, .T. ) ;
#3045 = ORIENTED_EDGE ( 'NONE', *, *, #859, .F. ) ;
#3046 = CARTESIAN_POINT ( 'NONE',  ( -12.03403505931934880, 8.654831353926592641, 17.56903954882624674 ) ) ;
#3047 = ORIENTED_EDGE ( 'NONE', *, *, #2634, .T. ) ;
#3048 = VECTOR ( 'NONE', #1639, 1000.000000000000000 ) ;
#3049 = CARTESIAN_POINT ( 'NONE',  ( -11.87204939719900132, 11.40911930918789885, 20.00000000000000000 ) ) ;
#3050 = VECTOR ( 'NONE', #534, 999.9999999999997726 ) ;
#3051 = DIRECTION ( 'NONE',  ( 0.8660254037844364872, -0.5000000000000038858, 0.000000000000000000 ) ) ;
#3052 = EDGE_CURVE ( 'NONE', #471, #2220, #2570, .T. ) ;
#3053 = FACE_OUTER_BOUND ( 'NONE', #3184, .T. ) ;
#3054 = CARTESIAN_POINT ( 'NONE',  ( -9.444918698636751486, 16.35907905939652096, 0.000000000000000000 ) ) ;
#3055 = DIRECTION ( 'NONE',  ( 1.000000000000000000, 0.000000000000000000, -0.000000000000000000 ) ) ;
#3056 = EDGE_CURVE ( 'NONE', #320, #1073, #106, .T. ) ;
#3057 = VERTEX_POINT ( 'NONE', #1511 ) ;
#3058 = FACE_OUTER_BOUND ( 'NONE', #29, .T. ) ;
#3059 = AXIS2_PLACEMENT_3D ( 'NONE', #139, #2868, #2330 ) ;
#3060 = VERTEX_POINT ( 'NONE', #680 ) ;
#3061 = VECTOR ( 'NONE', #1940, 1000.000000000000000 ) ;
#3062 = EDGE_LOOP ( 'NONE', ( #1251, #321, #1367, #1629 ) ) ;
#3063 = CARTESIAN_POINT ( 'NONE',  ( 0.000000000000000000, -10.05356730124580977, 0.000000000000000000 ) ) ;
#3064 = ORIENTED_EDGE ( 'NONE', *, *, #1441, .F. ) ;
#3065 = AXIS2_PLACEMENT_3D ( 'NONE', #3436, #3187, #1532 ) ;
#3066 = ORIENTED_EDGE ( 'NONE', *, *, #3308, .F. ) ;
#3067 = DIRECTION ( 'NONE',  ( -0.8660254037844363761, 0.5000000000000039968, 0.000000000000000000 ) ) ;
#3068 = CARTESIAN_POINT ( 'NONE',  ( 39.58949911506894637, 26.19390476962756154, 3.499999999999988898 ) ) ;
#3069 = LINE ( 'NONE', #875, #193 ) ;
#3070 = VECTOR ( 'NONE', #884, 1000.000000000000000 ) ;
#3071 = PLANE ( 'NONE',  #1205 ) ;
#3072 = VECTOR ( 'NONE', #245, 999.9999999999998863 ) ;
#3073 = LINE ( 'NONE', #1595, #3300 ) ;
#3074 = CARTESIAN_POINT ( 'NONE',  ( 1.593480990324333435, -41.89288743302087425, 11.47746917948213685 ) ) ;
#3075 = VERTEX_POINT ( 'NONE', #3141 ) ;
#3076 = VECTOR ( 'NONE', #194, 1000.000000000000114 ) ;
#3077 = ORIENTED_EDGE ( 'NONE', *, *, #515, .T. ) ;
#3078 = UNCERTAINTY_MEASURE_WITH_UNIT (LENGTH_MEASURE( 1.000000000000000082E-05 ), #787, 'distance_accuracy_value', 'NONE');
#3079 = ADVANCED_FACE ( 'NONE', ( #1209 ), #652, .F. ) ;
#3080 = LINE ( 'NONE', #1422, #1 ) ;
#3081 = VECTOR ( 'NONE', #38, 1000.000000000000000 ) ;
#3082 = ORIENTED_EDGE ( 'NONE', *, *, #2259, .F. ) ;
#3083 = ORIENTED_EDGE ( 'NONE', *, *, #2717, .F. ) ;
#3084 = LINE ( 'NONE', #54, #953 ) ;
#3085 = ORIENTED_EDGE ( 'NONE', *, *, #204, .F. ) ;
#3086 = ORIENTED_EDGE ( 'NONE', *, *, #2919, .F. ) ;
#3087 = CARTESIAN_POINT ( 'NONE',  ( 35.58949911506908848, 37.74091015342015254, 7.499999999999976907 ) ) ;
#3088 = CARTESIAN_POINT ( 'NONE',  ( -8.407947782061187425, 16.95447488873757891, 0.000000000000000000 ) ) ;
#3089 = CARTESIAN_POINT ( 'NONE',  ( -46.40682345157669175, 34.27433383191868899, 11.50000000000000355 ) ) ;
#3090 = EDGE_CURVE ( 'NONE', #3419, #3243, #3151, .T. ) ;
#3091 = CARTESIAN_POINT ( 'NONE',  ( -9.444918698636751486, 16.35907905939652096, 15.00000000000000000 ) ) ;
#3092 = DIRECTION ( 'NONE',  ( 0.000000000000000000, -0.000000000000000000, -1.000000000000000000 ) ) ;
#3093 = EDGE_CURVE ( 'NONE', #2123, #1666, #1763, .T. ) ;
#3094 = DIRECTION ( 'NONE',  ( -0.4999999999999917843, 0.8660254037844434816, 0.000000000000000000 ) ) ;
#3095 = DATE_AND_TIME ( #1418, #3494 ) ;
#3096 = VERTEX_POINT ( 'NONE', #2325 ) ;
#3097 = CARTESIAN_POINT ( 'NONE',  ( -2.406519009675666787, -41.97028794226262960, 3.477843615671734501 ) ) ;
#3098 = EDGE_CURVE ( 'NONE', #2982, #1371, #2987, .T. ) ;
#3099 = EDGE_LOOP ( 'NONE', ( #3540, #300, #1304, #2675 ) ) ;
#3100 = ORIENTED_EDGE ( 'NONE', *, *, #702, .F. ) ;
#3101 = DIRECTION ( 'NONE',  ( 0.000000000000000000, 0.000000000000000000, 1.000000000000000000 ) ) ;
#3102 = VERTEX_POINT ( 'NONE', #461 ) ;
#3103 = EDGE_LOOP ( 'NONE', ( #3014, #3455, #1373, #2377 ) ) ;
#3104 = AXIS2_PLACEMENT_3D ( 'NONE', #3089, #2243, #1975 ) ;
#3105 = DIRECTION ( 'NONE',  ( -0.8660254037844432595, -0.4999999999999920619, 0.000000000000000000 ) ) ;
#3106 = DIRECTION ( 'NONE',  ( -0.8660254037844431485, -0.4999999999999921729, 0.000000000000000000 ) ) ;
#3107 = EDGE_CURVE ( 'NONE', #2163, #3499, #3011, .T. ) ;
#3108 = DIRECTION ( 'NONE',  ( -0.4330127018922216853, -0.2499999999999958089, -0.8660254037844385966 ) ) ;
#3109 = VECTOR ( 'NONE', #2174, 999.9999999999998863 ) ;
#3110 = CARTESIAN_POINT ( 'NONE',  ( 41.58949911506896058, 27.34860530800679967, 7.500000000000001776 ) ) ;
#3111 = LINE ( 'NONE', #3380, #65 ) ;
#3112 = LINE ( 'NONE', #3129, #1094 ) ;
#3113 = PERSON_AND_ORGANIZATION_ROLE ( 'creator' ) ;
#3114 = EDGE_CURVE ( 'NONE', #514, #771, #441, .T. ) ;
#3115 = ORIENTED_EDGE ( 'NONE', *, *, #1756, .T. ) ;
#3116 = CC_DESIGN_PERSON_AND_ORGANIZATION_ASSIGNMENT ( #3382, #312, ( #1045 ) ) ;
#3117 = CARTESIAN_POINT ( 'NONE',  ( -5.644233046279127919, 9.776098405914920519, 15.00000000000000000 ) ) ;
#3118 = VERTEX_POINT ( 'NONE', #2147 ) ;
#3119 = AXIS2_PLACEMENT_3D ( 'NONE', #2316, #3442, #410 ) ;
#3120 = ORIENTED_EDGE ( 'NONE', *, *, #335, .F. ) ;
#3121 = PLANE ( 'NONE',  #2922 ) ;
#3122 = VECTOR ( 'NONE', #2041, 1000.000000000000000 ) ;
#3123 = LINE ( 'NONE', #2583, #1266 ) ;
#3124 = VECTOR ( 'NONE', #136, 999.9999999999998863 ) ;
#3125 = CARTESIAN_POINT ( 'NONE',  ( -19.38285506701420502, 17.32539550415894425, 15.00000000000000000 ) ) ;
#3126 = LINE ( 'NONE', #20, #571 ) ;
#3127 = LINE ( 'NONE', #2635, #162 ) ;
#3128 = DIRECTION ( 'NONE',  ( -0.8660254037844387076, -0.5000000000000001110, 0.000000000000000000 ) ) ;
#3129 = CARTESIAN_POINT ( 'NONE',  ( 26.74784402146482165, 15.44287494603449673, 15.00000000000000000 ) ) ;
#3130 = APPROVAL_STATUS ( 'not_yet_approved' ) ;
#3131 = ORIENTED_EDGE ( 'NONE', *, *, #891, .F. ) ;
#3132 = VECTOR ( 'NONE', #2467, 1000.000000000000000 ) ;
#3133 = CARTESIAN_POINT ( 'NONE',  ( -46.40682345157669175, 34.27433383191868899, 3.499999999999996003 ) ) ;
#3134 = VECTOR ( 'NONE', #2524, 1000.000000000000114 ) ;
#3135 = ORIENTED_EDGE ( 'NONE', *, *, #1302, .F. ) ;
#3136 = ORIENTED_EDGE ( 'NONE', *, *, #702, .T. ) ;
#3137 = ADVANCED_FACE ( 'NONE', ( #1856 ), #1551, .T. ) ;
#3138 = CARTESIAN_POINT ( 'NONE',  ( 40.61577855669793991, 41.79753448044598940, 15.00000000000000000 ) ) ;
#3139 = EDGE_LOOP ( 'NONE', ( #1676, #650, #3545, #1233 ) ) ;
#3140 = CARTESIAN_POINT ( 'NONE',  ( -61.17261892842623894, 35.31802800536164710, 15.00000000000000000 ) ) ;
#3141 = CARTESIAN_POINT ( 'NONE',  ( 46.51770234534444626, 25.57510261611048819, 15.00000000000000000 ) ) ;
#3142 = CARTESIAN_POINT ( 'NONE',  ( 1.593480990324334101, -52.24088067398280089, 15.00000000000000000 ) ) ;
#3143 = CARTESIAN_POINT ( 'NONE',  ( -2.406519009675666343, -48.85946664666496275, 7.544687204846144191 ) ) ;
#3144 = CARTESIAN_POINT ( 'NONE',  ( -14.40651900967566590, -46.55028175074130559, 11.49999999999998579 ) ) ;
#3145 = EDGE_CURVE ( 'NONE', #296, #387, #2416, .T. ) ;
#3146 = DIRECTION ( 'NONE',  ( 0.5000000000000000000, 0.8660254037844385966, 0.000000000000000000 ) ) ;
#3147 = ORIENTED_EDGE ( 'NONE', *, *, #1362, .T. ) ;
#3148 = LINE ( 'NONE', #2225, #3169 ) ;
#3149 = VERTEX_POINT ( 'NONE', #2720 ) ;
#3150 = ORIENTED_EDGE ( 'NONE', *, *, #1796, .F. ) ;
#3151 = LINE ( 'NONE', #2605, #3153 ) ;
#3152 = DIRECTION ( 'NONE',  ( 0.8660254037844362651, -0.5000000000000038858, 0.000000000000000000 ) ) ;
#3153 = VECTOR ( 'NONE', #663, 1000.000000000000114 ) ;
#3154 = FACE_OUTER_BOUND ( 'NONE', #1137, .T. ) ;
#3155 = DIRECTION ( 'NONE',  ( 0.000000000000000000, -0.000000000000000000, -1.000000000000000000 ) ) ;
#3156 = VECTOR ( 'NONE', #758, 1000.000000000000000 ) ;
#3157 = DIRECTION ( 'NONE',  ( 0.4999999999999995559, -0.8660254037844388186, 0.000000000000000000 ) ) ;
#3158 = CARTESIAN_POINT ( 'NONE',  ( -54.40682345157679833, 20.41792737136771763, 11.50000000000000355 ) ) ;
#3159 = EDGE_CURVE ( 'NONE', #3383, #2476, #2658, .T. ) ;
#3160 = EDGE_LOOP ( 'NONE', ( #2188, #274, #1916, #437, #1611, #2739 ) ) ;
#3161 = CARTESIAN_POINT ( 'NONE',  ( 45.01770234534448889, 28.17317882746382551, 15.00000000000000000 ) ) ;
#3162 = VERTEX_POINT ( 'NONE', #524 ) ;
#3163 = CIRCLE ( 'NONE', #2293, 3.000000000000002665 ) ;
#3164 = ORIENTED_EDGE ( 'NONE', *, *, #452, .T. ) ;
#3165 = CARTESIAN_POINT ( 'NONE',  ( -18.40651900967566590, -46.55028175074130559, 11.49999999999998579 ) ) ;
#3166 = EDGE_CURVE ( 'NONE', #1034, #759, #734, .T. ) ;
#3167 = AXIS2_PLACEMENT_3D ( 'NONE', #2663, #1590, #1095 ) ;
#3168 = CARTESIAN_POINT ( 'NONE',  ( -46.40682345157669175, 34.27433383191868899, 3.499999999999996003 ) ) ;
#3169 = VECTOR ( 'NONE', #3067, 999.9999999999998863 ) ;
#3170 = CARTESIAN_POINT ( 'NONE',  ( 1.593480990324333657, -46.58887391494477725, 3.522530820517877803 ) ) ;
#3171 = LINE ( 'NONE', #123, #674 ) ;
#3172 = AXIS2_PLACEMENT_3D ( 'NONE', #2209, #2872, #115 ) ;
#3173 = LINE ( 'NONE', #1821, #2771 ) ;
#3174 = DIRECTION ( 'NONE',  ( -0.8660254037844432595, -0.4999999999999918399, 0.000000000000000000 ) ) ;
#3175 = EDGE_CURVE ( 'NONE', #1073, #771, #205, .T. ) ;
#3176 = CIRCLE ( 'NONE', #3358, 3.000000000000000888 ) ;
#3177 = VERTEX_POINT ( 'NONE', #247 ) ;
#3178 = DIRECTION ( 'NONE',  ( -1.000000000000000000, -2.006337338897160044E-16, -0.000000000000000000 ) ) ;
#3179 = CARTESIAN_POINT ( 'NONE',  ( 31.58949911506903874, 35.43150907666166205, 7.500000000000001776 ) ) ;
#3180 = VECTOR ( 'NONE', #2769, 1000.000000000000114 ) ;
#3181 = EDGE_LOOP ( 'NONE', ( #317, #3115, #1581, #1313 ) ) ;
#3182 = VECTOR ( 'NONE', #1386, 1000.000000000000114 ) ;
#3183 = CARTESIAN_POINT ( 'NONE',  ( -2.406519009675665899, -47.24088067398282931, 7.500000000000000000 ) ) ;
#3184 = EDGE_LOOP ( 'NONE', ( #1406, #1206, #1918, #2547 ) ) ;
#3185 = LINE ( 'NONE', #1256, #484 ) ;
#3186 = VERTEX_POINT ( 'NONE', #2676 ) ;
#3187 = DIRECTION ( 'NONE',  ( -0.000000000000000000, 0.000000000000000000, 1.000000000000000000 ) ) ;
#3188 = DIRECTION ( 'NONE',  ( 0.000000000000000000, 0.9999531954763021258, -0.009675063655219832623 ) ) ;
#3189 = EDGE_CURVE ( 'NONE', #246, #73, #1053, .T. ) ;
#3190 = EDGE_CURVE ( 'NONE', #3227, #155, #1837, .T. ) ;
#3191 = LINE ( 'NONE', #1283, #1537 ) ;
#3192 = EDGE_CURVE ( 'NONE', #3310, #3162, #3393, .T. ) ;
#3193 = DIRECTION ( 'NONE',  ( -0.4999999999999922284, 0.8660254037844431485, -0.000000000000000000 ) ) ;
#3194 = CARTESIAN_POINT ( 'NONE',  ( 22.71981183946083505, 22.41963133978808997, 0.000000000000000000 ) ) ;
#3195 = ORIENTED_EDGE ( 'NONE', *, *, #1200, .F. ) ;
#3196 = DIRECTION ( 'NONE',  ( 1.734723475976807094E-16, -1.000000000000000000, 0.000000000000000000 ) ) ;
#3197 = CARTESIAN_POINT ( 'NONE',  ( 1.593480990324333435, -41.97028794226262960, 3.477843615671734501 ) ) ;
#3198 = ORIENTED_EDGE ( 'NONE', *, *, #2089, .T. ) ;
#3199 = ADVANCED_FACE ( 'NONE', ( #1337, #3263 ), #776, .F. ) ;
#3200 = ORIENTED_EDGE ( 'NONE', *, *, #97, .F. ) ;
#3201 = LINE ( 'NONE', #170, #2886 ) ;
#3202 = ORIENTED_EDGE ( 'NONE', *, *, #1478, .F. ) ;
#3203 = CARTESIAN_POINT ( 'NONE',  ( -36.40651900967567656, -41.24088067398282220, 7.500000000000000000 ) ) ;
#3204 = ORIENTED_EDGE ( 'NONE', *, *, #3020, .T. ) ;
#3205 = CARTESIAN_POINT ( 'NONE',  ( -4.760483964779333554, -8.245400095614648706, 15.00000000000000000 ) ) ;
#3206 = DIRECTION ( 'NONE',  ( 1.000000000000000000, -8.095376221225111344E-15, 0.000000000000000000 ) ) ;
#3207 = ADVANCED_FACE ( 'NONE', ( #2396 ), #2928, .F. ) ;
#3208 = DIRECTION ( 'NONE',  ( 1.000000000000000000, 0.000000000000000000, 0.000000000000000000 ) ) ;
#3209 = DIRECTION ( 'NONE',  ( -1.734723475976807094E-16, 1.000000000000000000, 0.000000000000000000 ) ) ;
#3210 = EDGE_CURVE ( 'NONE', #700, #2790, #2459, .T. ) ;
#3211 = DIRECTION ( 'NONE',  ( -3.154042683594195614E-16, -1.000000000000000000, 0.000000000000000000 ) ) ;
#3212 = EDGE_CURVE ( 'NONE', #1815, #2982, #3507, .T. ) ;
#3213 = EDGE_LOOP ( 'NONE', ( #657, #3330, #2888, #277 ) ) ;
#3214 = EDGE_CURVE ( 'NONE', #1679, #1025, #2967, .T. ) ;
#3215 = DIRECTION ( 'NONE',  ( 0.8660254037844363761, -0.5000000000000041078, 0.000000000000000000 ) ) ;
#3216 = DIRECTION ( 'NONE',  ( -0.8660254037844389297, 0.4999999999999995559, 0.000000000000000000 ) ) ;
#3217 = VECTOR ( 'NONE', #3404, 1000.000000000000227 ) ;
#3218 = VERTEX_POINT ( 'NONE', #1586 ) ;
#3219 = ORIENTED_EDGE ( 'NONE', *, *, #1990, .T. ) ;
#3220 = DIRECTION ( 'NONE',  ( 0.8660254037844431485, 0.4999999999999921729, 0.000000000000000000 ) ) ;
#3221 = VERTEX_POINT ( 'NONE', #2092 ) ;
#3222 = DIRECTION ( 'NONE',  ( 1.000000000000000000, 6.270003582906079530E-17, -0.000000000000000000 ) ) ;
#3223 = VERTEX_POINT ( 'NONE', #2106 ) ;
#3224 = CARTESIAN_POINT ( 'NONE',  ( 28.99142290371570851, 33.93150907666168337, 7.500000000000001776 ) ) ;
#3225 = VECTOR ( 'NONE', #1230, 999.9999999999998863 ) ;
#3226 = FACE_BOUND ( 'NONE', #3238, .T. ) ;
#3227 = VERTEX_POINT ( 'NONE', #2528 ) ;
#3228 = VECTOR ( 'NONE', #2855, 1000.000000000000227 ) ;
#3229 = PLANE ( 'NONE',  #46 ) ;
#3230 = LINE ( 'NONE', #1228, #683 ) ;
#3231 = LINE ( 'NONE', #1099, #3345 ) ;
#3232 = FACE_OUTER_BOUND ( 'NONE', #2529, .T. ) ;
#3233 = VECTOR ( 'NONE', #1876, 1000.000000000000000 ) ;
#3234 = ORIENTED_EDGE ( 'NONE', *, *, #869, .F. ) ;
#3235 = DIRECTION ( 'NONE',  ( 0.8660254037844432595, 0.4999999999999920064, 0.000000000000000000 ) ) ;
#3236 = DIRECTION ( 'NONE',  ( 0.4330127018922174109, 0.2499999999999928668, -0.8660254037844415942 ) ) ;
#3237 = VERTEX_POINT ( 'NONE', #1108 ) ;
#3238 = EDGE_LOOP ( 'NONE', ( #2001, #3473 ) ) ;
#3239 = EDGE_CURVE ( 'NONE', #899, #1254, #490, .T. ) ;
#3240 = AXIS2_PLACEMENT_3D ( 'NONE', #1342, #2196, #3306 ) ;
#3241 = EDGE_CURVE ( 'NONE', #2733, #3102, #1409, .T. ) ;
#3242 = DIRECTION ( 'NONE',  ( 0.4330127018922221294, 0.2499999999999961142, -0.8660254037844383745 ) ) ;
#3243 = VERTEX_POINT ( 'NONE', #575 ) ;
#3244 = DIRECTION ( 'NONE',  ( 0.4999999999999922839, -0.8660254037844431485, -0.000000000000000000 ) ) ;
#3245 = AXIS2_PLACEMENT_3D ( 'NONE', #710, #145, #200 ) ;
#3246 = ORIENTED_EDGE ( 'NONE', *, *, #2177, .F. ) ;
#3247 = FACE_OUTER_BOUND ( 'NONE', #31, .T. ) ;
#3248 = LINE ( 'NONE', #2191, #3405 ) ;
#3249 = ORIENTED_EDGE ( 'NONE', *, *, #1408, .T. ) ;
#3250 = CARTESIAN_POINT ( 'NONE',  ( 33.58949911506891794, 22.72980315448985777, 7.499999999999993783 ) ) ;
#3251 = CARTESIAN_POINT ( 'NONE',  ( -4.943846166923495211, 11.40911930918789885, 15.00000000000000000 ) ) ;
#3252 = LINE ( 'NONE', #2197, #100 ) ;
#3253 = PLANE ( 'NONE',  #1013 ) ;
#3254 = ORIENTED_EDGE ( 'NONE', *, *, #891, .T. ) ;
#3255 = PLANE ( 'NONE',  #3287 ) ;
#3256 = LINE ( 'NONE', #1794, #2134 ) ;
#3257 = DIRECTION ( 'NONE',  ( -0.4999999999999998335, 0.8660254037844387076, -0.000000000000000000 ) ) ;
#3258 = EDGE_CURVE ( 'NONE', #3075, #3272, #592, .T. ) ;
#3259 = ORIENTED_EDGE ( 'NONE', *, *, #1104, .T. ) ;
#3260 = CARTESIAN_POINT ( 'NONE',  ( -11.15794778206124782, 10.17225903000230502, 0.000000000000000000 ) ) ;
#3261 = VERTEX_POINT ( 'NONE', #818 ) ;
#3262 = EDGE_CURVE ( 'NONE', #3280, #1008, #1698, .T. ) ;
#3263 = FACE_OUTER_BOUND ( 'NONE', #3420, .T. ) ;
#3264 = ORIENTED_EDGE ( 'NONE', *, *, #1774, .T. ) ;
#3265 = CARTESIAN_POINT ( 'NONE',  ( -8.407947782390987612, 1.635533989104478218E-10, 15.00000000000000000 ) ) ;
#3266 = DIRECTION ( 'NONE',  ( 0.000000000000000000, -0.000000000000000000, -1.000000000000000000 ) ) ;
#3267 = ORIENTED_EDGE ( 'NONE', *, *, #2444, .T. ) ;
#3268 = FACE_OUTER_BOUND ( 'NONE', #730, .T. ) ;
#3269 = CARTESIAN_POINT ( 'NONE',  ( 22.71981183946083505, 22.41963133978808997, 15.00000000000000000 ) ) ;
#3270 = CARTESIAN_POINT ( 'NONE',  ( 33.58949911506904584, 36.58620961504090019, 3.499999999999961364 ) ) ;
#3271 = CARTESIAN_POINT ( 'NONE',  ( -54.83502668185217743, 40.29505977408241080, 0.000000000000000000 ) ) ;
#3272 = VERTEX_POINT ( 'NONE', #1428 ) ;
#3273 = DIRECTION ( 'NONE',  ( -1.737539104046210064E-16, 0.8660254037844389297, -0.4999999999999995559 ) ) ;
#3274 = ORIENTED_EDGE ( 'NONE', *, *, #2631, .F. ) ;
#3275 = EDGE_LOOP ( 'NONE', ( #442, #1086, #2952, #782 ) ) ;
#3276 = VECTOR ( 'NONE', #1791, 1000.000000000000114 ) ;
#3277 = LINE ( 'NONE', #714, #976 ) ;
#3278 = ORIENTED_EDGE ( 'NONE', *, *, #686, .F. ) ;
#3279 = CARTESIAN_POINT ( 'NONE',  ( 5.239516035220751711, 9.075107980074092140, 15.00000000000000000 ) ) ;
#3280 = VERTEX_POINT ( 'NONE', #2827 ) ;
#3281 = CARTESIAN_POINT ( 'NONE',  ( -8.407947782061187425, 16.95447488873757891, 15.00000000000000000 ) ) ;
#3282 = EDGE_CURVE ( 'NONE', #3329, #152, #2337, .T. ) ;
#3283 = DIRECTION ( 'NONE',  ( 1.737539104046209324E-16, -0.8660254037844387076, 0.4999999999999999445 ) ) ;
#3284 = EDGE_CURVE ( 'NONE', #843, #370, #2511, .T. ) ;
#3285 = LINE ( 'NONE', #3534, #1497 ) ;
#3286 = CARTESIAN_POINT ( 'NONE',  ( -6.007890314391048925, -30.05356730124580977, 15.00000000000000000 ) ) ;
#3287 = AXIS2_PLACEMENT_3D ( 'NONE', #3501, #1519, #2372 ) ;
#3288 = CARTESIAN_POINT ( 'NONE',  ( -11.87204939719900132, -0.5908806908121062573, 20.00000000000000000 ) ) ;
#3289 = VECTOR ( 'NONE', #655, 1000.000000000000114 ) ;
#3290 = ORIENTED_EDGE ( 'NONE', *, *, #2525, .T. ) ;
#3291 = DIRECTION ( 'NONE',  ( 0.5000000000000001110, -0.8660254037844385966, 0.000000000000000000 ) ) ;
#3292 = AXIS2_PLACEMENT_3D ( 'NONE', #3019, #3036, #530 ) ;
#3293 = ORIENTED_EDGE ( 'NONE', *, *, #1242, .F. ) ;
#3294 = EDGE_CURVE ( 'NONE', #2681, #3504, #3318, .T. ) ;
#3295 = EDGE_CURVE ( 'NONE', #75, #1880, #2186, .T. ) ;
#3296 = ORIENTED_EDGE ( 'NONE', *, *, #1423, .F. ) ;
#3297 = CARTESIAN_POINT ( 'NONE',  ( -4.943846166923492547, -0.5908806908121070345, 15.00000000000000000 ) ) ;
#3298 = ORIENTED_EDGE ( 'NONE', *, *, #3354, .T. ) ;
#3299 = DIRECTION ( 'NONE',  ( -0.5000000000000038858, -0.8660254037844364872, 0.000000000000000000 ) ) ;
#3300 = VECTOR ( 'NONE', #2702, 1000.000000000000000 ) ;
#3301 = ORIENTED_EDGE ( 'NONE', *, *, #2177, .T. ) ;
#3302 = LINE ( 'NONE', #760, #1491 ) ;
#3303 = VECTOR ( 'NONE', #1636, 1000.000000000000000 ) ;
#3304 = LINE ( 'NONE', #802, #2296 ) ;
#3305 = PLANE ( 'NONE',  #3416 ) ;
#3306 = DIRECTION ( 'NONE',  ( -0.5547001962252291474, 0.000000000000000000, -0.8320502943378436100 ) ) ;
#3307 = PLANE ( 'NONE',  #207 ) ;
#3308 = EDGE_CURVE ( 'NONE', #963, #1008, #1968, .T. ) ;
#3309 = LINE ( 'NONE', #2488, #3109 ) ;
#3310 = VERTEX_POINT ( 'NONE', #3046 ) ;
#3311 = ORIENTED_EDGE ( 'NONE', *, *, #1332, .T. ) ;
#3312 = EDGE_CURVE ( 'NONE', #2108, #1947, #1138, .T. ) ;
#3313 = LINE ( 'NONE', #2178, #3303 ) ;
#3314 = DIRECTION ( 'NONE',  ( 0.5000000000000041078, 0.8660254037844363761, 0.000000000000000000 ) ) ;
#3315 = ORIENTED_EDGE ( 'NONE', *, *, #1786, .T. ) ;
#3316 = EDGE_CURVE ( 'NONE', #964, #457, #3084, .T. ) ;
#3317 = ORIENTED_EDGE ( 'NONE', *, *, #2071, .F. ) ;
#3318 = LINE ( 'NONE', #2255, #1424 ) ;
#3319 = ORIENTED_EDGE ( 'NONE', *, *, #3362, .T. ) ;
#3320 = CARTESIAN_POINT ( 'NONE',  ( -44.40682345157667754, 37.73843544705643183, 3.499999999999996003 ) ) ;
#3321 = CARTESIAN_POINT ( 'NONE',  ( -22.03925761886779355, 12.72437131899295260, 0.000000000000000000 ) ) ;
#3322 = DIRECTION ( 'NONE',  ( -0.8660254037844363761, 0.5000000000000041078, 0.000000000000000000 ) ) ;
#3323 = CARTESIAN_POINT ( 'NONE',  ( -50.40682345157668465, 36.58373490867720790, 11.50000000000000355 ) ) ;
#3324 = EDGE_CURVE ( 'NONE', #1718, #2258, #1123, .T. ) ;
#3325 = DIRECTION ( 'NONE',  ( -0.4999999999999998890, -0.8660254037844387076, 0.000000000000000000 ) ) ;
#3326 = ORIENTED_EDGE ( 'NONE', *, *, #2919, .T. ) ;
#3327 = EDGE_CURVE ( 'NONE', #1696, #3237, #850, .T. ) ;
#3328 = FACE_OUTER_BOUND ( 'NONE', #861, .T. ) ;
#3329 = VERTEX_POINT ( 'NONE', #3372 ) ;
#3330 = ORIENTED_EDGE ( 'NONE', *, *, #935, .F. ) ;
#3331 = DIRECTION ( 'NONE',  ( -0.4999999999999920064, 0.8660254037844431485, 0.000000000000000000 ) ) ;
#3332 = ORIENTED_EDGE ( 'NONE', *, *, #1849, .F. ) ;
#3333 = ORIENTED_EDGE ( 'NONE', *, *, #1529, .T. ) ;
#3334 = ORGANIZATION ( 'UNSPECIFIED', 'UNSPECIFIED', '' ) ;
#3335 = CARTESIAN_POINT ( 'NONE',  ( -36.40651900967567656, -44.24088067398282220, 7.500000000000000000 ) ) ;
#3336 = CARTESIAN_POINT ( 'NONE',  ( -52.40682345157678412, 23.88202898650546047, 11.50000000000000355 ) ) ;
#3337 = PLANE ( 'NONE',  #1032 ) ;
#3338 = CARTESIAN_POINT ( 'NONE',  ( -4.943846166923495211, 11.40911930918789885, 15.00000000000000000 ) ) ;
#3339 = DIRECTION ( 'NONE',  ( 0.4999999999999916178, -0.8660254037844433705, 0.000000000000000000 ) ) ;
#3340 = CALENDAR_DATE ( 2025, 1, 5 ) ;
#3341 = ORIENTED_EDGE ( 'NONE', *, *, #539, .F. ) ;
#3342 = ORIENTED_EDGE ( 'NONE', *, *, #2358, .T. ) ;
#3343 = VECTOR ( 'NONE', #2765, 1000.000000000000000 ) ;
#3344 = CARTESIAN_POINT ( 'NONE',  ( 38.01770234534460258, 40.29753448044602493, 15.00000000000000000 ) ) ;
#3345 = VECTOR ( 'NONE', #215, 1000.000000000000000 ) ;
#3346 = EDGE_LOOP ( 'NONE', ( #2925, #248, #496, #2213 ) ) ;
#3347 = VECTOR ( 'NONE', #1617, 1000.000000000000000 ) ;
#3348 = EDGE_LOOP ( 'NONE', ( #82, #1178, #171, #3044 ) ) ;
#3349 = DIRECTION ( 'NONE',  ( -0.000000000000000000, -0.000000000000000000, -1.000000000000000000 ) ) ;
#3350 = ADVANCED_FACE ( 'NONE', ( #1372 ), #887, .F. ) ;
#3351 = ORIENTED_EDGE ( 'NONE', *, *, #143, .F. ) ;
#3352 = VECTOR ( 'NONE', #2877, 999.9999999999998863 ) ;
#3353 = ORIENTED_EDGE ( 'NONE', *, *, #2941, .T. ) ;
#3354 = EDGE_CURVE ( 'NONE', #1728, #192, #2776, .T. ) ;
#3355 = DIRECTION ( 'NONE',  ( 0.000000000000000000, 1.000000000000000000, 0.000000000000000000 ) ) ;
#3356 = CARTESIAN_POINT ( 'NONE',  ( -46.40682345157669175, 34.27433383191868899, 11.50000000000000355 ) ) ;
#3357 = FACE_OUTER_BOUND ( 'NONE', #3213, .T. ) ;
#3358 = AXIS2_PLACEMENT_3D ( 'NONE', #3472, #1234, #362 ) ;
#3359 = CARTESIAN_POINT ( 'NONE',  ( -4.943846166923495211, 11.40911930918789885, 20.00000000000000000 ) ) ;
#3360 = VECTOR ( 'NONE', #3505, 1000.000000000000114 ) ;
#3361 = CARTESIAN_POINT ( 'NONE',  ( -11.15794778206124960, 0.6459795883734832378, 0.000000000000000000 ) ) ;
#3362 = EDGE_CURVE ( 'NONE', #989, #329, #285, .T. ) ;
#3363 = FACE_OUTER_BOUND ( 'NONE', #255, .T. ) ;
#3364 = COORDINATED_UNIVERSAL_TIME_OFFSET ( 1, 0, .AHEAD. ) ;
#3365 = AXIS2_PLACEMENT_3D ( 'NONE', #323, #1986, #3105 ) ;
#3366 = ORIENTED_EDGE ( 'NONE', *, *, #515, .F. ) ;
#3367 = CARTESIAN_POINT ( 'NONE',  ( -9.240292042941389283, -1.602935153177211898E-15, 15.00000000000000000 ) ) ;
#3368 = AXIS2_PLACEMENT_3D ( 'NONE', #3415, #1981, #1755 ) ;
#3369 = ORIENTED_EDGE ( 'NONE', *, *, #765, .F. ) ;
#3370 = VERTEX_POINT ( 'NONE', #1392 ) ;
#3371 = ADVANCED_FACE ( 'NONE', ( #1449 ), #2548, .F. ) ;
#3372 = CARTESIAN_POINT ( 'NONE',  ( -2.712882636612695020, 3.273261493519448173, 17.56903954882624674 ) ) ;
#3373 = ORIENTED_EDGE ( 'NONE', *, *, #2864, .F. ) ;
#3374 = ADVANCED_FACE ( 'NONE', ( #2083 ), #690, .F. ) ;
#3375 = CARTESIAN_POINT ( 'NONE',  ( 48.56069725533470205, 28.03653163240282353, 0.000000000000000000 ) ) ;
#3376 = DIRECTION ( 'NONE',  ( 0.5000000000000000000, 0.8660254037844387076, 0.000000000000000000 ) ) ;
#3377 = EDGE_CURVE ( 'NONE', #2307, #192, #707, .T. ) ;
#3378 = DIRECTION ( 'NONE',  ( -0.8660254037844432595, -0.4999999999999920619, 0.000000000000000000 ) ) ;
#3379 = PLANE ( 'NONE',  #2194 ) ;
#3380 = CARTESIAN_POINT ( 'NONE',  ( -48.40682345157666333, 40.04783652381495784, 3.499999999999996003 ) ) ;
#3381 = DIRECTION ( 'NONE',  ( 1.000000000000000000, 6.270003582906079530E-17, -0.000000000000000000 ) ) ;
#3382 = PERSON_AND_ORGANIZATION ( #2304, #3334 ) ;
#3383 = VERTEX_POINT ( 'NONE', #3138 ) ;
#3384 = FACE_OUTER_BOUND ( 'NONE', #2165, .T. ) ;
#3385 = ORIENTED_EDGE ( 'NONE', *, *, #536, .F. ) ;
#3386 = EDGE_CURVE ( 'NONE', #1318, #126, #470, .T. ) ;
#3387 = ORIENTED_EDGE ( 'NONE', *, *, #345, .T. ) ;
#3388 = CARTESIAN_POINT ( 'NONE',  ( 31.58949911506912045, 40.05031123017869987, 11.50000000000001243 ) ) ;
#3389 = DIRECTION ( 'NONE',  ( 1.000000000000000000, 2.006337338897160044E-16, -0.000000000000000000 ) ) ;
#3390 = LINE ( 'NONE', #909, #2979 ) ;
#3391 = EDGE_CURVE ( 'NONE', #1235, #1830, #2272, .T. ) ;
#3392 = CARTESIAN_POINT ( 'NONE',  ( 41.58949911506896058, 27.34860530800679967, 7.500000000000001776 ) ) ;
#3393 = CIRCLE ( 'NONE', #3441, 1.000000000000001554 ) ;
#3394 = DIRECTION ( 'NONE',  ( 0.7500000000000035527, 0.4330127018922124149, 0.5000000000000007772 ) ) ;
#3395 = CARTESIAN_POINT ( 'NONE',  ( -15.33615101233675837, 5.409119309187894409, 20.00000000000000000 ) ) ;
#3396 = CARTESIAN_POINT ( 'NONE',  ( -38.70336314270295475, 23.86129388902127602, 0.000000000000000000 ) ) ;
#3397 = CALENDAR_DATE ( 2025, 1, 5 ) ;
#3398 = EDGE_LOOP ( 'NONE', ( #982, #3120, #2690, #3508 ) ) ;
#3399 = DIRECTION ( 'NONE',  ( -0.000000000000000000, -0.000000000000000000, -1.000000000000000000 ) ) ;
#3400 = ORIENTED_EDGE ( 'NONE', *, *, #2052, .T. ) ;
#3401 = VECTOR ( 'NONE', #429, 999.9999999999998863 ) ;
#3402 = VERTEX_POINT ( 'NONE', #3194 ) ;
#3403 = EDGE_CURVE ( 'NONE', #1495, #1748, #449, .T. ) ;
#3404 = DIRECTION ( 'NONE',  ( 0.4330127018922174664, -0.2500000000000022760, -0.8660254037844388186 ) ) ;
#3405 = VECTOR ( 'NONE', #2131, 1000.000000000000227 ) ;
#3406 = PLANE ( 'NONE',  #3528 ) ;
#3407 = VECTOR ( 'NONE', #2640, 1000.000000000000114 ) ;
#3408 = DIRECTION ( 'NONE',  ( -0.5000000000000000000, 0.8660254037844385966, 0.000000000000000000 ) ) ;
#3409 = ADVANCED_FACE ( 'NONE', ( #3232 ), #357, .F. ) ;
#3410 = LINE ( 'NONE', #3142, #506 ) ;
#3411 = FACE_OUTER_BOUND ( 'NONE', #3562, .T. ) ;
#3412 = FACE_OUTER_BOUND ( 'NONE', #3417, .T. ) ;
#3413 = APPROVAL_DATE_TIME ( #3095, #2462 ) ;
#3414 = VECTOR ( 'NONE', #548, 1000.000000000000114 ) ;
#3415 = CARTESIAN_POINT ( 'NONE',  ( -50.40682345157678412, 22.72732844812620101, 7.499999999999996447 ) ) ;
#3416 = AXIS2_PLACEMENT_3D ( 'NONE', #271, #1861, #1060 ) ;
#3417 = EDGE_LOOP ( 'NONE', ( #2496, #1684, #1002, #2069 ) ) ;
#3418 = FACE_OUTER_BOUND ( 'NONE', #2672, .T. ) ;
#3419 = VERTEX_POINT ( 'NONE', #3388 ) ;
#3420 = EDGE_LOOP ( 'NONE', ( #2208, #1232, #2271, #2201 ) ) ;
#3421 = ORIENTED_EDGE ( 'NONE', *, *, #1946, .F. ) ;
#3422 = CARTESIAN_POINT ( 'NONE',  ( -14.40651900967566945, -41.93147959722431040, 11.49999999999998579 ) ) ;
#3423 = EDGE_CURVE ( 'NONE', #126, #2755, #2849, .T. ) ;
#3424 = CYLINDRICAL_SURFACE ( 'NONE', #2124, 3.000000000000006661 ) ;
#3425 = LINE ( 'NONE', #2575, #1846 ) ;
#3426 = DIRECTION ( 'NONE',  ( -0.5000000000000039968, -0.8660254037844363761, -0.000000000000000000 ) ) ;
#3427 = CARTESIAN_POINT ( 'NONE',  ( -2.907947782061249153, 5.409119309187894409, 20.00000000000000000 ) ) ;
#3428 = LINE ( 'NONE', #331, #400 ) ;
#3429 = ORIENTED_EDGE ( 'NONE', *, *, #2395, .F. ) ;
#3430 = DIRECTION ( 'NONE',  ( -4.694733121053641078E-17, 0.4915977468294983610, -0.8708224017055145039 ) ) ;
#3431 = ORIENTED_EDGE ( 'NONE', *, *, #2286, .F. ) ;
#3432 = ORIENTED_EDGE ( 'NONE', *, *, #3192, .T. ) ;
#3433 = EDGE_LOOP ( 'NONE', ( #754, #718, #2117, #66 ) ) ;
#3434 = DIRECTION ( 'NONE',  ( -1.737539104046208831E-16, 0.8660254037844384856, 0.5000000000000004441 ) ) ;
#3435 = VECTOR ( 'NONE', #2038, 1000.000000000000000 ) ;
#3436 = CARTESIAN_POINT ( 'NONE',  ( -15.40651900967566590, -52.24088067398282220, 15.00000000000000000 ) ) ;
#3437 = ADVANCED_FACE ( 'NONE', ( #141, #925 ), #3482, .T. ) ;
#3438 = DIRECTION ( 'NONE',  ( 0.4999999999748364066, 0.8660254037989668641, -0.000000000000000000 ) ) ;
#3439 = CARTESIAN_POINT ( 'NONE',  ( -4.943846166923492547, -0.5908806908121070345, 20.00000000000000000 ) ) ;
#3440 = EDGE_CURVE ( 'NONE', #1426, #700, #3497, .T. ) ;
#3441 = AXIS2_PLACEMENT_3D ( 'NONE', #1292, #797, #1816 ) ;
#3442 = DIRECTION ( 'NONE',  ( 0.000000000000000000, 1.000000000000000000, 0.000000000000000000 ) ) ;
#3443 = LINE ( 'NONE', #1844, #1962 ) ;
#3444 = ORIENTED_EDGE ( 'NONE', *, *, #1362, .F. ) ;
#3445 = CARTESIAN_POINT ( 'NONE',  ( -4.760483964779333554, -8.245400095614648706, 15.00000000000000000 ) ) ;
#3446 = ORIENTED_EDGE ( 'NONE', *, *, #1376, .T. ) ;
#3447 = ORIENTED_EDGE ( 'NONE', *, *, #2614, .T. ) ;
#3448 = CARTESIAN_POINT ( 'NONE',  ( -18.40651900967566590, -39.62207852046581280, 7.499999999999996447 ) ) ;
#3449 = ORIENTED_EDGE ( 'NONE', *, *, #2417, .F. ) ;
#3450 = ADVANCED_FACE ( 'NONE', ( #1267 ), #2916, .F. ) ;
#3451 = LINE ( 'NONE', #1194, #2625 ) ;
#3452 = VECTOR ( 'NONE', #1513, 1000.000000000000114 ) ;
#3453 = ADVANCED_FACE ( 'NONE', ( #1847 ), #3121, .F. ) ;
#3454 = EDGE_CURVE ( 'NONE', #827, #230, #1245, .T. ) ;
#3455 = ORIENTED_EDGE ( 'NONE', *, *, #2335, .T. ) ;
#3456 = DIRECTION ( 'NONE',  ( 0.000000000000000000, -0.9999531954763021258, 0.009675063655219471800 ) ) ;
#3457 = CIRCLE ( 'NONE', #1152, 3.000000000000002665 ) ;
#3458 = DIRECTION ( 'NONE',  ( 1.000000000000000000, 6.270003582906079530E-17, -0.000000000000000000 ) ) ;
#3459 = AXIS2_PLACEMENT_3D ( 'NONE', #3335, #382, #1397 ) ;
#3460 = DIRECTION ( 'NONE',  ( 0.000000000000000000, -0.000000000000000000, 1.000000000000000000 ) ) ;
#3461 = EDGE_CURVE ( 'NONE', #3218, #1811, #630, .T. ) ;
#3462 = DIRECTION ( 'NONE',  ( -1.000000000000000000, 0.000000000000000000, 0.000000000000000000 ) ) ;
#3463 = DIRECTION ( 'NONE',  ( 0.8660254037989668641, -0.4999999999748364621, 0.000000000000000000 ) ) ;
#3464 = AXIS2_PLACEMENT_3D ( 'NONE', #468, #3481, #2611 ) ;
#3465 = ORIENTED_EDGE ( 'NONE', *, *, #2552, .F. ) ;
#3466 = FACE_OUTER_BOUND ( 'NONE', #2633, .T. ) ;
#3467 = CARTESIAN_POINT ( 'NONE',  ( 37.58949911506894637, 25.03920423124833405, 7.500000000000001776 ) ) ;
#3468 = VECTOR ( 'NONE', #435, 1000.000000000000000 ) ;
#3469 = ORIENTED_EDGE ( 'NONE', *, *, #631, .T. ) ;
#3470 = AXIS2_PLACEMENT_3D ( 'NONE', #1659, #3438, #1120 ) ;
#3471 = EDGE_CURVE ( 'NONE', #146, #989, #2020, .T. ) ;
#3472 = CARTESIAN_POINT ( 'NONE',  ( -14.40651900967566945, -44.24088067398282220, 7.500000000000000000 ) ) ;
#3473 = ORIENTED_EDGE ( 'NONE', *, *, #1085, .T. ) ;
#3474 = DIRECTION ( 'NONE',  ( -0.8660254037844364872, 0.5000000000000038858, 0.000000000000000000 ) ) ;
#3475 = ORIENTED_EDGE ( 'NONE', *, *, #5, .T. ) ;
#3476 = EDGE_CURVE ( 'NONE', #238, #1047, #2959, .T. ) ;
#3477 = CARTESIAN_POINT ( 'NONE',  ( -4.523178203474762071, 2.611458153368801494, 0.000000000000000000 ) ) ;
#3478 = LINE ( 'NONE', #3439, #1149 ) ;
#3479 = ADVANCED_FACE ( 'NONE', ( #1285 ), #1516, .F. ) ;
#3480 = LINE ( 'NONE', #2624, #1485 ) ;
#3481 = DIRECTION ( 'NONE',  ( -0.000000000000000000, -0.000000000000000000, -1.000000000000000000 ) ) ;
#3482 = PLANE ( 'NONE',  #1528 ) ;
#3483 = VERTEX_POINT ( 'NONE', #1884 ) ;
#3484 = FACE_OUTER_BOUND ( 'NONE', #1117, .T. ) ;
#3485 = DIRECTION ( 'NONE',  ( -1.000000000000000000, 0.000000000000000000, -0.000000000000000000 ) ) ;
#3486 = ORIENTED_EDGE ( 'NONE', *, *, #799, .F. ) ;
#3487 = VERTEX_POINT ( 'NONE', #826 ) ;
#3488 = CARTESIAN_POINT ( 'NONE',  ( -2.406519009675665899, -44.24088067398282220, 7.500000000000000000 ) ) ;
#3489 = ORIENTED_EDGE ( 'NONE', *, *, #1067, .T. ) ;
#3490 = DIRECTION ( 'NONE',  ( 1.095437728245845476E-16, 1.000000000000000000, -0.000000000000000000 ) ) ;
#3491 = ORIENTED_EDGE ( 'NONE', *, *, #1772, .F. ) ;
#3492 = DIRECTION ( 'NONE',  ( 0.7500000000000016653, 0.4330127018922112492, -0.5000000000000046629 ) ) ;
#3493 = CARTESIAN_POINT ( 'NONE',  ( -9.240292042941383954, -30.05356730124580977, 0.000000000000000000 ) ) ;
#3494 = LOCAL_TIME ( 14, 41, 26.00000000000000000, #1675 ) ;
#3495 = FACE_OUTER_BOUND ( 'NONE', #2988, .T. ) ;
#3496 = LINE ( 'NONE', #958, #2484 ) ;
#3497 = LINE ( 'NONE', #1807, #907 ) ;
#3498 = VECTOR ( 'NONE', #2349, 1000.000000000000000 ) ;
#3499 = VERTEX_POINT ( 'NONE', #1324 ) ;
#3500 = EDGE_CURVE ( 'NONE', #1679, #627, #3309, .T. ) ;
#3501 = CARTESIAN_POINT ( 'NONE',  ( -2.760483964779314459, -4.781298480476897872, -5.797680921151979696E-15 ) ) ;
#3502 = PLANE ( 'NONE',  #1680 ) ;
#3503 = DIRECTION ( 'NONE',  ( 1.000000000000000000, 0.000000000000000000, 0.000000000000000000 ) ) ;
#3504 = VERTEX_POINT ( 'NONE', #1925 ) ;
#3505 = DIRECTION ( 'NONE',  ( -0.4999999999999998890, 0.8660254037844387076, 0.000000000000000000 ) ) ;
#3506 = EDGE_LOOP ( 'NONE', ( #1388, #1560, #2722, #3486 ) ) ;
#3507 = LINE ( 'NONE', #3279, #3156 ) ;
#3508 = ORIENTED_EDGE ( 'NONE', *, *, #2536, .T. ) ;
#3509 = LINE ( 'NONE', #2190, #739 ) ;
#3510 = VECTOR ( 'NONE', #825, 1000.000000000000000 ) ;
#3511 = LINE ( 'NONE', #1920, #1377 ) ;
#3512 = ORIENTED_EDGE ( 'NONE', *, *, #1179, .F. ) ;
#3513 = LINE ( 'NONE', #805, #3076 ) ;
#3514 = DIRECTION ( 'NONE',  ( 1.000000000000000000, 6.270003582906079530E-17, -0.000000000000000000 ) ) ;
#3515 = CARTESIAN_POINT ( 'NONE',  ( -8.407947782061121700, 16.95777449722326224, 15.00000000000000000 ) ) ;
#3516 = CARTESIAN_POINT ( 'NONE',  ( -4.943846166923492547, -0.5908806908121070345, 20.00000000000000000 ) ) ;
#3517 = VECTOR ( 'NONE', #61, 1000.000000000000000 ) ;
#3518 = VERTEX_POINT ( 'NONE', #489 ) ;
#3519 = DIRECTION ( 'NONE',  ( 0.000000000000000000, -0.4999999999999999445, 0.8660254037844385966 ) ) ;
#3520 = PLANE ( 'NONE',  #2200 ) ;
#3521 = ORIENTED_EDGE ( 'NONE', *, *, #3241, .F. ) ;
#3522 = AXIS2_PLACEMENT_3D ( 'NONE', #2414, #2926, #1549 ) ;
#3523 = ORIENTED_EDGE ( 'NONE', *, *, #779, .F. ) ;
#3524 = AXIS2_PLACEMENT_3D ( 'NONE', #784, #2995, #252 ) ;
#3525 = CARTESIAN_POINT ( 'NONE',  ( -11.87204939719900132, 11.40911930918789885, 15.00000000000000000 ) ) ;
#3526 = ORIENTED_EDGE ( 'NONE', *, *, #2848, .T. ) ;
#3527 = DIRECTION ( 'NONE',  ( -4.694733121053634299E-17, 0.5083554486468028211, 0.8611473380502943087 ) ) ;
#3528 = AXIS2_PLACEMENT_3D ( 'NONE', #104, #341, #889 ) ;
#3529 = EDGE_LOOP ( 'NONE', ( #173, #2795, #2507, #187, #2321, #1983 ) ) ;
#3530 = PLANE ( 'NONE',  #2880 ) ;
#3531 = DIRECTION ( 'NONE',  ( 4.694733121053626903E-17, -0.5083554486468020439, -0.8611473380502947528 ) ) ;
#3532 = ORIENTED_EDGE ( 'NONE', *, *, #3362, .F. ) ;
#3533 = ORIENTED_EDGE ( 'NONE', *, *, #176, .F. ) ;
#3534 = CARTESIAN_POINT ( 'NONE',  ( -39.35976569455652196, 22.72437131899305029, 0.000000000000000000 ) ) ;
#3535 = CARTESIAN_POINT ( 'NONE',  ( -9.444918698636751486, 16.35907905939652096, 15.00000000000000000 ) ) ;
#3536 = FACE_OUTER_BOUND ( 'NONE', #2379, .T. ) ;
#3537 = FACE_OUTER_BOUND ( 'NONE', #2434, .T. ) ;
#3538 = VERTEX_POINT ( 'NONE', #1598 ) ;
#3539 = DIRECTION ( 'NONE',  ( -0.8660254037844424824, -0.4999999999999932832, 0.000000000000000000 ) ) ;
#3540 = ORIENTED_EDGE ( 'NONE', *, *, #1351, .F. ) ;
#3541 = ORIENTED_EDGE ( 'NONE', *, *, #3570, .T. ) ;
#3542 = ORIENTED_EDGE ( 'NONE', *, *, #358, .F. ) ;
#3543 = EDGE_CURVE ( 'NONE', #1371, #1718, #3564, .T. ) ;
#3544 = CARTESIAN_POINT ( 'NONE',  ( -18.40651900967566590, -46.55028175074131980, 3.500000000000002665 ) ) ;
#3545 = ORIENTED_EDGE ( 'NONE', *, *, #1923, .F. ) ;
#3546 = ADVANCED_FACE ( 'NONE', ( #1303 ), #8, .T. ) ;
#3547 = DIRECTION ( 'NONE',  ( -0.8660254037844385966, 0.5000000000000001110, 0.000000000000000000 ) ) ;
#3548 = EDGE_LOOP ( 'NONE', ( #2930, #2076, #226, #1860, #1508, #2270, #2697, #2308, #725, #3566, #3558, #1090, #642, #2714, #2677, #2603, #2767, #1852, #1908 ) ) ;
#3549 = DIRECTION ( 'NONE',  ( 0.8660254037844431485, 0.4999999999999920064, 0.000000000000000000 ) ) ;
#3550 = LINE ( 'NONE', #1859, #1953 ) ;
#3551 = CARTESIAN_POINT ( 'NONE',  ( -64.83502668185222717, 28.17070412110029665, 0.000000000000000000 ) ) ;
#3552 = EDGE_CURVE ( 'NONE', #2102, #989, #1039, .T. ) ;
#3553 = FACE_BOUND ( 'NONE', #2530, .T. ) ;
#3554 = ADVANCED_FACE ( 'NONE', ( #809 ), #1080, .T. ) ;
#3555 = DIRECTION ( 'NONE',  ( 0.4330127018922169113, -0.2500000000000020539, 0.8660254037844392627 ) ) ;
#3556 = CARTESIAN_POINT ( 'NONE',  ( -2.028032182004017692, 3.512654778615806439, 15.00000000000000000 ) ) ;
#3557 = ORIENTED_EDGE ( 'NONE', *, *, #2753, .F. ) ;
#3558 = ORIENTED_EDGE ( 'NONE', *, *, #1877, .T. ) ;
#3559 = AXIS2_PLACEMENT_3D ( 'NONE', #2814, #1669, #3376 ) ;
#3560 = CARTESIAN_POINT ( 'NONE',  ( 35.58949911506908848, 37.74091015342015254, 7.499999999999976907 ) ) ;
#3561 = DIRECTION ( 'NONE',  ( 7.511572993685790226E-16, -1.000000000000000000, -9.389466242107237782E-17 ) ) ;
#3562 = EDGE_LOOP ( 'NONE', ( #2455, #1773, #2564, #2374 ) ) ;
#3563 = ORIENTED_EDGE ( 'NONE', *, *, #3579, .T. ) ;
#3564 = CIRCLE ( 'NONE', #2761, 3.000000000000002665 ) ;
#3565 = DIRECTION ( 'NONE',  ( -0.7499999999999975575, 0.4330127018922224624, -0.5000000000000011102 ) ) ;
#3566 = ORIENTED_EDGE ( 'NONE', *, *, #869, .T. ) ;
#3567 = CARTESIAN_POINT ( 'NONE',  ( -11.87204939719900132, -0.5908806908121062573, 20.00000000000000000 ) ) ;
#3568 = ORIENTED_EDGE ( 'NONE', *, *, #335, .T. ) ;
#3569 = CARTESIAN_POINT ( 'NONE',  ( 40.58949911506889663, 19.84305180854167716, 7.500000000000001776 ) ) ;
#3570 = EDGE_CURVE ( 'NONE', #2755, #2356, #1655, .T. ) ;
#3571 = CYLINDRICAL_SURFACE ( 'NONE', #3167, 1.000000000000001110 ) ;
#3572 = EDGE_CURVE ( 'NONE', #3221, #2927, #2139, .T. ) ;
#3573 = LINE ( 'NONE', #2211, #2602 ) ;
#3574 = FACE_BOUND ( 'NONE', #937, .T. ) ;
#3575 = VECTOR ( 'NONE', #1017, 1000.000000000000114 ) ;
#3576 = CARTESIAN_POINT ( 'NONE',  ( -8.407947782390987612, 1.635533989104478218E-10, 15.00000000000000000 ) ) ;
#3577 = LINE ( 'NONE', #2215, #3048 ) ;
#3578 = ORIENTED_EDGE ( 'NONE', *, *, #102, .T. ) ;
#3579 = EDGE_CURVE ( 'NONE', #1880, #2743, #2430, .T. ) ;
#3580 = CARTESIAN_POINT ( 'NONE',  ( 36.51770234534460968, 42.89561069179935515, 0.000000000000000000 ) ) ;
#3581 = AXIS2_PLACEMENT_3D ( 'NONE', #1035, #823, #2152 ) ;
#3582 = CARTESIAN_POINT ( 'NONE',  ( -39.35976569455652196, 22.72437131899305029, 15.00000000000000000 ) ) ;
#3583 = EDGE_LOOP ( 'NONE', ( #3366, #1932, #2375, #1161 ) ) ;
#3584 = VERTEX_POINT ( 'NONE', #3023 ) ;
#3585 = CARTESIAN_POINT ( 'NONE',  ( -18.40651900967567656, -3.692968636823268950E-15, 0.000000000000000000 ) ) ;
#3586 = ADVANCED_FACE ( 'NONE', ( #3537 ), #3253, .F. ) ;
#3587 = AXIS2_PLACEMENT_3D ( 'NONE', #1922, #3037, #2154 ) ;
#3588 = VERTEX_POINT ( 'NONE', #2766 ) ;
#3589 = EDGE_CURVE ( 'NONE', #2163, #2334, #3577, .T. ) ;
#3590 = PLANE ( 'NONE',  #1374 ) ;
ENDSEC;
END-ISO-10303-21;
