ISO-10303-21;
HEADER;
FILE_DESCRIPTION (( 'STEP AP203' ),
    '1' );
FILE_NAME ('UPPER-ARME_Default_sldprt.STEP',
    '2025-05-01T13:41:30',
    ( '' ),
    ( '' ),
    'SwSTEP 2.0',
    'SolidWorks 2022',
    '' );
FILE_SCHEMA (( 'CONFIG_CONTROL_DESIGN' ));
ENDSEC;

DATA;
#1 = FACE_OUTER_BOUND ( 'NONE', #941, .T. ) ;
#2 = ORIENTED_EDGE ( 'NONE', *, *, #355, .T. ) ;
#3 = ADVANCED_FACE ( 'NONE', ( #1621 ), #443, .F. ) ;
#4 = FACE_OUTER_BOUND ( 'NONE', #845, .T. ) ;
#5 = CARTESIAN_POINT ( 'NONE',  ( 8.834851238814701802, 4.000000000000000000, -20.23565573770493842 ) ) ;
#6 = ORIENTED_EDGE ( 'NONE', *, *, #784, .T. ) ;
#7 = EDGE_CURVE ( 'NONE', #451, #1659, #1459, .T. ) ;
#8 = FACE_BOUND ( 'NONE', #35, .T. ) ;
#9 = VERTEX_POINT ( 'NONE', #22 ) ;
#10 = CARTESIAN_POINT ( 'NONE',  ( -28.09370804539696564, 7.000000000000002665, -11.33739331588228794 ) ) ;
#11 = ORIENTED_EDGE ( 'NONE', *, *, #1643, .F. ) ;
#12 = VECTOR ( 'NONE', #1507, 1000.000000000000000 ) ;
#13 = FACE_OUTER_BOUND ( 'NONE', #904, .T. ) ;
#14 = FACE_BOUND ( 'NONE', #814, .T. ) ;
#15 = ORIENTED_EDGE ( 'NONE', *, *, #1474, .T. ) ;
#16 = VECTOR ( 'NONE', #927, 1000.000000000000000 ) ;
#17 = DIRECTION ( 'NONE',  ( -0.6761778414117567415, 0.000000000000000000, 0.7367384385137898395 ) ) ;
#18 = ADVANCED_FACE ( 'NONE', ( #1316 ), #151, .F. ) ;
#19 = ORIENTED_EDGE ( 'NONE', *, *, #1093, .F. ) ;
#20 = CARTESIAN_POINT ( 'NONE',  ( -13.83052238365862685, 7.000000000000002665, -10.60946258518394281 ) ) ;
#21 = VERTEX_POINT ( 'NONE', #1447 ) ;
#22 = CARTESIAN_POINT ( 'NONE',  ( 17.35367335134922939, 0.000000000000000000, -20.23565573770486736 ) ) ;
#23 = CARTESIAN_POINT ( 'NONE',  ( 10.78486121832345646, 21.00000000000000000, -16.23565573770491000 ) ) ;
#24 = AXIS2_PLACEMENT_3D ( 'NONE', #310, #304, #185 ) ;
#25 = LINE ( 'NONE', #1424, #772 ) ;
#26 = VECTOR ( 'NONE', #192, 1000.000000000000000 ) ;
#27 = AXIS2_PLACEMENT_3D ( 'NONE', #206, #1141, #329 ) ;
#28 = EDGE_CURVE ( 'NONE', #1396, #696, #669, .T. ) ;
#29 = ORIENTED_EDGE ( 'NONE', *, *, #282, .T. ) ;
#30 = ADVANCED_FACE ( 'NONE', ( #1174 ), #1292, .F. ) ;
#31 = DIRECTION ( 'NONE',  ( 1.000000000000000000, 0.000000000000000000, 1.058897809570010527E-14 ) ) ;
#32 = ORIENTED_EDGE ( 'NONE', *, *, #878, .T. ) ;
#33 = CARTESIAN_POINT ( 'NONE',  ( 18.09426229508196471, 25.00000000000000000, -5.235655737704909996 ) ) ;
#34 = DIRECTION ( 'NONE',  ( 0.7764850146789968877, 0.000000000000000000, -0.6301357171109711608 ) ) ;
#35 = EDGE_LOOP ( 'NONE', ( #1467, #1087 ) ) ;
#36 = LINE ( 'NONE', #806, #108 ) ;
#37 = ADVANCED_FACE ( 'NONE', ( #4 ), #519, .F. ) ;
#38 = LINE ( 'NONE', #1598, #105 ) ;
#39 = APPROVAL_STATUS ( 'not_yet_approved' ) ;
#40 = CARTESIAN_POINT ( 'NONE',  ( 15.22396782321563968, 4.000000000000000000, -23.92441391759263780 ) ) ;
#41 = VECTOR ( 'NONE', #1295, 1000.000000000000000 ) ;
#42 = ORIENTED_EDGE ( 'NONE', *, *, #465, .F. ) ;
#43 = CARTESIAN_POINT ( 'NONE',  ( -11.67698661686429062, 7.000000000000002665, -27.23565573770491000 ) ) ;
#44 = PLANE ( 'NONE',  #189 ) ;
#45 = APPROVAL_STATUS ( 'not_yet_approved' ) ;
#46 = CARTESIAN_POINT ( 'NONE',  ( 3.434707866034867330, 7.000000000000002665, -12.42172733244817451 ) ) ;
#47 = VECTOR ( 'NONE', #674, 999.9999999999998863 ) ;
#48 = ORIENTED_EDGE ( 'NONE', *, *, #434, .F. ) ;
#49 = AXIS2_PLACEMENT_3D ( 'NONE', #898, #257, #905 ) ;
#50 = DIRECTION ( 'NONE',  ( 0.000000000000000000, 0.000000000000000000, 1.000000000000000000 ) ) ;
#51 = CIRCLE ( 'NONE', #27, 1.999999999999994893 ) ;
#52 = VERTEX_POINT ( 'NONE', #1422 ) ;
#53 = CARTESIAN_POINT ( 'NONE',  ( -40.95977088954332856, 7.000000000000002665, -14.49592717192685498 ) ) ;
#54 = COORDINATED_UNIVERSAL_TIME_OFFSET ( 1, 0, .AHEAD. ) ;
#55 = DIRECTION ( 'NONE',  ( -0.5000000000000073275, 0.000000000000000000, 0.8660254037844343777 ) ) ;
#56 = EDGE_CURVE ( 'NONE', #172, #1069, #274, .T. ) ;
#57 = VERTEX_POINT ( 'NONE', #544 ) ;
#58 = CARTESIAN_POINT ( 'NONE',  ( -65.61567340862694664, 7.000000000000002665, -29.23565573770490644 ) ) ;
#59 = DIRECTION ( 'NONE',  ( 0.000000000000000000, 0.000000000000000000, 1.000000000000000000 ) ) ;
#60 = FACE_OUTER_BOUND ( 'NONE', #463, .T. ) ;
#61 = ORGANIZATION ( 'UNSPECIFIED', 'UNSPECIFIED', '' ) ;
#62 = EDGE_CURVE ( 'NONE', #623, #1477, #1586, .T. ) ;
#63 = EDGE_LOOP ( 'NONE', ( #1258, #615, #712, #336 ) ) ;
#64 = CARTESIAN_POINT ( 'NONE',  ( -54.48796302352070597, 7.000000000000002665, -27.52879159815107357 ) ) ;
#65 = VERTEX_POINT ( 'NONE', #33 ) ;
#66 = DIRECTION ( 'NONE',  ( 0.4999999999999994449, 0.000000000000000000, -0.8660254037844389297 ) ) ;
#67 = DIRECTION ( 'NONE',  ( -0.7764850146789962215, 0.000000000000000000, 0.6301357171109721600 ) ) ;
#68 = ORIENTED_EDGE ( 'NONE', *, *, #1237, .F. ) ;
#69 = AXIS2_PLACEMENT_3D ( 'NONE', #566, #432, #59 ) ;
#70 = LINE ( 'NONE', #356, #1058 ) ;
#71 = ORIENTED_EDGE ( 'NONE', *, *, #672, .F. ) ;
#72 = AXIS2_PLACEMENT_3D ( 'NONE', #1565, #265, #510 ) ;
#73 = ORIENTED_EDGE ( 'NONE', *, *, #651, .F. ) ;
#74 = EDGE_CURVE ( 'NONE', #1649, #1520, #160, .T. ) ;
#75 = CIRCLE ( 'NONE', #485, 1.999999999999998224 ) ;
#76 = DIRECTION ( 'NONE',  ( 0.09386762636788502367, 0.000000000000000000, -0.9955846868649893544 ) ) ;
#77 = DIRECTION ( 'NONE',  ( -9.774441319107797612E-15, 0.000000000000000000, 1.000000000000000000 ) ) ;
#78 = DIRECTION ( 'NONE',  ( 0.000000000000000000, 1.000000000000000000, 0.000000000000000000 ) ) ;
#79 = DIRECTION ( 'NONE',  ( 0.000000000000000000, 1.000000000000000000, -0.000000000000000000 ) ) ;
#80 = VERTEX_POINT ( 'NONE', #899 ) ;
#81 = CARTESIAN_POINT ( 'NONE',  ( -141.9057377049180388, 25.00000000000000000, -5.235655737704909996 ) ) ;
#82 = ADVANCED_FACE ( 'NONE', ( #1559 ), #647, .F. ) ;
#83 = ORIENTED_EDGE ( 'NONE', *, *, #707, .F. ) ;
#84 = ORIENTED_EDGE ( 'NONE', *, *, #1065, .F. ) ;
#85 = PLANE ( 'NONE',  #1580 ) ;
#86 = ORIENTED_EDGE ( 'NONE', *, *, #1230, .F. ) ;
#87 = EDGE_CURVE ( 'NONE', #365, #728, #794, .T. ) ;
#88 = DIRECTION ( 'NONE',  ( 0.6761778414117568525, 0.000000000000000000, -0.7367384385137897285 ) ) ;
#89 = DIRECTION ( 'NONE',  ( 0.000000000000000000, -0.000000000000000000, -1.000000000000000000 ) ) ;
#90 = DIRECTION ( 'NONE',  ( 0.7764850146789968877, 0.000000000000000000, -0.6301357171109711608 ) ) ;
#91 = AXIS2_PLACEMENT_3D ( 'NONE', #198, #1340, #1068 ) ;
#92 = DIRECTION ( 'NONE',  ( -0.4999999999999997780, 0.000000000000000000, -0.8660254037844388186 ) ) ;
#93 = ORIENTED_EDGE ( 'NONE', *, *, #481, .T. ) ;
#94 = AXIS2_PLACEMENT_3D ( 'NONE', #1554, #909, #17 ) ;
#95 = ORIENTED_EDGE ( 'NONE', *, *, #1569, .F. ) ;
#96 = DIRECTION ( 'NONE',  ( 0.000000000000000000, 0.000000000000000000, -1.000000000000000000 ) ) ;
#97 = EDGE_CURVE ( 'NONE', #1449, #1347, #1693, .T. ) ;
#98 = DIRECTION ( 'NONE',  ( -0.000000000000000000, -1.000000000000000000, -0.000000000000000000 ) ) ;
#99 = CARTESIAN_POINT ( 'NONE',  ( -51.46151611713514029, 25.00000000000000000, -27.43670734954950774 ) ) ;
#100 = ADVANCED_FACE ( 'NONE', ( #769, #289 ), #529, .F. ) ;
#101 = LINE ( 'NONE', #1404, #959 ) ;
#102 = LINE ( 'NONE', #734, #1665 ) ;
#103 = ORIENTED_EDGE ( 'NONE', *, *, #575, .F. ) ;
#104 = EDGE_LOOP ( 'NONE', ( #367, #48, #1240, #1158 ) ) ;
#105 = VECTOR ( 'NONE', #1220, 1000.000000000000000 ) ;
#106 = FACE_OUTER_BOUND ( 'NONE', #236, .T. ) ;
#107 = VECTOR ( 'NONE', #813, 1000.000000000000114 ) ;
#108 = VECTOR ( 'NONE', #1486, 999.9999999999998863 ) ;
#109 = CARTESIAN_POINT ( 'NONE',  ( -65.61567340862694664, 7.000000000000002665, -29.23565573770491000 ) ) ;
#110 = EDGE_CURVE ( 'NONE', #994, #138, #1567, .T. ) ;
#111 = FACE_OUTER_BOUND ( 'NONE', #1216, .T. ) ;
#112 = AXIS2_PLACEMENT_3D ( 'NONE', #219, #119, #495 ) ;
#113 = FACE_OUTER_BOUND ( 'NONE', #104, .T. ) ;
#114 = EDGE_CURVE ( 'NONE', #357, #585, #280, .T. ) ;
#115 = CARTESIAN_POINT ( 'NONE',  ( -28.09370804539696564, 7.000000000000002665, -11.33739331588228794 ) ) ;
#116 = VERTEX_POINT ( 'NONE', #1190 ) ;
#117 = ORIENTED_EDGE ( 'NONE', *, *, #662, .T. ) ;
#118 = DIRECTION ( 'NONE',  ( 0.000000000000000000, 1.000000000000000000, -0.000000000000000000 ) ) ;
#119 = DIRECTION ( 'NONE',  ( 0.000000000000000000, 1.000000000000000000, -0.000000000000000000 ) ) ;
#120 = CARTESIAN_POINT ( 'NONE',  ( 8.475460141564953531, 21.00000000000000000, -20.23565573770490644 ) ) ;
#121 = ORIENTED_EDGE ( 'NONE', *, *, #726, .F. ) ;
#122 = CARTESIAN_POINT ( 'NONE',  ( 18.09426229508196471, 25.00000000000000000, -20.23565573770490644 ) ) ;
#123 = ORIENTED_EDGE ( 'NONE', *, *, #1346, .F. ) ;
#124 = VERTEX_POINT ( 'NONE', #652 ) ;
#125 = LINE ( 'NONE', #1299, #1414 ) ;
#126 = CIRCLE ( 'NONE', #498, 2.000000000000001776 ) ;
#127 = DIRECTION ( 'NONE',  ( 0.000000000000000000, 0.000000000000000000, 1.000000000000000000 ) ) ;
#128 = DIRECTION ( 'NONE',  ( -0.000000000000000000, 1.000000000000000000, -0.000000000000000000 ) ) ;
#129 = DIRECTION ( 'NONE',  ( -0.4999999999999994449, 0.000000000000000000, 0.8660254037844389297 ) ) ;
#130 = ORIENTED_EDGE ( 'NONE', *, *, #939, .F. ) ;
#131 = ORIENTED_EDGE ( 'NONE', *, *, #1086, .T. ) ;
#132 = DIRECTION ( 'NONE',  ( -0.000000000000000000, 1.000000000000000000, -0.000000000000000000 ) ) ;
#133 = ADVANCED_FACE ( 'NONE', ( #13 ), #537, .F. ) ;
#134 = CIRCLE ( 'NONE', #346, 2.999999999999999112 ) ;
#135 = DIRECTION ( 'NONE',  ( -0.4999999999999923395, 0.000000000000000000, -0.8660254037844431485 ) ) ;
#136 = ORIENTED_EDGE ( 'NONE', *, *, #1399, .T. ) ;
#137 = FACE_BOUND ( 'NONE', #928, .T. ) ;
#138 = VERTEX_POINT ( 'NONE', #1206 ) ;
#139 = AXIS2_PLACEMENT_3D ( 'NONE', #617, #77, #1114 ) ;
#140 = DIRECTION ( 'NONE',  ( -1.000000000000000000, 0.000000000000000000, 0.000000000000000000 ) ) ;
#141 = EDGE_LOOP ( 'NONE', ( #981, #901, #1178, #1089 ) ) ;
#142 = DIRECTION ( 'NONE',  ( 0.000000000000000000, 1.000000000000000000, 0.000000000000000000 ) ) ;
#143 = CARTESIAN_POINT ( 'NONE',  ( 17.71306444859895635, 21.00000000000000000, -20.23565573770491000 ) ) ;
#144 = ADVANCED_FACE ( 'NONE', ( #1498 ), #438, .F. ) ;
#145 = ORIENTED_EDGE ( 'NONE', *, *, #965, .F. ) ;
#146 = CARTESIAN_POINT ( 'NONE',  ( -10.41671518264234919, 7.000000000000002665, -25.68268570834691644 ) ) ;
#147 = DIRECTION ( 'NONE',  ( 0.4999999999999994449, 0.000000000000000000, -0.8660254037844389297 ) ) ;
#148 = ORIENTED_EDGE ( 'NONE', *, *, #1134, .F. ) ;
#149 = CARTESIAN_POINT ( 'NONE',  ( -136.8905813314196109, -38.00000000000000711, -18.23565573770491355 ) ) ;
#150 = CIRCLE ( 'NONE', #910, 1.999999999999994893 ) ;
#151 = CYLINDRICAL_SURFACE ( 'NONE', #1279, 1.999999999999994893 ) ;
#152 = DIRECTION ( 'NONE',  ( 0.000000000000000000, 0.000000000000000000, -1.000000000000000000 ) ) ;
#153 = AXIS2_PLACEMENT_3D ( 'NONE', #884, #1269, #743 ) ;
#154 = CC_DESIGN_DATE_AND_TIME_ASSIGNMENT ( #1463, #1227, ( #851 ) ) ;
#155 = DIRECTION ( 'NONE',  ( 0.6761778414117568525, 0.000000000000000000, -0.7367384385137897285 ) ) ;
#156 = EDGE_CURVE ( 'NONE', #696, #1189, #1609, .T. ) ;
#157 = ORIENTED_EDGE ( 'NONE', *, *, #701, .F. ) ;
#158 = CYLINDRICAL_SURFACE ( 'NONE', #49, 2.000000000000001776 ) ;
#159 = EDGE_LOOP ( 'NONE', ( #1129, #918, #713, #751 ) ) ;
#160 = LINE ( 'NONE', #1591, #1578 ) ;
#161 = APPROVAL_DATE_TIME ( #567, #773 ) ;
#162 = CIRCLE ( 'NONE', #642, 1.999999999999998224 ) ;
#163 = FACE_OUTER_BOUND ( 'NONE', #1502, .T. ) ;
#164 = CIRCLE ( 'NONE', #1329, 1.999999999999998224 ) ;
#165 = AXIS2_PLACEMENT_3D ( 'NONE', #214, #867, #603 ) ;
#166 = EDGE_CURVE ( 'NONE', #330, #1028, #823, .T. ) ;
#167 = ORIENTED_EDGE ( 'NONE', *, *, #1619, .T. ) ;
#168 = DIRECTION ( 'NONE',  ( -0.000000000000000000, 1.000000000000000000, -0.000000000000000000 ) ) ;
#169 = CARTESIAN_POINT ( 'NONE',  ( 1.448768545498868354, 7.000000000000002665, -27.58467360248725697 ) ) ;
#170 = CALENDAR_DATE ( 2025, 1, 5 ) ;
#171 = CYLINDRICAL_SURFACE ( 'NONE', #1156, 1.999999999999994893 ) ;
#172 = VERTEX_POINT ( 'NONE', #1213 ) ;
#173 = EDGE_CURVE ( 'NONE', #876, #1096, #1626, .T. ) ;
#174 = LINE ( 'NONE', #323, #1468 ) ;
#175 = LINE ( 'NONE', #169, #47 ) ;
#176 = VECTOR ( 'NONE', #627, 1000.000000000000000 ) ;
#177 = FACE_OUTER_BOUND ( 'NONE', #1209, .T. ) ;
#178 = CIRCLE ( 'NONE', #1568, 15.00000000000000000 ) ;
#179 = PRODUCT_DEFINITION_SHAPE ( 'NONE', 'NONE',  #1183 ) ;
#180 = ORIENTED_EDGE ( 'NONE', *, *, #355, .F. ) ;
#181 = LOCAL_TIME ( 14, 41, 30.00000000000000000, #305 ) ;
#182 = CARTESIAN_POINT ( 'NONE',  ( -11.67698661686429062, 25.00000000000000000, -29.23565573770491000 ) ) ;
#183 = EDGE_CURVE ( 'NONE', #1564, #357, #690, .T. ) ;
#184 = ORIENTED_EDGE ( 'NONE', *, *, #571, .F. ) ;
#185 = DIRECTION ( 'NONE',  ( -1.000000000000000000, 0.000000000000000000, 0.000000000000000000 ) ) ;
#186 = PERSON_AND_ORGANIZATION_ROLE ( 'creator' ) ;
#187 = EDGE_CURVE ( 'NONE', #886, #922, #1348, .T. ) ;
#188 = DIRECTION ( 'NONE',  ( 1.000000000000000000, 0.000000000000000000, -0.000000000000000000 ) ) ;
#189 = AXIS2_PLACEMENT_3D ( 'NONE', #815, #201, #1616 ) ;
#190 = ORIENTED_EDGE ( 'NONE', *, *, #795, .F. ) ;
#191 = VECTOR ( 'NONE', #543, 1000.000000000000114 ) ;
#192 = DIRECTION ( 'NONE',  ( -1.000000000000000000, 0.000000000000000000, 0.000000000000000000 ) ) ;
#193 = VECTOR ( 'NONE', #578, 1000.000000000000000 ) ;
#194 = ORIENTED_EDGE ( 'NONE', *, *, #1474, .F. ) ;
#195 = PLANE ( 'NONE',  #1379 ) ;
#196 = PERSON_AND_ORGANIZATION ( #1162, #61 ) ;
#197 = EDGE_CURVE ( 'NONE', #728, #1387, #1353, .T. ) ;
#198 = CARTESIAN_POINT ( 'NONE',  ( -11.67698661686429062, 7.000000000000002665, -27.23565573770491000 ) ) ;
#199 = ORIENTED_EDGE ( 'NONE', *, *, #156, .T. ) ;
#200 = LINE ( 'NONE', #1668, #1356 ) ;
#201 = DIRECTION ( 'NONE',  ( 0.000000000000000000, 1.000000000000000000, 0.000000000000000000 ) ) ;
#202 = CARTESIAN_POINT ( 'NONE',  ( -136.8905813314196109, 7.000000000000006217, -20.23565573770491000 ) ) ;
#203 = VECTOR ( 'NONE', #670, 999.9999999999998863 ) ;
#204 = ORIENTED_EDGE ( 'NONE', *, *, #1276, .T. ) ;
#205 = ADVANCED_FACE ( 'NONE', ( #842 ), #44, .T. ) ;
#206 = CARTESIAN_POINT ( 'NONE',  ( -136.8905813314196109, 7.000000000000006217, -20.23565573770491000 ) ) ;
#207 = DIRECTION ( 'NONE',  ( 0.000000000000000000, 0.000000000000000000, 1.000000000000000000 ) ) ;
#208 = DIRECTION ( 'NONE',  ( 0.000000000000000000, 1.000000000000000000, 0.000000000000000000 ) ) ;
#209 = CARTESIAN_POINT ( 'NONE',  ( 10.96455676694829506, 4.000000000000000000, -16.54689755781716798 ) ) ;
#210 = CARTESIAN_POINT ( 'NONE',  ( 1.448768545498868354, 7.000000000000002665, -27.58467360248725697 ) ) ;
#211 = VERTEX_POINT ( 'NONE', #967 ) ;
#212 = VECTOR ( 'NONE', #1283, 1000.000000000000227 ) ;
#213 = EDGE_CURVE ( 'NONE', #1509, #52, #558, .T. ) ;
#214 = CARTESIAN_POINT ( 'NONE',  ( -29.35397947961891063, 7.000000000000002665, -12.89036334524028327 ) ) ;
#215 = ORIENTED_EDGE ( 'NONE', *, *, #299, .F. ) ;
#216 = ORIENTED_EDGE ( 'NONE', *, *, #97, .T. ) ;
#217 = AXIS2_PLACEMENT_3D ( 'NONE', #210, #458, #732 ) ;
#218 = CARTESIAN_POINT ( 'NONE',  ( 18.09426229508196471, 25.00000000000000000, -20.23565573770490644 ) ) ;
#219 = CARTESIAN_POINT ( 'NONE',  ( -78.46486015509451306, 7.000000000000002665, -13.23565573770491000 ) ) ;
#220 = LINE ( 'NONE', #230, #1620 ) ;
#221 = CARTESIAN_POINT ( 'NONE',  ( -13.83052238365862507, 7.000000000000002665, -12.60946258518394458 ) ) ;
#222 = VERTEX_POINT ( 'NONE', #1338 ) ;
#223 = CARTESIAN_POINT ( 'NONE',  ( -141.9057377049180388, 25.00000000000000000, -5.235655737704909996 ) ) ;
#224 = EDGE_LOOP ( 'NONE', ( #117, #145, #180, #635 ) ) ;
#225 = EDGE_CURVE ( 'NONE', #172, #415, #175, .T. ) ;
#226 = ORIENTED_EDGE ( 'NONE', *, *, #1086, .F. ) ;
#227 = CARTESIAN_POINT ( 'NONE',  ( -138.2900345713180457, 7.000000000000002665, -11.23565573770491177 ) ) ;
#228 = ORIENTED_EDGE ( 'NONE', *, *, #707, .T. ) ;
#229 = LINE ( 'NONE', #1642, #1416 ) ;
#230 = CARTESIAN_POINT ( 'NONE',  ( -28.09370804539696564, 7.000000000000002665, -11.33739331588228794 ) ) ;
#231 = CARTESIAN_POINT ( 'NONE',  ( -42.51274091890132212, 7.000000000000002665, -13.23565573770491000 ) ) ;
#232 = AXIS2_PLACEMENT_3D ( 'NONE', #1481, #574, #312 ) ;
#233 = LINE ( 'NONE', #1238, #193 ) ;
#234 = ORIENTED_EDGE ( 'NONE', *, *, #1363, .F. ) ;
#235 = CIRCLE ( 'NONE', #986, 2.000000000000001776 ) ;
#236 = EDGE_LOOP ( 'NONE', ( #1504, #1198, #389, #524 ) ) ;
#237 = ADVANCED_FACE ( 'NONE', ( #1479 ), #317, .F. ) ;
#238 = CARTESIAN_POINT ( 'NONE',  ( -10.41671518264234919, 7.000000000000002665, -25.68268570834691644 ) ) ;
#239 = DIRECTION ( 'NONE',  ( -1.000000000000000000, 0.000000000000000000, 9.547925558469792101E-17 ) ) ;
#240 = EDGE_CURVE ( 'NONE', #736, #1004, #38, .T. ) ;
#241 = LINE ( 'NONE', #1246, #1070 ) ;
#242 = CARTESIAN_POINT ( 'NONE',  ( -30.90694950897686510, 25.00000000000000000, -11.63009191101833828 ) ) ;
#243 = LINE ( 'NONE', #756, #563 ) ;
#244 = VERTEX_POINT ( 'NONE', #687 ) ;
#245 = EDGE_LOOP ( 'NONE', ( #860, #628, #2, #1282, #991, #1142, #1517 ) ) ;
#246 = LINE ( 'NONE', #715, #403 ) ;
#247 = VECTOR ( 'NONE', #1031, 1000.000000000000000 ) ;
#248 = VECTOR ( 'NONE', #1478, 1000.000000000000000 ) ;
#249 = PLANE ( 'NONE',  #139 ) ;
#250 =( NAMED_UNIT ( * ) SI_UNIT ( $, .STERADIAN. ) SOLID_ANGLE_UNIT ( ) );
#251 = ORIENTED_EDGE ( 'NONE', *, *, #976, .F. ) ;
#252 = VECTOR ( 'NONE', #1436, 1000.000000000000000 ) ;
#253 = EDGE_CURVE ( 'NONE', #292, #211, #705, .T. ) ;
#254 = CARTESIAN_POINT ( 'NONE',  ( 13.09426229508196826, 4.000000000000000000, -17.23565573770490289 ) ) ;
#255 = VERTEX_POINT ( 'NONE', #1354 ) ;
#256 = ORIENTED_EDGE ( 'NONE', *, *, #74, .T. ) ;
#257 = DIRECTION ( 'NONE',  ( -0.000000000000000000, 1.000000000000000000, -0.000000000000000000 ) ) ;
#258 = CARTESIAN_POINT ( 'NONE',  ( 1.448768545498869909, 7.000000000000002665, -27.58467360248725697 ) ) ;
#259 = DIRECTION ( 'NONE',  ( -1.000000000000000000, -0.000000000000000000, -0.000000000000000000 ) ) ;
#260 = CARTESIAN_POINT ( 'NONE',  ( 0.000000000000000000, 21.00000000000000000, 0.000000000000000000 ) ) ;
#261 = ADVANCED_FACE ( 'NONE', ( #937 ), #195, .F. ) ;
#262 = ORIENTED_EDGE ( 'NONE', *, *, #197, .F. ) ;
#263 = VECTOR ( 'NONE', #988, 1000.000000000000000 ) ;
#264 = ORIENTED_EDGE ( 'NONE', *, *, #575, .T. ) ;
#265 = DIRECTION ( 'NONE',  ( 0.000000000000000000, 1.000000000000000000, 0.000000000000000000 ) ) ;
#266 = VECTOR ( 'NONE', #140, 1000.000000000000000 ) ;
#267 = DIRECTION ( 'NONE',  ( -0.000000000000000000, 1.000000000000000000, -0.000000000000000000 ) ) ;
#268 = LINE ( 'NONE', #1685, #393 ) ;
#269 = CARTESIAN_POINT ( 'NONE',  ( 1.448768545498868354, 25.00000000000000000, -27.58467360248725697 ) ) ;
#270 = EDGE_CURVE ( 'NONE', #1659, #926, #580, .T. ) ;
#271 = EDGE_LOOP ( 'NONE', ( #32, #785, #827, #374, #1491, #1646 ) ) ;
#272 = EDGE_CURVE ( 'NONE', #604, #383, #1105, .T. ) ;
#273 = DIRECTION ( 'NONE',  ( 0.000000000000000000, 1.000000000000000000, 0.000000000000000000 ) ) ;
#274 = LINE ( 'NONE', #258, #252 ) ;
#275 = ORIENTED_EDGE ( 'NONE', *, *, #1056, .T. ) ;
#276 = CARTESIAN_POINT ( 'NONE',  ( 18.09426229508196471, 25.00000000000000000, -20.23565573770490644 ) ) ;
#277 = CARTESIAN_POINT ( 'NONE',  ( -40.99551915907967015, 25.00000000000000000, -29.23565573770490289 ) ) ;
#278 = ORIENTED_EDGE ( 'NONE', *, *, #1476, .T. ) ;
#279 = CARTESIAN_POINT ( 'NONE',  ( 13.09426229508196826, 21.00000000000000000, -20.23565573770490289 ) ) ;
#280 = LINE ( 'NONE', #1180, #1053 ) ;
#281 = CARTESIAN_POINT ( 'NONE',  ( -138.2900345713180457, 25.00000000000000000, -11.23565573770491177 ) ) ;
#282 = EDGE_CURVE ( 'NONE', #1004, #922, #1472, .T. ) ;
#283 = ORIENTED_EDGE ( 'NONE', *, *, #270, .T. ) ;
#284 = DIRECTION ( 'NONE',  ( 0.000000000000000000, -0.000000000000000000, 1.000000000000000000 ) ) ;
#285 = ORIENTED_EDGE ( 'NONE', *, *, #1656, .F. ) ;
#286 = LINE ( 'NONE', #1323, #562 ) ;
#287 = ADVANCED_FACE ( 'NONE', ( #1006 ), #616, .F. ) ;
#288 = LOCAL_TIME ( 14, 41, 30.00000000000000000, #1617 ) ;
#289 = FACE_OUTER_BOUND ( 'NONE', #271, .T. ) ;
#290 = EDGE_CURVE ( 'NONE', #1163, #1342, #943, .T. ) ;
#291 = CARTESIAN_POINT ( 'NONE',  ( -76.99138327806694804, 7.000000000000002665, -11.88330005488139740 ) ) ;
#292 = VERTEX_POINT ( 'NONE', #625 ) ;
#293 = PLANE ( 'NONE',  #894 ) ;
#294 = DIRECTION ( 'NONE',  ( -0.000000000000000000, 1.000000000000000000, -0.000000000000000000 ) ) ;
#295 = PERSON_AND_ORGANIZATION ( #1162, #61 ) ;
#296 = VECTOR ( 'NONE', #1310, 1000.000000000000000 ) ;
#297 = CARTESIAN_POINT ( 'NONE',  ( 17.35367335134922939, 4.000000000000000000, -20.23565573770486736 ) ) ;
#298 = AXIS2_PLACEMENT_3D ( 'NONE', #1179, #783, #1188 ) ;
#299 = EDGE_CURVE ( 'NONE', #124, #383, #612, .T. ) ;
#300 = AXIS2_PLACEMENT_3D ( 'NONE', #341, #760, #477 ) ;
#301 = EDGE_LOOP ( 'NONE', ( #462, #745, #1172, #1673 ) ) ;
#302 = CARTESIAN_POINT ( 'NONE',  ( -11.67698661686429062, 7.000000000000002665, -29.23565573770491000 ) ) ;
#303 = ORIENTED_EDGE ( 'NONE', *, *, #1124, .F. ) ;
#304 = DIRECTION ( 'NONE',  ( -0.000000000000000000, 0.000000000000000000, -1.000000000000000000 ) ) ;
#305 = COORDINATED_UNIVERSAL_TIME_OFFSET ( 1, 0, .AHEAD. ) ;
#306 = DIRECTION ( 'NONE',  ( -0.5000000000000082157, 0.000000000000000000, 0.8660254037844338226 ) ) ;
#307 = ORIENTED_EDGE ( 'NONE', *, *, #632, .T. ) ;
#308 = EDGE_CURVE ( 'NONE', #1181, #9, #1390, .T. ) ;
#309 = CARTESIAN_POINT ( 'NONE',  ( 10.78486121832345290, 21.00000000000000000, -24.23565573770490644 ) ) ;
#310 = CARTESIAN_POINT ( 'NONE',  ( -11.67698661686429062, 7.000000000000002665, -29.23565573770491000 ) ) ;
#311 = VECTOR ( 'NONE', #128, 1000.000000000000000 ) ;
#312 = DIRECTION ( 'NONE',  ( -1.000000000000000000, 0.000000000000000000, -0.000000000000000000 ) ) ;
#313 = AXIS2_PLACEMENT_3D ( 'NONE', #1192, #1320, #902 ) ;
#314 = EDGE_LOOP ( 'NONE', ( #1451, #1159, #1561, #68, #506, #1306 ) ) ;
#315 = DIRECTION ( 'NONE',  ( 0.000000000000000000, 0.000000000000000000, -1.000000000000000000 ) ) ;
#316 = EDGE_CURVE ( 'NONE', #138, #116, #1131, .T. ) ;
#317 = PLANE ( 'NONE',  #24 ) ;
#318 = DIRECTION ( 'NONE',  ( -0.4999999999999916178, 0.000000000000000000, -0.8660254037844433705 ) ) ;
#319 = AXIS2_PLACEMENT_3D ( 'NONE', #324, #1333, #1226 ) ;
#320 = VECTOR ( 'NONE', #31, 1000.000000000000000 ) ;
#321 = VERTEX_POINT ( 'NONE', #1144 ) ;
#322 = AXIS2_PLACEMENT_3D ( 'NONE', #1542, #889, #1255 ) ;
#323 = CARTESIAN_POINT ( 'NONE',  ( 8.834851238814701802, 0.000000000000000000, -20.23565573770493842 ) ) ;
#324 = CARTESIAN_POINT ( 'NONE',  ( -133.9311356277773939, 7.000000000000002665, -20.23565573770490644 ) ) ;
#325 = CC_DESIGN_PERSON_AND_ORGANIZATION_ASSIGNMENT ( #425, #420, ( #634 ) ) ;
#326 = ADVANCED_FACE ( 'NONE', ( #494 ), #1014, .F. ) ;
#327 = FACE_OUTER_BOUND ( 'NONE', #1297, .T. ) ;
#328 = ORIENTED_EDGE ( 'NONE', *, *, #1013, .T. ) ;
#329 = DIRECTION ( 'NONE',  ( 0.000000000000000000, 0.000000000000000000, -1.000000000000000000 ) ) ;
#330 = VERTEX_POINT ( 'NONE', #350 ) ;
#331 = DIRECTION ( 'NONE',  ( -0.000000000000000000, 1.000000000000000000, -0.000000000000000000 ) ) ;
#332 = FACE_OUTER_BOUND ( 'NONE', #735, .T. ) ;
#333 = ADVANCED_FACE ( 'NONE', ( #1633 ), #1409, .F. ) ;
#334 = AXIS2_PLACEMENT_3D ( 'NONE', #1207, #1100, #1358 ) ;
#335 = LINE ( 'NONE', #1417, #681 ) ;
#336 = ORIENTED_EDGE ( 'NONE', *, *, #622, .T. ) ;
#337 = CARTESIAN_POINT ( 'NONE',  ( 10.96455676694836789, 0.000000000000000000, -23.92441391759268399 ) ) ;
#338 = ORIENTED_EDGE ( 'NONE', *, *, #1230, .T. ) ;
#339 = ORIENTED_EDGE ( 'NONE', *, *, #1372, .F. ) ;
#340 = LINE ( 'NONE', #1397, #1662 ) ;
#341 = CARTESIAN_POINT ( 'NONE',  ( 13.09426229508196826, 36.99999999999999289, -20.23565573770490289 ) ) ;
#342 = DIRECTION ( 'NONE',  ( 0.5000000000000082157, 0.000000000000000000, -0.8660254037844338226 ) ) ;
#343 = ORIENTED_EDGE ( 'NONE', *, *, #1298, .F. ) ;
#344 = DIRECTION ( 'NONE',  ( 0.000000000000000000, 0.000000000000000000, -1.000000000000000000 ) ) ;
#345 = EDGE_LOOP ( 'NONE', ( #649, #864, #624, #1264 ) ) ;
#346 = AXIS2_PLACEMENT_3D ( 'NONE', #1539, #1263, #606 ) ;
#347 = CYLINDRICAL_SURFACE ( 'NONE', #1470, 2.000000000000005329 ) ;
#348 = ORIENTED_EDGE ( 'NONE', *, *, #481, .F. ) ;
#349 = ORIENTED_EDGE ( 'NONE', *, *, #1593, .F. ) ;
#350 = CARTESIAN_POINT ( 'NONE',  ( 1.443538492304889065, 7.000000000000002665, -10.60946258518394636 ) ) ;
#351 = CARTESIAN_POINT ( 'NONE',  ( -42.54848918843766370, 7.000000000000002665, -25.97538430348295790 ) ) ;
#352 = FACE_BOUND ( 'NONE', #1224, .T. ) ;
#353 = UNCERTAINTY_MEASURE_WITH_UNIT (LENGTH_MEASURE( 1.000000000000000082E-05 ), #538, 'distance_accuracy_value', 'NONE');
#354 = LINE ( 'NONE', #873, #1186 ) ;
#355 = EDGE_CURVE ( 'NONE', #614, #1689, #162, .T. ) ;
#356 = CARTESIAN_POINT ( 'NONE',  ( -138.2900345713180457, 7.000000000000002665, -11.23565573770491177 ) ) ;
#357 = VERTEX_POINT ( 'NONE', #227 ) ;
#358 = EDGE_LOOP ( 'NONE', ( #1637, #1521, #725, #949 ) ) ;
#359 = ADVANCED_FACE ( 'NONE', ( #455 ), #747, .T. ) ;
#360 = CARTESIAN_POINT ( 'NONE',  ( 1.443538492304889065, 7.000000000000002665, -12.60946258518394458 ) ) ;
#361 = DIRECTION ( 'NONE',  ( -0.000000000000000000, 1.000000000000000000, -0.000000000000000000 ) ) ;
#362 = PLANE ( 'NONE',  #600 ) ;
#363 = CARTESIAN_POINT ( 'NONE',  ( -29.35397947961891063, 25.00000000000000000, -12.89036334524028327 ) ) ;
#364 = AXIS2_PLACEMENT_3D ( 'NONE', #23, #530, #1301 ) ;
#365 = VERTEX_POINT ( 'NONE', #464 ) ;
#366 = DIRECTION ( 'NONE',  ( -0.000000000000000000, 1.000000000000000000, -0.000000000000000000 ) ) ;
#367 = ORIENTED_EDGE ( 'NONE', *, *, #1237, .T. ) ;
#368 = VERTEX_POINT ( 'NONE', #727 ) ;
#369 = CARTESIAN_POINT ( 'NONE',  ( 3.434707866034867330, 25.00000000000000000, -12.42172733244817451 ) ) ;
#370 = EDGE_CURVE ( 'NONE', #1631, #1046, #340, .T. ) ;
#371 = PLANE ( 'NONE',  #808 ) ;
#372 = DIRECTION ( 'NONE',  ( 0.6301357171109721600, 0.000000000000000000, 0.7764850146789962215 ) ) ;
#373 = DIRECTION ( 'NONE',  ( 0.000000000000000000, 1.000000000000000000, 0.000000000000000000 ) ) ;
#374 = ORIENTED_EDGE ( 'NONE', *, *, #699, .T. ) ;
#375 = ORIENTED_EDGE ( 'NONE', *, *, #1193, .T. ) ;
#376 = DIRECTION ( 'NONE',  ( 1.000000000000000000, 0.000000000000000000, -2.271463352233598737E-16 ) ) ;
#377 = AXIS2_PLACEMENT_3D ( 'NONE', #1681, #501, #800 ) ;
#378 = VECTOR ( 'NONE', #92, 1000.000000000000114 ) ;
#379 = DIRECTION ( 'NONE',  ( -0.000000000000000000, -1.000000000000000000, -0.000000000000000000 ) ) ;
#380 = CYLINDRICAL_SURFACE ( 'NONE', #440, 15.00000000000000000 ) ;
#381 = EDGE_CURVE ( 'NONE', #1096, #895, #134, .T. ) ;
#382 = FACE_OUTER_BOUND ( 'NONE', #1110, .T. ) ;
#383 = VERTEX_POINT ( 'NONE', #1378 ) ;
#384 = ORIENTED_EDGE ( 'NONE', *, *, #956, .T. ) ;
#385 = DIRECTION ( 'NONE',  ( 0.6761778414117567415, 0.000000000000000000, -0.7367384385137898395 ) ) ;
#386 = VERTEX_POINT ( 'NONE', #238 ) ;
#387 = CARTESIAN_POINT ( 'NONE',  ( -136.8905813314196109, -38.00000000000000711, -20.23565573770491000 ) ) ;
#388 = DIRECTION ( 'NONE',  ( 0.000000000000000000, 1.000000000000000000, 0.000000000000000000 ) ) ;
#389 = ORIENTED_EDGE ( 'NONE', *, *, #878, .F. ) ;
#390 = DIRECTION ( 'NONE',  ( -0.000000000000000000, 1.000000000000000000, -0.000000000000000000 ) ) ;
#391 = ADVANCED_FACE ( 'NONE', ( #106 ), #1272, .F. ) ;
#392 = ORIENTED_EDGE ( 'NONE', *, *, #1346, .T. ) ;
#393 = VECTOR ( 'NONE', #925, 1000.000000000000000 ) ;
#394 = LINE ( 'NONE', #913, #1440 ) ;
#395 = VECTOR ( 'NONE', #306, 1000.000000000000227 ) ;
#396 = VERTEX_POINT ( 'NONE', #759 ) ;
#397 = CARTESIAN_POINT ( 'NONE',  ( -64.89152194272590179, 7.000000000000002665, -13.23565573770491000 ) ) ;
#398 =( NAMED_UNIT ( * ) PLANE_ANGLE_UNIT ( ) SI_UNIT ( $, .RADIAN. ) );
#399 = CARTESIAN_POINT ( 'NONE',  ( 15.40366337184045697, 21.00000000000000000, -24.23565573770490644 ) ) ;
#400 = EDGE_LOOP ( 'NONE', ( #167, #83, #130, #199 ) ) ;
#401 = CARTESIAN_POINT ( 'NONE',  ( 18.09426229508196471, 0.000000000000000000, -5.235655737704909996 ) ) ;
#402 = ORIENTED_EDGE ( 'NONE', *, *, #1528, .F. ) ;
#403 = VECTOR ( 'NONE', #76, 1000.000000000000114 ) ;
#404 = CARTESIAN_POINT ( 'NONE',  ( -64.14219653159936740, 7.000000000000002665, -25.88330005488140273 ) ) ;
#405 = LINE ( 'NONE', #637, #1398 ) ;
#406 = VERTEX_POINT ( 'NONE', #983 ) ;
#407 = DIRECTION ( 'NONE',  ( 0.000000000000000000, 0.000000000000000000, 1.000000000000000000 ) ) ;
#408 = ORIENTED_EDGE ( 'NONE', *, *, #764, .F. ) ;
#409 = EDGE_CURVE ( 'NONE', #994, #607, #246, .T. ) ;
#410 = DIRECTION ( 'NONE',  ( 2.271463352233598737E-16, 0.000000000000000000, 1.000000000000000000 ) ) ;
#411 = ADVANCED_FACE ( 'NONE', ( #1513 ), #85, .F. ) ;
#412 = DIRECTION ( 'NONE',  ( 0.8660254037844390407, 0.000000000000000000, 0.4999999999999995004 ) ) ;
#413 = ORIENTED_EDGE ( 'NONE', *, *, #1104, .F. ) ;
#414 = LINE ( 'NONE', #1570, #41 ) ;
#415 = VERTEX_POINT ( 'NONE', #1315 ) ;
#416 = CARTESIAN_POINT ( 'NONE',  ( 4.700209353450793159, 7.000000000000002665, -25.84396832039348979 ) ) ;
#417 = ORIENTED_EDGE ( 'NONE', *, *, #370, .F. ) ;
#418 = CIRCLE ( 'NONE', #1366, 1.999999999999994893 ) ;
#419 = CARTESIAN_POINT ( 'NONE',  ( -40.95977088954332856, 7.000000000000002665, -14.49592717192685498 ) ) ;
#420 = PERSON_AND_ORGANIZATION_ROLE ( 'design_supplier' ) ;
#421 = DIRECTION ( 'NONE',  ( 0.000000000000000000, 0.000000000000000000, 1.000000000000000000 ) ) ;
#422 = EDGE_LOOP ( 'NONE', ( #1628, #1286, #868, #663 ) ) ;
#423 = DIRECTION ( 'NONE',  ( 0.000000000000000000, 0.000000000000000000, 1.000000000000000000 ) ) ;
#424 = DIRECTION ( 'NONE',  ( -0.000000000000000000, 0.000000000000000000, -1.000000000000000000 ) ) ;
#425 = PERSON_AND_ORGANIZATION ( #1162, #61 ) ;
#426 = AXIS2_PLACEMENT_3D ( 'NONE', #1505, #1532, #1522 ) ;
#427 = DIRECTION ( 'NONE',  ( 0.000000000000000000, 0.000000000000000000, 1.000000000000000000 ) ) ;
#428 = EDGE_CURVE ( 'NONE', #1335, #876, #1304, .T. ) ;
#429 = VECTOR ( 'NONE', #1386, 1000.000000000000000 ) ;
#430 = ORIENTED_EDGE ( 'NONE', *, *, #1593, .T. ) ;
#431 = LINE ( 'NONE', #950, #248 ) ;
#432 = DIRECTION ( 'NONE',  ( 0.000000000000000000, 1.000000000000000000, 0.000000000000000000 ) ) ;
#433 = PLANE ( 'NONE',  #1344 ) ;
#434 = EDGE_CURVE ( 'NONE', #415, #704, #776, .T. ) ;
#435 = ORIENTED_EDGE ( 'NONE', *, *, #1161, .T. ) ;
#436 = CARTESIAN_POINT ( 'NONE',  ( 1.443538492304889065, 7.000000000000002665, -12.60946258518394458 ) ) ;
#437 = EDGE_LOOP ( 'NONE', ( #1108, #349, #818, #766 ) ) ;
#438 = PLANE ( 'NONE',  #1079 ) ;
#439 = DIRECTION ( 'NONE',  ( 0.000000000000000000, 0.000000000000000000, 1.000000000000000000 ) ) ;
#440 = AXIS2_PLACEMENT_3D ( 'NONE', #1448, #770, #152 ) ;
#441 = CARTESIAN_POINT ( 'NONE',  ( -136.8905813314196109, -38.00000000000000711, -20.23565573770491000 ) ) ;
#442 = VECTOR ( 'NONE', #1001, 1000.000000000000000 ) ;
#443 = PLANE ( 'NONE',  #1199 ) ;
#444 = APPROVAL ( #1067, 'UNSPECIFIED' ) ;
#445 = CARTESIAN_POINT ( 'NONE',  ( -78.46486015509452727, 7.000000000000002665, -11.23565573770491000 ) ) ;
#446 = EDGE_CURVE ( 'NONE', #1649, #368, #644, .T. ) ;
#447 = DIRECTION ( 'NONE',  ( -0.000000000000000000, -1.000000000000000000, -0.000000000000000000 ) ) ;
#448 = CARTESIAN_POINT ( 'NONE',  ( 8.475460141564953531, 25.00000000000000000, -20.23565573770490644 ) ) ;
#449 = AXIS2_PLACEMENT_3D ( 'NONE', #218, #848, #975 ) ;
#450 = CIRCLE ( 'NONE', #536, 15.00000000000000000 ) ;
#451 = VERTEX_POINT ( 'NONE', #1151 ) ;
#452 = LINE ( 'NONE', #1394, #786 ) ;
#453 = CLOSED_SHELL ( 'NONE', ( #1410, #989, #456, #1680, #359, #1343, #1677, #1465, #1571, #133, #1691, #3, #1222, #261, #82, #1319, #391, #1185, #1336, #866, #1389, #411, #100, #333, #144, #532, #1506, #829, #1266, #205, #287, #513, #1044, #1052, #30, #1455, #37, #1175, #853, #326, #1487, #680, #237, #654, #1357, #1551, #932, #1518, #1425, #919, #1541, #948, #18 ) ) ;
#454 = ORIENTED_EDGE ( 'NONE', *, *, #1476, .F. ) ;
#455 = FACE_OUTER_BOUND ( 'NONE', #641, .T. ) ;
#456 = ADVANCED_FACE ( 'NONE', ( #1573 ), #1690, .F. ) ;
#457 = CARTESIAN_POINT ( 'NONE',  ( 10.78486121832345290, 25.00000000000000000, -24.23565573770490644 ) ) ;
#458 = DIRECTION ( 'NONE',  ( -0.6301357171109720490, 0.000000000000000000, -0.7764850146789962215 ) ) ;
#459 = ORIENTED_EDGE ( 'NONE', *, *, #409, .F. ) ;
#460 = CARTESIAN_POINT ( 'NONE',  ( 17.71306444859895635, 25.00000000000000000, -20.23565573770491000 ) ) ;
#461 = ORIENTED_EDGE ( 'NONE', *, *, #1612, .T. ) ;
#462 = ORIENTED_EDGE ( 'NONE', *, *, #370, .T. ) ;
#463 = EDGE_LOOP ( 'NONE', ( #1651, #303, #1351, #757 ) ) ;
#464 = CARTESIAN_POINT ( 'NONE',  ( -64.14219653159936740, 7.000000000000002665, -25.88330005488140273 ) ) ;
#465 = EDGE_CURVE ( 'NONE', #1427, #821, #450, .T. ) ;
#466 = FACE_OUTER_BOUND ( 'NONE', #63, .T. ) ;
#467 = DIRECTION ( 'NONE',  ( -0.6301357171109722710, 0.000000000000000000, -0.7764850146789961105 ) ) ;
#468 = AXIS2_PLACEMENT_3D ( 'NONE', #496, #1381, #89 ) ;
#469 = CIRCLE ( 'NONE', #1622, 1.999999999999970468 ) ;
#470 = CARTESIAN_POINT ( 'NONE',  ( 2.709039979720813118, 7.000000000000002665, -26.03170357312926342 ) ) ;
#471 = ORIENTED_EDGE ( 'NONE', *, *, #272, .F. ) ;
#472 = DIRECTION ( 'NONE',  ( -0.000000000000000000, 1.000000000000000000, -0.000000000000000000 ) ) ;
#473 = ORIENTED_EDGE ( 'NONE', *, *, #1193, .F. ) ;
#474 = EDGE_LOOP ( 'NONE', ( #1024, #408, #1020, #1683 ) ) ;
#475 = VERTEX_POINT ( 'NONE', #401 ) ;
#476 = DIRECTION ( 'NONE',  ( 0.4999999999999916178, 0.000000000000000000, 0.8660254037844433705 ) ) ;
#477 = DIRECTION ( 'NONE',  ( 0.000000000000000000, 0.000000000000000000, -1.000000000000000000 ) ) ;
#478 = EDGE_CURVE ( 'NONE', #1395, #1169, #1021, .T. ) ;
#479 = CARTESIAN_POINT ( 'NONE',  ( 17.35367335134922939, 4.000000000000000000, -20.23565573770486736 ) ) ;
#480 = LINE ( 'NONE', #620, #442 ) ;
#481 = EDGE_CURVE ( 'NONE', #368, #244, #1057, .T. ) ;
#482 = DIRECTION ( 'NONE',  ( -0.6761778414117567415, 0.000000000000000000, 0.7367384385137898395 ) ) ;
#483 = ORIENTED_EDGE ( 'NONE', *, *, #1619, .F. ) ;
#484 = EDGE_LOOP ( 'NONE', ( #473, #190, #1420, #1364 ) ) ;
#485 = AXIS2_PLACEMENT_3D ( 'NONE', #436, #957, #315 ) ;
#486 = DIRECTION ( 'NONE',  ( 0.000000000000000000, 0.000000000000000000, 1.000000000000000000 ) ) ;
#487 = EDGE_LOOP ( 'NONE', ( #1005, #251, #1531, #93 ) ) ;
#488 = CARTESIAN_POINT ( 'NONE',  ( -11.67698661686429062, 25.00000000000000000, -27.23565573770491000 ) ) ;
#489 = CARTESIAN_POINT ( 'NONE',  ( -53.01448614649312674, 25.00000000000000000, -26.17643591532756631 ) ) ;
#490 = DIRECTION ( 'NONE',  ( 0.000000000000000000, 1.000000000000000000, 0.000000000000000000 ) ) ;
#491 = EDGE_CURVE ( 'NONE', #876, #1335, #921, .T. ) ;
#492 = LINE ( 'NONE', #223, #838 ) ;
#493 = ORIENTED_EDGE ( 'NONE', *, *, #240, .F. ) ;
#494 = FACE_OUTER_BOUND ( 'NONE', #484, .T. ) ;
#495 = DIRECTION ( 'NONE',  ( 0.000000000000000000, 0.000000000000000000, -1.000000000000000000 ) ) ;
#496 = CARTESIAN_POINT ( 'NONE',  ( 0.000000000000000000, 4.000000000000000000, 0.000000000000000000 ) ) ;
#497 = DIRECTION ( 'NONE',  ( -1.000000000000000000, 0.000000000000000000, -9.774441319107797612E-15 ) ) ;
#498 = AXIS2_PLACEMENT_3D ( 'NONE', #1618, #1501, #810 ) ;
#499 = EDGE_LOOP ( 'NONE', ( #974, #413, #579, #702 ) ) ;
#500 = ORIENTED_EDGE ( 'NONE', *, *, #1073, .F. ) ;
#501 = DIRECTION ( 'NONE',  ( 0.000000000000000000, 1.000000000000000000, 0.000000000000000000 ) ) ;
#502 = EDGE_CURVE ( 'NONE', #1564, #1035, #920, .T. ) ;
#503 = DIRECTION ( 'NONE',  ( 1.000000000000000000, 0.000000000000000000, 0.000000000000000000 ) ) ;
#504 = CARTESIAN_POINT ( 'NONE',  ( -78.46486015509452727, 7.000000000000002665, -11.23565573770491000 ) ) ;
#505 = CARTESIAN_POINT ( 'NONE',  ( 15.40366337184045697, 21.00000000000000000, -16.23565573770491000 ) ) ;
#506 = ORIENTED_EDGE ( 'NONE', *, *, #1399, .F. ) ;
#507 = EDGE_LOOP ( 'NONE', ( #1041, #1063, #955, #1426 ) ) ;
#508 = VECTOR ( 'NONE', #831, 1000.000000000000000 ) ;
#509 = EDGE_CURVE ( 'NONE', #1395, #724, #1219, .T. ) ;
#510 = DIRECTION ( 'NONE',  ( 0.000000000000000000, 0.000000000000000000, 1.000000000000000000 ) ) ;
#511 = AXIS2_PLACEMENT_3D ( 'NONE', #1533, #98, #608 ) ;
#512 = CARTESIAN_POINT ( 'NONE',  ( -78.46486015509451306, 7.000000000000002665, -13.23565573770491000 ) ) ;
#513 = ADVANCED_FACE ( 'NONE', ( #1548 ), #1585, .F. ) ;
#514 = DIRECTION ( 'NONE',  ( 0.000000000000000000, 0.000000000000000000, 1.000000000000000000 ) ) ;
#515 = CARTESIAN_POINT ( 'NONE',  ( -76.99138327806694804, 7.000000000000002665, -11.88330005488139740 ) ) ;
#516 = ORIENTED_EDGE ( 'NONE', *, *, #1113, .F. ) ;
#517 = CARTESIAN_POINT ( 'NONE',  ( 10.78486121832345290, 25.00000000000000000, -24.23565573770490644 ) ) ;
#518 = ORIENTED_EDGE ( 'NONE', *, *, #478, .F. ) ;
#519 = PLANE ( 'NONE',  #539 ) ;
#520 = CARTESIAN_POINT ( 'NONE',  ( 15.40366337184045697, 21.00000000000000000, -24.23565573770490644 ) ) ;
#521 = EDGE_LOOP ( 'NONE', ( #1537, #121, #226, #1249 ) ) ;
#522 = EDGE_CURVE ( 'NONE', #1103, #21, #286, .T. ) ;
#523 = CYLINDRICAL_SURFACE ( 'NONE', #1123, 9.999999999999991118 ) ;
#524 = ORIENTED_EDGE ( 'NONE', *, *, #1623, .T. ) ;
#525 = VECTOR ( 'NONE', #1317, 1000.000000000000000 ) ;
#526 = LINE ( 'NONE', #302, #1055 ) ;
#527 = VECTOR ( 'NONE', #155, 999.9999999999998863 ) ;
#528 = EDGE_LOOP ( 'NONE', ( #131, #762, #42, #982 ) ) ;
#529 = PLANE ( 'NONE',  #1026 ) ;
#530 = DIRECTION ( 'NONE',  ( -0.000000000000000000, 0.000000000000000000, 1.000000000000000000 ) ) ;
#531 = CARTESIAN_POINT ( 'NONE',  ( 10.78486121832345290, 21.00000000000000000, -24.23565573770490644 ) ) ;
#532 = ADVANCED_FACE ( 'NONE', ( #1 ), #158, .F. ) ;
#533 = ORIENTED_EDGE ( 'NONE', *, *, #509, .T. ) ;
#534 = DIRECTION ( 'NONE',  ( -0.000000000000000000, 1.000000000000000000, -0.000000000000000000 ) ) ;
#535 = VECTOR ( 'NONE', #996, 1000.000000000000114 ) ;
#536 = AXIS2_PLACEMENT_3D ( 'NONE', #1160, #1557, #1047 ) ;
#537 = PLANE ( 'NONE',  #1218 ) ;
#538 =( LENGTH_UNIT ( ) NAMED_UNIT ( * ) SI_UNIT ( .MILLI., .METRE. ) );
#539 = AXIS2_PLACEMENT_3D ( 'NONE', #636, #1575, #1040 ) ;
#540 = CARTESIAN_POINT ( 'NONE',  ( -64.89152194272590179, 25.00000000000000000, -11.23565573770491177 ) ) ;
#541 = ORIENTED_EDGE ( 'NONE', *, *, #56, .F. ) ;
#542 = EDGE_CURVE ( 'NONE', #623, #396, #125, .T. ) ;
#543 = DIRECTION ( 'NONE',  ( 0.4999999999999916178, 0.000000000000000000, 0.8660254037844433705 ) ) ;
#544 = CARTESIAN_POINT ( 'NONE',  ( -13.83052238365862507, 25.00000000000000000, -10.60946258518394281 ) ) ;
#545 = CARTESIAN_POINT ( 'NONE',  ( -136.8905813314196109, 0.000000000000000000, -18.23565573770491355 ) ) ;
#546 = EDGE_LOOP ( 'NONE', ( #685, #1032, #1678, #278 ) ) ;
#547 = DIRECTION ( 'NONE',  ( 0.000000000000000000, 1.000000000000000000, 0.000000000000000000 ) ) ;
#548 = VECTOR ( 'NONE', #34, 1000.000000000000114 ) ;
#549 = VECTOR ( 'NONE', #147, 1000.000000000000227 ) ;
#550 = DIRECTION ( 'NONE',  ( -0.000000000000000000, 1.000000000000000000, -0.000000000000000000 ) ) ;
#551 = APPLICATION_PROTOCOL_DEFINITION ( 'international standard', 'config_control_design', 1994, #1606 ) ;
#552 = EDGE_CURVE ( 'NONE', #1477, #594, #1173, .T. ) ;
#553 = CARTESIAN_POINT ( 'NONE',  ( 13.09426229508196826, 36.99999999999999289, -23.23565573770490289 ) ) ;
#554 = ORIENTED_EDGE ( 'NONE', *, *, #843, .T. ) ;
#555 = DIRECTION ( 'NONE',  ( 0.000000000000000000, 1.000000000000000000, 0.000000000000000000 ) ) ;
#556 = ORIENTED_EDGE ( 'NONE', *, *, #1485, .T. ) ;
#557 = EDGE_CURVE ( 'NONE', #711, #1181, #394, .T. ) ;
#558 = LINE ( 'NONE', #1081, #832 ) ;
#559 = AXIS2_PLACEMENT_3D ( 'NONE', #1368, #1254, #207 ) ;
#560 = EDGE_CURVE ( 'NONE', #415, #1374, #692, .T. ) ;
#561 = PLANE ( 'NONE',  #232 ) ;
#562 = VECTOR ( 'NONE', #1290, 1000.000000000000000 ) ;
#563 = VECTOR ( 'NONE', #1280, 1000.000000000000000 ) ;
#564 = VERTEX_POINT ( 'NONE', #10 ) ;
#565 = DIRECTION ( 'NONE',  ( 0.000000000000000000, 0.000000000000000000, -1.000000000000000000 ) ) ;
#566 = CARTESIAN_POINT ( 'NONE',  ( -65.61567340862694664, 25.00000000000000000, -27.23565573770491000 ) ) ;
#567 = DATE_AND_TIME ( #824, #288 ) ;
#568 = DIRECTION ( 'NONE',  ( -0.000000000000000000, 1.000000000000000000, -0.000000000000000000 ) ) ;
#569 = EDGE_CURVE ( 'NONE', #903, #1471, #526, .T. ) ;
#570 = ORIENTED_EDGE ( 'NONE', *, *, #985, .T. ) ;
#571 = EDGE_CURVE ( 'NONE', #1046, #406, #665, .T. ) ;
#572 = LINE ( 'NONE', #182, #968 ) ;
#573 = DIRECTION ( 'NONE',  ( 0.7764850146789961105, 0.000000000000000000, -0.6301357171109722710 ) ) ;
#574 = DIRECTION ( 'NONE',  ( 0.000000000000000000, 0.000000000000000000, -1.000000000000000000 ) ) ;
#575 = EDGE_CURVE ( 'NONE', #1187, #1449, #1597, .T. ) ;
#576 = ORIENTED_EDGE ( 'NONE', *, *, #446, .F. ) ;
#577 = EDGE_CURVE ( 'NONE', #724, #1395, #1630, .T. ) ;
#578 = DIRECTION ( 'NONE',  ( -1.000000000000000000, -0.000000000000000000, -0.000000000000000000 ) ) ;
#579 = ORIENTED_EDGE ( 'NONE', *, *, #811, .F. ) ;
#580 = LINE ( 'NONE', #1462, #1466 ) ;
#581 = LINE ( 'NONE', #1275, #263 ) ;
#582 = CIRCLE ( 'NONE', #837, 1.999999999999998224 ) ;
#583 = ORIENTED_EDGE ( 'NONE', *, *, #156, .F. ) ;
#584 = CARTESIAN_POINT ( 'NONE',  ( -29.35397947961891063, 7.000000000000002665, -12.89036334524028327 ) ) ;
#585 = VERTEX_POINT ( 'NONE', #445 ) ;
#586 = ORIENTED_EDGE ( 'NONE', *, *, #542, .T. ) ;
#587 = DIRECTION ( 'NONE',  ( 0.000000000000000000, 1.000000000000000000, -0.000000000000000000 ) ) ;
#588 = DIRECTION ( 'NONE',  ( 0.000000000000000000, 1.000000000000000000, 0.000000000000000000 ) ) ;
#589 = CARTESIAN_POINT ( 'NONE',  ( -64.89152194272590179, 7.000000000000002665, -11.23565573770491177 ) ) ;
#590 = LINE ( 'NONE', #611, #1029 ) ;
#591 = ORIENTED_EDGE ( 'NONE', *, *, #577, .F. ) ;
#592 = CARTESIAN_POINT ( 'NONE',  ( -15.09079381788057006, 25.00000000000000000, -14.16243261454193814 ) ) ;
#593 = ORIENTED_EDGE ( 'NONE', *, *, #7, .T. ) ;
#594 = VERTEX_POINT ( 'NONE', #1469 ) ;
#595 = EDGE_CURVE ( 'NONE', #903, #614, #678, .T. ) ;
#596 = CARTESIAN_POINT ( 'NONE',  ( -76.99138327806694804, 7.000000000000002665, -11.88330005488139740 ) ) ;
#597 = CARTESIAN_POINT ( 'NONE',  ( 10.96455676694836789, 4.000000000000000000, -23.92441391759268399 ) ) ;
#598 = EDGE_CURVE ( 'NONE', #886, #1696, #964, .T. ) ;
#599 = CARTESIAN_POINT ( 'NONE',  ( -40.95977088954332856, 25.00000000000000000, -14.49592717192685498 ) ) ;
#600 = AXIS2_PLACEMENT_3D ( 'NONE', #706, #67, #372 ) ;
#601 = AXIS2_PLACEMENT_3D ( 'NONE', #836, #421, #188 ) ;
#602 = CARTESIAN_POINT ( 'NONE',  ( 15.40366337184045697, 25.00000000000000000, -24.23565573770490644 ) ) ;
#603 = DIRECTION ( 'NONE',  ( 0.000000000000000000, 0.000000000000000000, -1.000000000000000000 ) ) ;
#604 = VERTEX_POINT ( 'NONE', #820 ) ;
#605 = ORIENTED_EDGE ( 'NONE', *, *, #1083, .F. ) ;
#606 = DIRECTION ( 'NONE',  ( 0.000000000000000000, 0.000000000000000000, -1.000000000000000000 ) ) ;
#607 = VERTEX_POINT ( 'NONE', #416 ) ;
#608 = DIRECTION ( 'NONE',  ( 0.000000000000000000, 0.000000000000000000, -1.000000000000000000 ) ) ;
#609 = CARTESIAN_POINT ( 'NONE',  ( -133.9311356277773939, 25.00000000000000000, -20.23565573770490644 ) ) ;
#610 = EDGE_CURVE ( 'NONE', #365, #731, #582, .T. ) ;
#611 = CARTESIAN_POINT ( 'NONE',  ( -40.95977088954332856, 7.000000000000002665, -14.49592717192685498 ) ) ;
#612 = CIRCLE ( 'NONE', #999, 2.000000000000001776 ) ;
#613 = CARTESIAN_POINT ( 'NONE',  ( -42.51274091890132212, 7.000000000000002665, -11.23565573770490822 ) ) ;
#614 = VERTEX_POINT ( 'NONE', #1337 ) ;
#615 = ORIENTED_EDGE ( 'NONE', *, *, #502, .F. ) ;
#616 = CYLINDRICAL_SURFACE ( 'NONE', #1692, 1.999999999999998224 ) ;
#617 = CARTESIAN_POINT ( 'NONE',  ( 15.22396782321556330, 4.000000000000000000, -16.54689755781712890 ) ) ;
#618 = PLANE ( 'NONE',  #1595 ) ;
#619 = EDGE_CURVE ( 'NONE', #396, #292, #36, .T. ) ;
#620 = CARTESIAN_POINT ( 'NONE',  ( -30.90694950897686510, 7.000000000000002665, -11.63009191101833828 ) ) ;
#621 = DIRECTION ( 'NONE',  ( 0.6301357171109711608, 0.000000000000000000, 0.7764850146789968877 ) ) ;
#622 = EDGE_CURVE ( 'NONE', #731, #1387, #1064, .T. ) ;
#623 = VERTEX_POINT ( 'NONE', #309 ) ;
#624 = ORIENTED_EDGE ( 'NONE', *, *, #782, .F. ) ;
#625 = CARTESIAN_POINT ( 'NONE',  ( 10.78486121832345646, 21.00000000000000000, -16.23565573770491000 ) ) ;
#626 = CARTESIAN_POINT ( 'NONE',  ( -141.9057377049180388, 25.00000000000000000, -5.235655737704909996 ) ) ;
#627 = DIRECTION ( 'NONE',  ( -0.000000000000000000, 1.000000000000000000, -0.000000000000000000 ) ) ;
#628 = ORIENTED_EDGE ( 'NONE', *, *, #595, .T. ) ;
#629 = DIRECTION ( 'NONE',  ( 0.000000000000000000, 0.000000000000000000, 1.000000000000000000 ) ) ;
#630 = ORIENTED_EDGE ( 'NONE', *, *, #197, .T. ) ;
#631 = ORIENTED_EDGE ( 'NONE', *, *, #939, .T. ) ;
#632 = EDGE_CURVE ( 'NONE', #926, #1187, #1590, .T. ) ;
#633 = DIRECTION ( 'NONE',  ( -0.4999999999999994449, 0.000000000000000000, 0.8660254037844389297 ) ) ;
#634 = PRODUCT_DEFINITION_FORMATION_WITH_SPECIFIED_SOURCE ( 'ANY', '', #973, .NOT_KNOWN. ) ;
#635 = ORIENTED_EDGE ( 'NONE', *, *, #748, .T. ) ;
#636 = CARTESIAN_POINT ( 'NONE',  ( 1.443538492304889065, 7.000000000000002665, -12.60946258518394458 ) ) ;
#637 = CARTESIAN_POINT ( 'NONE',  ( 15.22396782321556330, 4.000000000000000000, -16.54689755781712890 ) ) ;
#638 = ORIENTED_EDGE ( 'NONE', *, *, #434, .T. ) ;
#639 = CARTESIAN_POINT ( 'NONE',  ( -11.67698661686429062, 7.000000000000002665, -27.23565573770491000 ) ) ;
#640 = EDGE_LOOP ( 'NONE', ( #966, #402, #1019, #430 ) ) ;
#641 = EDGE_LOOP ( 'NONE', ( #384, #1059, #1143, #694 ) ) ;
#642 = AXIS2_PLACEMENT_3D ( 'NONE', #1641, #870, #1112 ) ;
#643 = CARTESIAN_POINT ( 'NONE',  ( -138.2900345713180457, 7.000000000000002665, -29.23565573770490289 ) ) ;
#644 = CIRCLE ( 'NONE', #72, 1.999999999999994893 ) ;
#645 = EDGE_CURVE ( 'NONE', #1471, #1314, #572, .T. ) ;
#646 = VECTOR ( 'NONE', #503, 1000.000000000000000 ) ;
#647 = PLANE ( 'NONE',  #1136 ) ;
#648 = LINE ( 'NONE', #291, #527 ) ;
#649 = ORIENTED_EDGE ( 'NONE', *, *, #1600, .T. ) ;
#650 = DIRECTION ( 'NONE',  ( 0.000000000000000000, 0.000000000000000000, 1.000000000000000000 ) ) ;
#651 = EDGE_CURVE ( 'NONE', #724, #80, #1211, .T. ) ;
#652 = CARTESIAN_POINT ( 'NONE',  ( -42.51274091890132212, 25.00000000000000000, -11.23565573770490822 ) ) ;
#653 = FACE_OUTER_BOUND ( 'NONE', #640, .T. ) ;
#654 = ADVANCED_FACE ( 'NONE', ( #1460 ), #293, .T. ) ;
#655 = DIRECTION ( 'NONE',  ( -0.000000000000000000, 1.000000000000000000, -0.000000000000000000 ) ) ;
#656 = EDGE_LOOP ( 'NONE', ( #1236, #733, #1111, #1291 ) ) ;
#657 = CARTESIAN_POINT ( 'NONE',  ( -54.48796302352070597, 7.000000000000002665, -27.52879159815107357 ) ) ;
#658 = VECTOR ( 'NONE', #1147, 1000.000000000000000 ) ;
#659 = CARTESIAN_POINT ( 'NONE',  ( 3.434707866034867330, 7.000000000000002665, -12.42172733244817451 ) ) ;
#660 = FACE_BOUND ( 'NONE', #314, .T. ) ;
#661 = FACE_OUTER_BOUND ( 'NONE', #301, .T. ) ;
#662 = EDGE_CURVE ( 'NONE', #1314, #222, #164, .T. ) ;
#663 = ORIENTED_EDGE ( 'NONE', *, *, #272, .T. ) ;
#664 = DIRECTION ( 'NONE',  ( -0.000000000000000000, 1.000000000000000000, -0.000000000000000000 ) ) ;
#665 = CIRCLE ( 'NONE', #1495, 1.999999999999998224 ) ;
#666 = DIRECTION ( 'NONE',  ( -0.000000000000000000, 1.000000000000000000, -0.000000000000000000 ) ) ;
#667 = CALENDAR_DATE ( 2025, 1, 5 ) ;
#668 = AXIS2_PLACEMENT_3D ( 'NONE', #584, #885, #1638 ) ;
#669 = CIRCLE ( 'NONE', #1634, 2.000000000000005329 ) ;
#670 = DIRECTION ( 'NONE',  ( 0.5000000000000004441, 0.000000000000000000, 0.8660254037844384856 ) ) ;
#671 = ORIENTED_EDGE ( 'NONE', *, *, #478, .T. ) ;
#672 = EDGE_CURVE ( 'NONE', #714, #711, #174, .T. ) ;
#673 = CARTESIAN_POINT ( 'NONE',  ( -78.46486015509451306, 25.00000000000000000, -13.23565573770491000 ) ) ;
#674 = DIRECTION ( 'NONE',  ( -0.7764850146789963325, 0.000000000000000000, 0.6301357171109720490 ) ) ;
#675 = CALENDAR_DATE ( 2025, 1, 5 ) ;
#676 = CARTESIAN_POINT ( 'NONE',  ( -13.83052238365862507, 7.000000000000002665, -10.60946258518394281 ) ) ;
#677 = ORIENTED_EDGE ( 'NONE', *, *, #110, .T. ) ;
#678 = LINE ( 'NONE', #1352, #26 ) ;
#679 = CIRCLE ( 'NONE', #1647, 9.999999999999991118 ) ;
#680 = ADVANCED_FACE ( 'NONE', ( #1360 ), #1078, .F. ) ;
#681 = VECTOR ( 'NONE', #90, 1000.000000000000114 ) ;
#682 = DIRECTION ( 'NONE',  ( -0.6301357171109722710, 0.000000000000000000, -0.7764850146789961105 ) ) ;
#683 = APPROVAL_ROLE ( '' ) ;
#684 = DIRECTION ( 'NONE',  ( -0.8660254037844344888, 0.000000000000000000, -0.5000000000000074385 ) ) ;
#685 = ORIENTED_EDGE ( 'NONE', *, *, #1083, .T. ) ;
#686 = CARTESIAN_POINT ( 'NONE',  ( -136.8905813314196109, -38.00000000000000711, -22.23565573770490289 ) ) ;
#687 = CARTESIAN_POINT ( 'NONE',  ( -54.48796302352071308, 25.00000000000000000, -27.52879159815108068 ) ) ;
#688 = CC_DESIGN_PERSON_AND_ORGANIZATION_ASSIGNMENT ( #1480, #186, ( #634 ) ) ;
#689 = SECURITY_CLASSIFICATION_LEVEL ( 'unclassified' ) ;
#690 = CIRCLE ( 'NONE', #319, 9.999999999999991118 ) ;
#691 = CARTESIAN_POINT ( 'NONE',  ( 17.35367335134922939, 0.000000000000000000, -20.23565573770486736 ) ) ;
#692 = CIRCLE ( 'NONE', #1195, 2.000000000000001776 ) ;
#693 = CIRCLE ( 'NONE', #165, 1.999999999999970468 ) ;
#694 = ORIENTED_EDGE ( 'NONE', *, *, #1124, .T. ) ;
#695 = DIRECTION ( 'NONE',  ( 0.000000000000000000, 0.000000000000000000, 1.000000000000000000 ) ) ;
#696 = VERTEX_POINT ( 'NONE', #1196 ) ;
#697 = CARTESIAN_POINT ( 'NONE',  ( 15.40366337184045697, 21.00000000000000000, -24.23565573770490644 ) ) ;
#698 = APPLICATION_PROTOCOL_DEFINITION ( 'international standard', 'config_control_design', 1994, #1170 ) ;
#699 = EDGE_CURVE ( 'NONE', #731, #1564, #431, .T. ) ;
#700 = DIRECTION ( 'NONE',  ( 0.9955846868649894654, 0.000000000000000000, 0.09386762636788502367 ) ) ;
#701 = EDGE_CURVE ( 'NONE', #330, #994, #75, .T. ) ;
#702 = ORIENTED_EDGE ( 'NONE', *, *, #965, .T. ) ;
#703 = CARTESIAN_POINT ( 'NONE',  ( 10.96455676694829506, 4.000000000000000000, -16.54689755781716798 ) ) ;
#704 = VERTEX_POINT ( 'NONE', #592 ) ;
#705 = LINE ( 'NONE', #960, #508 ) ;
#706 = CARTESIAN_POINT ( 'NONE',  ( -42.54848918843766370, 7.000000000000002665, -25.97538430348295790 ) ) ;
#707 = EDGE_CURVE ( 'NONE', #758, #124, #102, .T. ) ;
#708 = VERTEX_POINT ( 'NONE', #1102 ) ;
#709 = MANIFOLD_SOLID_BREP ( 'Enlèv. mat.-Extru.8', #453 ) ;
#710 = LINE ( 'NONE', #723, #1632 ) ;
#711 = VERTEX_POINT ( 'NONE', #337 ) ;
#712 = ORIENTED_EDGE ( 'NONE', *, *, #699, .F. ) ;
#713 = ORIENTED_EDGE ( 'NONE', *, *, #1499, .F. ) ;
#714 = VERTEX_POINT ( 'NONE', #972 ) ;
#715 = CARTESIAN_POINT ( 'NONE',  ( 3.434707866034867330, 7.000000000000002665, -12.42172733244817451 ) ) ;
#716 = DIRECTION ( 'NONE',  ( 0.000000000000000000, 0.000000000000000000, 1.000000000000000000 ) ) ;
#717 = CARTESIAN_POINT ( 'NONE',  ( -138.2900345713180457, 7.000000000000002665, -29.23565573770490289 ) ) ;
#718 = VECTOR ( 'NONE', #294, 1000.000000000000000 ) ;
#719 = CARTESIAN_POINT ( 'NONE',  ( -141.9057377049180388, 0.000000000000000000, -20.23565573770491000 ) ) ;
#720 = ORIENTED_EDGE ( 'NONE', *, *, #308, .F. ) ;
#721 = CIRCLE ( 'NONE', #1084, 2.000000000000001776 ) ;
#722 = ORIENTED_EDGE ( 'NONE', *, *, #651, .T. ) ;
#723 = CARTESIAN_POINT ( 'NONE',  ( -40.99551915907967015, 7.000000000000002665, -29.23565573770490289 ) ) ;
#724 = VERTEX_POINT ( 'NONE', #1629 ) ;
#725 = ORIENTED_EDGE ( 'NONE', *, *, #1214, .F. ) ;
#726 = EDGE_CURVE ( 'NONE', #321, #475, #846, .T. ) ;
#727 = CARTESIAN_POINT ( 'NONE',  ( -54.48796302352070597, 7.000000000000002665, -27.52879159815107357 ) ) ;
#728 = VERTEX_POINT ( 'NONE', #1231 ) ;
#729 = CARTESIAN_POINT ( 'NONE',  ( -76.99138327806694804, 25.00000000000000000, -11.88330005488139740 ) ) ;
#730 = LINE ( 'NONE', #1146, #1482 ) ;
#731 = VERTEX_POINT ( 'NONE', #1648 ) ;
#732 = DIRECTION ( 'NONE',  ( -0.7764850146789962215, 0.000000000000000000, 0.6301357171109720490 ) ) ;
#733 = ORIENTED_EDGE ( 'NONE', *, *, #985, .F. ) ;
#734 = CARTESIAN_POINT ( 'NONE',  ( -42.51274091890132212, 7.000000000000002665, -11.23565573770490822 ) ) ;
#735 = EDGE_LOOP ( 'NONE', ( #283, #307, #264, #216, #768, #593 ) ) ;
#736 = VERTEX_POINT ( 'NONE', #1503 ) ;
#737 = CARTESIAN_POINT ( 'NONE',  ( -53.01448614649312674, 7.000000000000002665, -26.17643591532756631 ) ) ;
#738 = EDGE_CURVE ( 'NONE', #357, #1631, #70, .T. ) ;
#739 = CARTESIAN_POINT ( 'NONE',  ( 10.96455676694836789, 4.000000000000000000, -23.92441391759268399 ) ) ;
#740 = PLANE ( 'NONE',  #1682 ) ;
#741 = AXIS2_PLACEMENT_3D ( 'NONE', #276, #388, #1431 ) ;
#742 = AXIS2_PLACEMENT_3D ( 'NONE', #531, #1303, #129 ) ;
#743 = DIRECTION ( 'NONE',  ( 0.000000000000000000, 0.000000000000000000, -1.000000000000000000 ) ) ;
#744 = CARTESIAN_POINT ( 'NONE',  ( -141.9057377049180388, 0.000000000000000000, -5.235655737704909996 ) ) ;
#745 = ORIENTED_EDGE ( 'NONE', *, *, #1623, .F. ) ;
#746 = ORIENTED_EDGE ( 'NONE', *, *, #28, .F. ) ;
#747 = CYLINDRICAL_SURFACE ( 'NONE', #449, 14.99999999999999645 ) ;
#748 = EDGE_CURVE ( 'NONE', #614, #1314, #710, .T. ) ;
#749 = CARTESIAN_POINT ( 'NONE',  ( 13.09426229508196826, 4.000000000000000000, -23.23565573770490289 ) ) ;
#750 = CARTESIAN_POINT ( 'NONE',  ( -11.67698661686429240, 25.00000000000000000, -29.23565573770491000 ) ) ;
#751 = ORIENTED_EDGE ( 'NONE', *, *, #1385, .T. ) ;
#752 = ORIENTED_EDGE ( 'NONE', *, *, #166, .T. ) ;
#753 = EDGE_CURVE ( 'NONE', #1427, #914, #1109, .T. ) ;
#754 = CYLINDRICAL_SURFACE ( 'NONE', #1171, 2.000000000000001776 ) ;
#755 = VECTOR ( 'NONE', #550, 1000.000000000000000 ) ;
#756 = CARTESIAN_POINT ( 'NONE',  ( 15.22396782321563968, 4.000000000000000000, -23.92441391759263780 ) ) ;
#757 = ORIENTED_EDGE ( 'NONE', *, *, #819, .T. ) ;
#758 = VERTEX_POINT ( 'NONE', #613 ) ;
#759 = CARTESIAN_POINT ( 'NONE',  ( 8.475460141564953531, 21.00000000000000000, -20.23565573770490644 ) ) ;
#760 = DIRECTION ( 'NONE',  ( -0.000000000000000000, -1.000000000000000000, -0.000000000000000000 ) ) ;
#761 = DIRECTION ( 'NONE',  ( -0.000000000000000000, -1.000000000000000000, -0.000000000000000000 ) ) ;
#762 = ORIENTED_EDGE ( 'NONE', *, *, #819, .F. ) ;
#763 = CARTESIAN_POINT ( 'NONE',  ( 18.09426229508196471, 25.00000000000000000, -35.23565573770491000 ) ) ;
#764 = EDGE_CURVE ( 'NONE', #1696, #1094, #452, .T. ) ;
#765 = ORIENTED_EDGE ( 'NONE', *, *, #861, .F. ) ;
#766 = ORIENTED_EDGE ( 'NONE', *, *, #1656, .T. ) ;
#767 = CARTESIAN_POINT ( 'NONE',  ( -15.09079381788057006, 7.000000000000002665, -14.16243261454193814 ) ) ;
#768 = ORIENTED_EDGE ( 'NONE', *, *, #1134, .T. ) ;
#769 = FACE_BOUND ( 'NONE', #1446, .T. ) ;
#770 = DIRECTION ( 'NONE',  ( -0.000000000000000000, -1.000000000000000000, -0.000000000000000000 ) ) ;
#771 = DIRECTION ( 'NONE',  ( 0.000000000000000000, 1.000000000000000000, 0.000000000000000000 ) ) ;
#772 = VECTOR ( 'NONE', #1184, 1000.000000000000000 ) ;
#773 = APPROVAL ( #39, 'UNSPECIFIED' ) ;
#774 = EDGE_LOOP ( 'NONE', ( #516, #839 ) ) ;
#775 = ORIENTED_EDGE ( 'NONE', *, *, #619, .T. ) ;
#776 = LINE ( 'NONE', #767, #247 ) ;
#777 = LOCAL_TIME ( 14, 41, 30.00000000000000000, #54 ) ;
#778 = CARTESIAN_POINT ( 'NONE',  ( 17.35367335134922939, 4.000000000000000000, -20.23565573770486736 ) ) ;
#779 = LINE ( 'NONE', #120, #1043 ) ;
#780 = CARTESIAN_POINT ( 'NONE',  ( 15.22396782321563968, 4.000000000000000000, -23.92441391759263780 ) ) ;
#781 = ORIENTED_EDGE ( 'NONE', *, *, #1442, .F. ) ;
#782 = EDGE_CURVE ( 'NONE', #1103, #1427, #233, .T. ) ;
#783 = DIRECTION ( 'NONE',  ( 0.000000000000000000, 1.000000000000000000, 0.000000000000000000 ) ) ;
#784 = EDGE_CURVE ( 'NONE', #80, #1169, #51, .T. ) ;
#785 = ORIENTED_EDGE ( 'NONE', *, *, #1214, .T. ) ;
#786 = VECTOR ( 'NONE', #366, 1000.000000000000000 ) ;
#787 = DIRECTION ( 'NONE',  ( 1.000000000000000000, 0.000000000000000000, 0.000000000000000000 ) ) ;
#788 = EDGE_LOOP ( 'NONE', ( #204, #1239, #343, #1608 ) ) ;
#789 = CARTESIAN_POINT ( 'NONE',  ( -54.48796302352070597, 25.00000000000000000, -27.52879159815107357 ) ) ;
#790 = PLANE ( 'NONE',  #94 ) ;
#791 = ORIENTED_EDGE ( 'NONE', *, *, #290, .F. ) ;
#792 = DIRECTION ( 'NONE',  ( 0.000000000000000000, 0.000000000000000000, 1.000000000000000000 ) ) ;
#793 = ORIENTED_EDGE ( 'NONE', *, *, #560, .F. ) ;
#794 = LINE ( 'NONE', #404, #1549 ) ;
#795 = EDGE_CURVE ( 'NONE', #255, #1302, #1553, .T. ) ;
#796 = LINE ( 'NONE', #1437, #1566 ) ;
#797 = FACE_OUTER_BOUND ( 'NONE', #345, .T. ) ;
#798 = EDGE_LOOP ( 'NONE', ( #73, #1281, #671, #1332 ) ) ;
#799 = AXIS2_PLACEMENT_3D ( 'NONE', #938, #439, #1610 ) ;
#800 = DIRECTION ( 'NONE',  ( 0.000000000000000000, 0.000000000000000000, 1.000000000000000000 ) ) ;
#801 = DIRECTION ( 'NONE',  ( 0.000000000000000000, 0.000000000000000000, 1.000000000000000000 ) ) ;
#802 = APPROVAL_PERSON_ORGANIZATION ( #196, #444, #1082 ) ;
#803 = PLANE ( 'NONE',  #1210 ) ;
#804 = EDGE_CURVE ( 'NONE', #922, #1094, #1250, .T. ) ;
#805 = VERTEX_POINT ( 'NONE', #1519 ) ;
#806 = CARTESIAN_POINT ( 'NONE',  ( 8.475460141564953531, 21.00000000000000000, -20.23565573770490644 ) ) ;
#807 = CARTESIAN_POINT ( 'NONE',  ( 13.09426229508196826, 36.99999999999999289, -17.23565573770490289 ) ) ;
#808 = AXIS2_PLACEMENT_3D ( 'NONE', #109, #987, #239 ) ;
#809 = EDGE_CURVE ( 'NONE', #451, #52, #1536, .T. ) ;
#810 = DIRECTION ( 'NONE',  ( 0.000000000000000000, 0.000000000000000000, 1.000000000000000000 ) ) ;
#811 = EDGE_CURVE ( 'NONE', #1689, #255, #200, .T. ) ;
#812 = ORIENTED_EDGE ( 'NONE', *, *, #809, .T. ) ;
#813 = DIRECTION ( 'NONE',  ( -0.4999999999999997780, 0.000000000000000000, -0.8660254037844388186 ) ) ;
#814 = EDGE_LOOP ( 'NONE', ( #887, #1461, #215, #483, #1582, #11 ) ) ;
#815 = CARTESIAN_POINT ( 'NONE',  ( -53.01448614649312674, 7.000000000000002665, -26.17643591532756631 ) ) ;
#816 = APPROVAL_DATE_TIME ( #1201, #1538 ) ;
#817 = CARTESIAN_POINT ( 'NONE',  ( -141.9057377049180388, 25.00000000000000000, -35.23565573770491000 ) ) ;
#818 = ORIENTED_EDGE ( 'NONE', *, *, #619, .F. ) ;
#819 = EDGE_CURVE ( 'NONE', #821, #321, #492, .T. ) ;
#820 = CARTESIAN_POINT ( 'NONE',  ( -40.95977088954332856, 7.000000000000002665, -14.49592717192685498 ) ) ;
#821 = VERTEX_POINT ( 'NONE', #81 ) ;
#822 = VECTOR ( 'NONE', #1464, 1000.000000000000000 ) ;
#823 = LINE ( 'NONE', #1090, #755 ) ;
#824 = CALENDAR_DATE ( 2025, 1, 5 ) ;
#825 = CC_DESIGN_APPROVAL ( #1538, ( #851 ) ) ;
#826 = DIRECTION ( 'NONE',  ( 0.000000000000000000, 0.000000000000000000, 1.000000000000000000 ) ) ;
#827 = ORIENTED_EDGE ( 'NONE', *, *, #610, .T. ) ;
#828 = DIRECTION ( 'NONE',  ( 0.000000000000000000, 1.000000000000000000, 0.000000000000000000 ) ) ;
#829 = ADVANCED_FACE ( 'NONE', ( #1510 ), #347, .F. ) ;
#830 = ORIENTED_EDGE ( 'NONE', *, *, #28, .T. ) ;
#831 = DIRECTION ( 'NONE',  ( 1.000000000000000000, 0.000000000000000000, 0.000000000000000000 ) ) ;
#832 = VECTOR ( 'NONE', #1361, 1000.000000000000000 ) ;
#833 = PERSON_AND_ORGANIZATION_ROLE ( 'classification_officer' ) ;
#834 = EDGE_CURVE ( 'NONE', #1302, #564, #693, .T. ) ;
#835 = VECTOR ( 'NONE', #1345, 1000.000000000000000 ) ;
#836 = CARTESIAN_POINT ( 'NONE',  ( -141.9057377049180388, 25.00000000000000000, -35.23565573770491000 ) ) ;
#837 = AXIS2_PLACEMENT_3D ( 'NONE', #1204, #1493, #695 ) ;
#838 = VECTOR ( 'NONE', #1011, 1000.000000000000000 ) ;
#839 = ORIENTED_EDGE ( 'NONE', *, *, #381, .F. ) ;
#840 = CARTESIAN_POINT ( 'NONE',  ( 15.22396782321563968, 4.000000000000000000, -23.92441391759263780 ) ) ;
#841 = VERTEX_POINT ( 'NONE', #1128 ) ;
#842 = FACE_OUTER_BOUND ( 'NONE', #1546, .T. ) ;
#843 = EDGE_CURVE ( 'NONE', #368, #1396, #1658, .T. ) ;
#844 = PLANE ( 'NONE',  #1294 ) ;
#845 = EDGE_LOOP ( 'NONE', ( #1408, #869, #275, #1589, #1496, #1324 ) ) ;
#846 = LINE ( 'NONE', #744, #429 ) ;
#847 = EDGE_LOOP ( 'NONE', ( #184, #417, #95, #1435, #262, #1384 ) ) ;
#848 = DIRECTION ( 'NONE',  ( -0.000000000000000000, -1.000000000000000000, -0.000000000000000000 ) ) ;
#849 = DIRECTION ( 'NONE',  ( 0.000000000000000000, 0.000000000000000000, -1.000000000000000000 ) ) ;
#850 = DIRECTION ( 'NONE',  ( -0.000000000000000000, 1.000000000000000000, -0.000000000000000000 ) ) ;
#851 = SECURITY_CLASSIFICATION ( '', '', #689 ) ;
#852 = ORIENTED_EDGE ( 'NONE', *, *, #954, .T. ) ;
#853 = ADVANCED_FACE ( 'NONE', ( #1003 ), #1529, .F. ) ;
#854 = CARTESIAN_POINT ( 'NONE',  ( -64.89152194272590179, 7.000000000000002665, -13.23565573770491000 ) ) ;
#855 = ORIENTED_EDGE ( 'NONE', *, *, #552, .F. ) ;
#856 = ORIENTED_EDGE ( 'NONE', *, *, #446, .T. ) ;
#857 = DIRECTION ( 'NONE',  ( 1.000000000000000000, 0.000000000000000000, 0.000000000000000000 ) ) ;
#858 = DIRECTION ( 'NONE',  ( -0.000000000000000000, 1.000000000000000000, -0.000000000000000000 ) ) ;
#859 = FACE_BOUND ( 'NONE', #774, .T. ) ;
#860 = ORIENTED_EDGE ( 'NONE', *, *, #1442, .T. ) ;
#861 = EDGE_CURVE ( 'NONE', #1187, #1181, #243, .T. ) ;
#862 = AXIS2_PLACEMENT_3D ( 'NONE', #20, #410, #376 ) ;
#863 = CARTESIAN_POINT ( 'NONE',  ( 18.09426229508196471, 25.00000000000000000, -5.235655737704909996 ) ) ;
#864 = ORIENTED_EDGE ( 'NONE', *, *, #753, .F. ) ;
#865 = VECTOR ( 'NONE', #1676, 1000.000000000000114 ) ;
#866 = ADVANCED_FACE ( 'NONE', ( #466 ), #371, .F. ) ;
#867 = DIRECTION ( 'NONE',  ( 0.000000000000000000, 1.000000000000000000, -0.000000000000000000 ) ) ;
#868 = ORIENTED_EDGE ( 'NONE', *, *, #1013, .F. ) ;
#869 = ORIENTED_EDGE ( 'NONE', *, *, #409, .T. ) ;
#870 = DIRECTION ( 'NONE',  ( 0.000000000000000000, 1.000000000000000000, 0.000000000000000000 ) ) ;
#871 = PLANE ( 'NONE',  #322 ) ;
#872 = CARTESIAN_POINT ( 'NONE',  ( 18.09426229508196471, 0.000000000000000000, -20.23565573770490644 ) ) ;
#873 = CARTESIAN_POINT ( 'NONE',  ( 15.22396782321556330, 4.000000000000000000, -16.54689755781712890 ) ) ;
#874 = DIRECTION ( 'NONE',  ( -0.000000000000000000, -1.000000000000000000, -0.000000000000000000 ) ) ;
#875 = ORIENTED_EDGE ( 'NONE', *, *, #465, .T. ) ;
#876 = VERTEX_POINT ( 'NONE', #879 ) ;
#877 = DIRECTION ( 'NONE',  ( 0.000000000000000000, 0.000000000000000000, 1.000000000000000000 ) ) ;
#878 = EDGE_CURVE ( 'NONE', #585, #708, #1443, .T. ) ;
#879 = CARTESIAN_POINT ( 'NONE',  ( 13.09426229508196826, 21.00000000000000000, -17.23565573770490289 ) ) ;
#880 = CARTESIAN_POINT ( 'NONE',  ( -13.83052238365862685, 7.000000000000002665, -10.60946258518394281 ) ) ;
#881 = ORIENTED_EDGE ( 'NONE', *, *, #809, .F. ) ;
#882 = AXIS2_PLACEMENT_3D ( 'NONE', #209, #1655, #998 ) ;
#883 = AXIS2_PLACEMENT_3D ( 'NONE', #231, #1657, #1508 ) ;
#884 = CARTESIAN_POINT ( 'NONE',  ( 1.443538492304889065, 25.00000000000000000, -12.60946258518394458 ) ) ;
#885 = DIRECTION ( 'NONE',  ( 0.000000000000000000, 1.000000000000000000, -0.000000000000000000 ) ) ;
#886 = VERTEX_POINT ( 'NONE', #1015 ) ;
#887 = ORIENTED_EDGE ( 'NONE', *, *, #1584, .F. ) ;
#888 = CARTESIAN_POINT ( 'NONE',  ( -42.51274091890132212, 25.00000000000000000, -13.23565573770491000 ) ) ;
#889 = DIRECTION ( 'NONE',  ( 1.058897809570010527E-14, 0.000000000000000000, -1.000000000000000000 ) ) ;
#890 = EDGE_CURVE ( 'NONE', #52, #714, #1663, .T. ) ;
#891 = LINE ( 'NONE', #599, #1429 ) ;
#892 = LINE ( 'NONE', #1257, #865 ) ;
#893 = VECTOR ( 'NONE', #1098, 1000.000000000000000 ) ;
#894 = AXIS2_PLACEMENT_3D ( 'NONE', #43, #555, #1614 ) ;
#895 = VERTEX_POINT ( 'NONE', #749 ) ;
#896 = VECTOR ( 'NONE', #482, 1000.000000000000000 ) ;
#897 = ORIENTED_EDGE ( 'NONE', *, *, #738, .F. ) ;
#898 = CARTESIAN_POINT ( 'NONE',  ( -42.51274091890132212, 7.000000000000002665, -13.23565573770491000 ) ) ;
#899 = CARTESIAN_POINT ( 'NONE',  ( -136.8905813314196109, 7.000000000000006217, -22.23565573770490289 ) ) ;
#900 = FACE_BOUND ( 'NONE', #995, .T. ) ;
#901 = ORIENTED_EDGE ( 'NONE', *, *, #748, .F. ) ;
#902 = DIRECTION ( 'NONE',  ( 1.000000000000000000, 0.000000000000000000, 0.000000000000000000 ) ) ;
#903 = VERTEX_POINT ( 'NONE', #1274 ) ;
#904 = EDGE_LOOP ( 'NONE', ( #29, #1296, #86, #912 ) ) ;
#905 = DIRECTION ( 'NONE',  ( 0.000000000000000000, 0.000000000000000000, 1.000000000000000000 ) ) ;
#906 = ORIENTED_EDGE ( 'NONE', *, *, #7, .F. ) ;
#907 = DIRECTION ( 'NONE',  ( -0.000000000000000000, 1.000000000000000000, -0.000000000000000000 ) ) ;
#908 = CARTESIAN_POINT ( 'NONE',  ( -28.09370804539696564, 25.00000000000000000, -11.33739331588228794 ) ) ;
#909 = DIRECTION ( 'NONE',  ( -0.7367384385137898395, 0.000000000000000000, -0.6761778414117567415 ) ) ;
#910 = AXIS2_PLACEMENT_3D ( 'NONE', #489, #1534, #514 ) ;
#911 = EDGE_CURVE ( 'NONE', #406, #728, #1514, .T. ) ;
#912 = ORIENTED_EDGE ( 'NONE', *, *, #1528, .T. ) ;
#913 = CARTESIAN_POINT ( 'NONE',  ( 10.96455676694836789, 0.000000000000000000, -23.92441391759268399 ) ) ;
#914 = VERTEX_POINT ( 'NONE', #1125 ) ;
#915 = DIRECTION ( 'NONE',  ( 0.8660254037844388186, 0.000000000000000000, -0.4999999999999997224 ) ) ;
#916 = CARTESIAN_POINT ( 'NONE',  ( -141.9057377049180388, 0.000000000000000000, -35.23565573770491000 ) ) ;
#917 = FACE_OUTER_BOUND ( 'NONE', #1205, .T. ) ;
#918 = ORIENTED_EDGE ( 'NONE', *, *, #166, .F. ) ;
#919 = ADVANCED_FACE ( 'NONE', ( #1380 ), #871, .F. ) ;
#920 = LINE ( 'NONE', #643, #1581 ) ;
#921 = CIRCLE ( 'NONE', #298, 2.999999999999999112 ) ;
#922 = VERTEX_POINT ( 'NONE', #1412 ) ;
#923 = CIRCLE ( 'NONE', #1107, 15.00000000000000000 ) ;
#924 = DIRECTION ( 'NONE',  ( 0.000000000000000000, -0.000000000000000000, -1.000000000000000000 ) ) ;
#925 = DIRECTION ( 'NONE',  ( 1.000000000000000000, 0.000000000000000000, 7.751644176374085761E-17 ) ) ;
#926 = VERTEX_POINT ( 'NONE', #597 ) ;
#927 = DIRECTION ( 'NONE',  ( -0.000000000000000000, 1.000000000000000000, -0.000000000000000000 ) ) ;
#928 = EDGE_LOOP ( 'NONE', ( #1152, #493, #339, #855, #1596, #1679 ) ) ;
#929 = DIRECTION ( 'NONE',  ( 0.7367384385137898395, 0.000000000000000000, 0.6761778414117567415 ) ) ;
#930 = CC_DESIGN_PERSON_AND_ORGANIZATION_ASSIGNMENT ( #1091, #1592, ( #973 ) ) ;
#931 = DIRECTION ( 'NONE',  ( -0.5000000000000082157, 0.000000000000000000, 0.8660254037844338226 ) ) ;
#932 = ADVANCED_FACE ( 'NONE', ( #1684 ), #249, .F. ) ;
#933 = LINE ( 'NONE', #515, #16 ) ;
#934 = ORIENTED_EDGE ( 'NONE', *, *, #569, .F. ) ;
#935 = DIRECTION ( 'NONE',  ( -1.000000000000000000, 0.000000000000000000, 0.000000000000000000 ) ) ;
#936 = EDGE_LOOP ( 'NONE', ( #1251, #1572, #906, #812 ) ) ;
#937 = FACE_OUTER_BOUND ( 'NONE', #788, .T. ) ;
#938 = CARTESIAN_POINT ( 'NONE',  ( 0.000000000000000000, 0.000000000000000000, 0.000000000000000000 ) ) ;
#939 = EDGE_CURVE ( 'NONE', #696, #758, #1153, .T. ) ;
#940 = CARTESIAN_POINT ( 'NONE',  ( 8.834851238814701802, 4.000000000000000000, -20.23565573770493842 ) ) ;
#941 = EDGE_LOOP ( 'NONE', ( #1660, #471, #500, #228 ) ) ;
#942 = CARTESIAN_POINT ( 'NONE',  ( 10.96455676694836789, 4.000000000000000000, -23.92441391759268399 ) ) ;
#943 = CIRCLE ( 'NONE', #1602, 1.999999999999970468 ) ;
#944 = DIRECTION ( 'NONE',  ( 0.5000000000000072164, 0.000000000000000000, -0.8660254037844344888 ) ) ;
#945 = PERSON_AND_ORGANIZATION ( #1162, #61 ) ;
#946 = AXIS2_PLACEMENT_3D ( 'NONE', #122, #1127, #1393 ) ;
#947 = DIRECTION ( 'NONE',  ( 0.8660254037844434816, 0.000000000000000000, -0.4999999999999916733 ) ) ;
#948 = ADVANCED_FACE ( 'NONE', ( #1391 ), #1674, .F. ) ;
#949 = ORIENTED_EDGE ( 'NONE', *, *, #1288, .T. ) ;
#950 = CARTESIAN_POINT ( 'NONE',  ( -65.61567340862694664, 7.000000000000002665, -29.23565573770491000 ) ) ;
#951 = CARTESIAN_POINT ( 'NONE',  ( -64.89152194272590179, 7.000000000000002665, -11.23565573770491177 ) ) ;
#952 = DATE_TIME_ROLE ( 'creation_date' ) ;
#953 = LINE ( 'NONE', #691, #395 ) ;
#954 = EDGE_CURVE ( 'NONE', #821, #65, #1284, .T. ) ;
#955 = ORIENTED_EDGE ( 'NONE', *, *, #1363, .T. ) ;
#956 = EDGE_CURVE ( 'NONE', #475, #21, #923, .T. ) ;
#957 = DIRECTION ( 'NONE',  ( 0.000000000000000000, 1.000000000000000000, -0.000000000000000000 ) ) ;
#958 = AXIS2_PLACEMENT_3D ( 'NONE', #1601, #962, #427 ) ;
#959 = VECTOR ( 'NONE', #1138, 1000.000000000000000 ) ;
#960 = CARTESIAN_POINT ( 'NONE',  ( 10.78486121832345646, 21.00000000000000000, -16.23565573770491000 ) ) ;
#961 = COORDINATED_UNIVERSAL_TIME_OFFSET ( 1, 0, .AHEAD. ) ;
#962 = DIRECTION ( 'NONE',  ( 0.000000000000000000, 1.000000000000000000, 0.000000000000000000 ) ) ;
#963 = CARTESIAN_POINT ( 'NONE',  ( 8.475460141564953531, 21.00000000000000000, -20.23565573770490644 ) ) ;
#964 = LINE ( 'NONE', #1088, #107 ) ;
#965 = EDGE_CURVE ( 'NONE', #1689, #222, #1022, .T. ) ;
#966 = ORIENTED_EDGE ( 'NONE', *, *, #240, .T. ) ;
#967 = CARTESIAN_POINT ( 'NONE',  ( 15.40366337184045697, 21.00000000000000000, -16.23565573770491000 ) ) ;
#968 = VECTOR ( 'NONE', #935, 1000.000000000000000 ) ;
#969 = CARTESIAN_POINT ( 'NONE',  ( -66.36499881975349524, 7.000000000000002665, -14.58801142052842081 ) ) ;
#970 = VECTOR ( 'NONE', #874, 1000.000000000000000 ) ;
#971 = ORIENTED_EDGE ( 'NONE', *, *, #552, .T. ) ;
#972 = CARTESIAN_POINT ( 'NONE',  ( 8.834851238814701802, 0.000000000000000000, -20.23565573770493842 ) ) ;
#973 = PRODUCT ( 'UPPER-ARME_Default_sldprt', 'UPPER-ARME_Default_sldprt', '', ( #1349 ) ) ;
#974 = ORIENTED_EDGE ( 'NONE', *, *, #1065, .T. ) ;
#975 = DIRECTION ( 'NONE',  ( 0.000000000000000000, 0.000000000000000000, -1.000000000000000000 ) ) ;
#976 = EDGE_CURVE ( 'NONE', #1396, #805, #229, .T. ) ;
#977 = LINE ( 'NONE', #880, #12 ) ;
#978 = CARTESIAN_POINT ( 'NONE',  ( -138.2900345713180457, 25.00000000000000000, -29.23565573770490289 ) ) ;
#979 = ORIENTED_EDGE ( 'NONE', *, *, #1010, .T. ) ;
#980 = DIRECTION ( 'NONE',  ( 0.6301357171109720490, 0.000000000000000000, 0.7764850146789962215 ) ) ;
#981 = ORIENTED_EDGE ( 'NONE', *, *, #645, .T. ) ;
#982 = ORIENTED_EDGE ( 'NONE', *, *, #753, .T. ) ;
#983 = CARTESIAN_POINT ( 'NONE',  ( -76.99138327806696225, 25.00000000000000000, -11.88330005488139030 ) ) ;
#984 = CIRCLE ( 'NONE', #958, 2.000000000000005329 ) ;
#985 = EDGE_CURVE ( 'NONE', #926, #711, #1245, .T. ) ;
#986 = AXIS2_PLACEMENT_3D ( 'NONE', #1667, #490, #1009 ) ;
#987 = DIRECTION ( 'NONE',  ( -9.547925558469792101E-17, 0.000000000000000000, -1.000000000000000000 ) ) ;
#988 = DIRECTION ( 'NONE',  ( -0.000000000000000000, -1.000000000000000000, -0.000000000000000000 ) ) ;
#989 = ADVANCED_FACE ( 'NONE', ( #1370 ), #1265, .F. ) ;
#990 = CARTESIAN_POINT ( 'NONE',  ( 13.09426229508196826, 4.000000000000000000, -20.23565573770490289 ) ) ;
#991 = ORIENTED_EDGE ( 'NONE', *, *, #795, .T. ) ;
#992 = CARTESIAN_POINT ( 'NONE',  ( -141.9057377049180388, 25.00000000000000000, -35.23565573770491000 ) ) ;
#993 = ORIENTED_EDGE ( 'NONE', *, *, #834, .F. ) ;
#994 = VERTEX_POINT ( 'NONE', #1007 ) ;
#995 = EDGE_LOOP ( 'NONE', ( #1328, #605, #19, #791, #84, #1120, #1367 ) ) ;
#996 = DIRECTION ( 'NONE',  ( 0.09386762636788502367, 0.000000000000000000, -0.9955846868649893544 ) ) ;
#997 = DIRECTION ( 'NONE',  ( -0.4999999999999923395, 0.000000000000000000, -0.8660254037844431485 ) ) ;
#998 = DIRECTION ( 'NONE',  ( 0.4999999999999922839, 0.000000000000000000, 0.8660254037844430375 ) ) ;
#999 = AXIS2_PLACEMENT_3D ( 'NONE', #888, #587, #1672 ) ;
#1000 = VECTOR ( 'NONE', #1039, 1000.000000000000227 ) ;
#1001 = DIRECTION ( 'NONE',  ( -0.000000000000000000, 1.000000000000000000, -0.000000000000000000 ) ) ;
#1002 = CIRCLE ( 'NONE', #883, 2.000000000000001776 ) ;
#1003 = FACE_OUTER_BOUND ( 'NONE', #546, .T. ) ;
#1004 = VERTEX_POINT ( 'NONE', #1133 ) ;
#1005 = ORIENTED_EDGE ( 'NONE', *, *, #1643, .T. ) ;
#1006 = FACE_OUTER_BOUND ( 'NONE', #1376, .T. ) ;
#1007 = CARTESIAN_POINT ( 'NONE',  ( 3.434707866034867330, 7.000000000000002665, -12.42172733244817451 ) ) ;
#1008 = FACE_BOUND ( 'NONE', #1130, .T. ) ;
#1009 = DIRECTION ( 'NONE',  ( 0.000000000000000000, 0.000000000000000000, 1.000000000000000000 ) ) ;
#1010 = EDGE_CURVE ( 'NONE', #841, #1471, #721, .T. ) ;
#1011 = DIRECTION ( 'NONE',  ( -0.000000000000000000, -1.000000000000000000, -0.000000000000000000 ) ) ;
#1012 = EDGE_LOOP ( 'NONE', ( #1577, #1260, #1530, #234 ) ) ;
#1013 = EDGE_CURVE ( 'NONE', #604, #1649, #590, .T. ) ;
#1014 = CYLINDRICAL_SURFACE ( 'NONE', #426, 1.999999999999970468 ) ;
#1015 = CARTESIAN_POINT ( 'NONE',  ( 17.71306444859895635, 21.00000000000000000, -20.23565573770491000 ) ) ;
#1016 = FACE_OUTER_BOUND ( 'NONE', #936, .T. ) ;
#1017 = APPROVAL_PERSON_ORGANIZATION ( #1456, #773, #683 ) ;
#1018 = CARTESIAN_POINT ( 'NONE',  ( -136.8905813314196109, 7.000000000000006217, -18.23565573770491355 ) ) ;
#1019 = ORIENTED_EDGE ( 'NONE', *, *, #253, .F. ) ;
#1020 = ORIENTED_EDGE ( 'NONE', *, *, #598, .F. ) ;
#1021 = LINE ( 'NONE', #149, #1305 ) ;
#1022 = LINE ( 'NONE', #351, #1140 ) ;
#1023 = LINE ( 'NONE', #504, #1341 ) ;
#1024 = ORIENTED_EDGE ( 'NONE', *, *, #804, .T. ) ;
#1025 = CARTESIAN_POINT ( 'NONE',  ( -29.35397947961891063, 25.00000000000000000, -10.89036334524031169 ) ) ;
#1026 = AXIS2_PLACEMENT_3D ( 'NONE', #512, #1300, #924 ) ;
#1027 = VECTOR ( 'NONE', #168, 1000.000000000000000 ) ;
#1028 = VERTEX_POINT ( 'NONE', #1636 ) ;
#1029 = VECTOR ( 'NONE', #1373, 1000.000000000000114 ) ;
#1030 = ORIENTED_EDGE ( 'NONE', *, *, #557, .T. ) ;
#1031 = DIRECTION ( 'NONE',  ( -0.000000000000000000, 1.000000000000000000, -0.000000000000000000 ) ) ;
#1032 = ORIENTED_EDGE ( 'NONE', *, *, #1669, .F. ) ;
#1033 = CARTESIAN_POINT ( 'NONE',  ( 10.96455676694829506, 4.000000000000000000, -16.54689755781716798 ) ) ;
#1034 = LINE ( 'NONE', #146, #311 ) ;
#1035 = VERTEX_POINT ( 'NONE', #978 ) ;
#1036 = EDGE_CURVE ( 'NONE', #65, #1103, #1694, .T. ) ;
#1037 = LINE ( 'NONE', #269, #1650 ) ;
#1038 = EDGE_LOOP ( 'NONE', ( #1688, #348, #576, #256 ) ) ;
#1039 = DIRECTION ( 'NONE',  ( -0.4999999999999994449, 0.000000000000000000, 0.8660254037844389297 ) ) ;
#1040 = DIRECTION ( 'NONE',  ( 0.000000000000000000, -0.000000000000000000, -1.000000000000000000 ) ) ;
#1041 = ORIENTED_EDGE ( 'NONE', *, *, #173, .F. ) ;
#1042 = DIRECTION ( 'NONE',  ( -0.000000000000000000, 1.000000000000000000, -0.000000000000000000 ) ) ;
#1043 = VECTOR ( 'NONE', #1311, 1000.000000000000000 ) ;
#1044 = ADVANCED_FACE ( 'NONE', ( #1287 ), #754, .F. ) ;
#1045 = CIRCLE ( 'NONE', #1400, 2.999999999999999112 ) ;
#1046 = VERTEX_POINT ( 'NONE', #1116 ) ;
#1047 = DIRECTION ( 'NONE',  ( 0.000000000000000000, 0.000000000000000000, 1.000000000000000000 ) ) ;
#1048 = ORIENTED_EDGE ( 'NONE', *, *, #610, .F. ) ;
#1049 = DIRECTION ( 'NONE',  ( -0.000000000000000000, 1.000000000000000000, -0.000000000000000000 ) ) ;
#1050 = LINE ( 'NONE', #916, #1122 ) ;
#1051 = LINE ( 'NONE', #505, #549 ) ;
#1052 = ADVANCED_FACE ( 'NONE', ( #113 ), #1383, .F. ) ;
#1053 = VECTOR ( 'NONE', #787, 1000.000000000000000 ) ;
#1054 = ORIENTED_EDGE ( 'NONE', *, *, #87, .T. ) ;
#1055 = VECTOR ( 'NONE', #1225, 1000.000000000000000 ) ;
#1056 = EDGE_CURVE ( 'NONE', #607, #172, #1382, .T. ) ;
#1057 = LINE ( 'NONE', #657, #1604 ) ;
#1058 = VECTOR ( 'NONE', #472, 1000.000000000000000 ) ;
#1059 = ORIENTED_EDGE ( 'NONE', *, *, #522, .F. ) ;
#1060 = CARTESIAN_POINT ( 'NONE',  ( 15.40366337184045697, 21.00000000000000000, -16.23565573770491000 ) ) ;
#1061 = LINE ( 'NONE', #1576, #176 ) ;
#1062 = FACE_OUTER_BOUND ( 'NONE', #487, .T. ) ;
#1063 = ORIENTED_EDGE ( 'NONE', *, *, #491, .T. ) ;
#1064 = LINE ( 'NONE', #58, #835 ) ;
#1065 = EDGE_CURVE ( 'NONE', #222, #1163, #892, .T. ) ;
#1066 = CARTESIAN_POINT ( 'NONE',  ( 10.78486121832345290, 21.00000000000000000, -24.23565573770490644 ) ) ;
#1067 = APPROVAL_STATUS ( 'not_yet_approved' ) ;
#1068 = DIRECTION ( 'NONE',  ( 0.000000000000000000, 0.000000000000000000, 1.000000000000000000 ) ) ;
#1069 = VERTEX_POINT ( 'NONE', #1535 ) ;
#1070 = VECTOR ( 'NONE', #1635, 1000.000000000000000 ) ;
#1071 = DIRECTION ( 'NONE',  ( 0.000000000000000000, 1.000000000000000000, -0.000000000000000000 ) ) ;
#1072 = DIRECTION ( 'NONE',  ( -0.000000000000000000, 1.000000000000000000, -0.000000000000000000 ) ) ;
#1073 = EDGE_CURVE ( 'NONE', #758, #604, #1002, .T. ) ;
#1074 = LOCAL_TIME ( 14, 41, 30.00000000000000000, #1075 ) ;
#1075 = COORDINATED_UNIVERSAL_TIME_OFFSET ( 1, 0, .AHEAD. ) ;
#1076 = LINE ( 'NONE', #676, #1540 ) ;
#1077 = EDGE_LOOP ( 'NONE', ( #136, #541, #1261, #1453 ) ) ;
#1078 = CYLINDRICAL_SURFACE ( 'NONE', #1583, 1.999999999999998224 ) ;
#1079 = AXIS2_PLACEMENT_3D ( 'NONE', #53, #573, #682 ) ;
#1080 = ORIENTED_EDGE ( 'NONE', *, *, #1669, .T. ) ;
#1081 = CARTESIAN_POINT ( 'NONE',  ( 15.22396782321556330, 0.000000000000000000, -16.54689755781712890 ) ) ;
#1082 = APPROVAL_ROLE ( '' ) ;
#1083 = EDGE_CURVE ( 'NONE', #1686, #841, #335, .T. ) ;
#1084 = AXIS2_PLACEMENT_3D ( 'NONE', #488, #208, #716 ) ;
#1085 = FACE_OUTER_BOUND ( 'NONE', #1101, .T. ) ;
#1086 = EDGE_CURVE ( 'NONE', #914, #321, #178, .T. ) ;
#1087 = ORIENTED_EDGE ( 'NONE', *, *, #491, .F. ) ;
#1088 = CARTESIAN_POINT ( 'NONE',  ( 17.71306444859895635, 21.00000000000000000, -20.23565573770491000 ) ) ;
#1089 = ORIENTED_EDGE ( 'NONE', *, *, #569, .T. ) ;
#1090 = CARTESIAN_POINT ( 'NONE',  ( 1.443538492304889065, 7.000000000000002665, -10.60946258518394636 ) ) ;
#1091 = PERSON_AND_ORGANIZATION ( #1162, #61 ) ;
#1092 = CARTESIAN_POINT ( 'NONE',  ( -65.61567340862694664, 25.00000000000000000, -29.23565573770490644 ) ) ;
#1093 = EDGE_CURVE ( 'NONE', #1342, #1686, #469, .T. ) ;
#1094 = VERTEX_POINT ( 'NONE', #602 ) ;
#1095 = CARTESIAN_POINT ( 'NONE',  ( -136.8905813314196109, 0.000000000000000000, -20.23565573770491000 ) ) ;
#1096 = VERTEX_POINT ( 'NONE', #254 ) ;
#1097 = AXIS2_PLACEMENT_3D ( 'NONE', #639, #390, #407 ) ;
#1098 = DIRECTION ( 'NONE',  ( -0.000000000000000000, 1.000000000000000000, -0.000000000000000000 ) ) ;
#1099 = CALENDAR_DATE ( 2025, 1, 5 ) ;
#1100 = DIRECTION ( 'NONE',  ( -0.000000000000000000, 1.000000000000000000, -0.000000000000000000 ) ) ;
#1101 = EDGE_LOOP ( 'NONE', ( #630, #1407, #1048, #1054 ) ) ;
#1102 = CARTESIAN_POINT ( 'NONE',  ( -76.99138327806694804, 7.000000000000002665, -11.88330005488139740 ) ) ;
#1103 = VERTEX_POINT ( 'NONE', #763 ) ;
#1104 = EDGE_CURVE ( 'NONE', #255, #1163, #480, .T. ) ;
#1105 = LINE ( 'NONE', #419, #718 ) ;
#1106 = DIRECTION ( 'NONE',  ( 1.000000000000000000, 0.000000000000000000, 7.751644176374085761E-17 ) ) ;
#1107 = AXIS2_PLACEMENT_3D ( 'NONE', #1524, #588, #1550 ) ;
#1108 = ORIENTED_EDGE ( 'NONE', *, *, #1372, .T. ) ;
#1109 = LINE ( 'NONE', #992, #1497 ) ;
#1110 = EDGE_LOOP ( 'NONE', ( #338, #1483, #1574, #586, #775, #1203 ) ) ;
#1111 = ORIENTED_EDGE ( 'NONE', *, *, #270, .F. ) ;
#1112 = DIRECTION ( 'NONE',  ( 0.000000000000000000, 0.000000000000000000, 1.000000000000000000 ) ) ;
#1113 = EDGE_CURVE ( 'NONE', #895, #1096, #1045, .T. ) ;
#1114 = DIRECTION ( 'NONE',  ( 1.000000000000000000, 0.000000000000000000, 9.774441319107797612E-15 ) ) ;
#1115 = DIRECTION ( 'NONE',  ( 0.000000000000000000, 0.000000000000000000, 1.000000000000000000 ) ) ;
#1116 = CARTESIAN_POINT ( 'NONE',  ( -78.46486015509452727, 25.00000000000000000, -11.23565573770491000 ) ) ;
#1117 = ORIENTED_EDGE ( 'NONE', *, *, #97, .F. ) ;
#1118 = DIRECTION ( 'NONE',  ( -0.000000000000000000, 1.000000000000000000, -0.000000000000000000 ) ) ;
#1119 = ORIENTED_EDGE ( 'NONE', *, *, #316, .T. ) ;
#1120 = ORIENTED_EDGE ( 'NONE', *, *, #662, .F. ) ;
#1121 = CARTESIAN_POINT ( 'NONE',  ( -29.35397947961891063, 25.00000000000000000, -12.89036334524028327 ) ) ;
#1122 = VECTOR ( 'NONE', #259, 1000.000000000000000 ) ;
#1123 = AXIS2_PLACEMENT_3D ( 'NONE', #1157, #1042, #1687 ) ;
#1124 = EDGE_CURVE ( 'NONE', #65, #475, #1527, .T. ) ;
#1125 = CARTESIAN_POINT ( 'NONE',  ( -141.9057377049180388, 0.000000000000000000, -35.23565573770491000 ) ) ;
#1126 = DIRECTION ( 'NONE',  ( -0.000000000000000000, -1.000000000000000000, 0.000000000000000000 ) ) ;
#1127 = DIRECTION ( 'NONE',  ( 0.000000000000000000, 1.000000000000000000, 0.000000000000000000 ) ) ;
#1128 = CARTESIAN_POINT ( 'NONE',  ( -10.41671518264234919, 25.00000000000000000, -25.68268570834691644 ) ) ;
#1129 = ORIENTED_EDGE ( 'NONE', *, *, #1653, .T. ) ;
#1130 = EDGE_LOOP ( 'NONE', ( #1555, #71, #1149, #1388, #123, #720 ) ) ;
#1131 = LINE ( 'NONE', #369, #535 ) ;
#1132 = EDGE_LOOP ( 'NONE', ( #1639, #583, #746, #1615 ) ) ;
#1133 = CARTESIAN_POINT ( 'NONE',  ( 15.40366337184045697, 25.00000000000000000, -16.23565573770491000 ) ) ;
#1134 = EDGE_CURVE ( 'NONE', #1347, #451, #354, .T. ) ;
#1135 = DIRECTION ( 'NONE',  ( 0.000000000000000000, 1.000000000000000000, 0.000000000000000000 ) ) ;
#1136 = AXIS2_PLACEMENT_3D ( 'NONE', #143, #915, #1164 ) ;
#1137 = AXIS2_PLACEMENT_3D ( 'NONE', #1095, #828, #1624 ) ;
#1138 = DIRECTION ( 'NONE',  ( -1.000000000000000000, 0.000000000000000000, 9.547925558469792101E-17 ) ) ;
#1139 = EDGE_CURVE ( 'NONE', #1028, #138, #1512, .T. ) ;
#1140 = VECTOR ( 'NONE', #361, 1000.000000000000000 ) ;
#1141 = DIRECTION ( 'NONE',  ( -0.000000000000000000, -1.000000000000000000, 0.000000000000000000 ) ) ;
#1142 = ORIENTED_EDGE ( 'NONE', *, *, #834, .T. ) ;
#1143 = ORIENTED_EDGE ( 'NONE', *, *, #1036, .F. ) ;
#1144 = CARTESIAN_POINT ( 'NONE',  ( -141.9057377049180388, 0.000000000000000000, -5.235655737704909996 ) ) ;
#1145 = DIRECTION ( 'NONE',  ( 1.000000000000000000, 0.000000000000000000, 7.751644176374085761E-17 ) ) ;
#1146 = CARTESIAN_POINT ( 'NONE',  ( 4.700209353450793159, 7.000000000000002665, -25.84396832039348979 ) ) ;
#1147 = DIRECTION ( 'NONE',  ( -0.000000000000000000, -1.000000000000000000, -0.000000000000000000 ) ) ;
#1148 = EDGE_CURVE ( 'NONE', #1387, #1035, #101, .T. ) ;
#1149 = ORIENTED_EDGE ( 'NONE', *, *, #890, .F. ) ;
#1150 = EDGE_LOOP ( 'NONE', ( #1253, #881, #148, #461 ) ) ;
#1151 = CARTESIAN_POINT ( 'NONE',  ( 10.96455676694829506, 4.000000000000000000, -16.54689755781716798 ) ) ;
#1152 = ORIENTED_EDGE ( 'NONE', *, *, #282, .F. ) ;
#1153 = LINE ( 'NONE', #1654, #1277 ) ;
#1154 = CARTESIAN_POINT ( 'NONE',  ( -51.46151611713514029, 7.000000000000002665, -27.43670734954950774 ) ) ;
#1155 = ORIENTED_EDGE ( 'NONE', *, *, #62, .T. ) ;
#1156 = AXIS2_PLACEMENT_3D ( 'NONE', #441, #1334, #826 ) ;
#1157 = CARTESIAN_POINT ( 'NONE',  ( -133.9311356277773939, 7.000000000000002665, -20.23565573770490644 ) ) ;
#1158 = ORIENTED_EDGE ( 'NONE', *, *, #56, .T. ) ;
#1159 = ORIENTED_EDGE ( 'NONE', *, *, #1653, .F. ) ;
#1160 = CARTESIAN_POINT ( 'NONE',  ( -141.9057377049180388, 25.00000000000000000, -20.23565573770491000 ) ) ;
#1161 = EDGE_CURVE ( 'NONE', #704, #57, #235, .T. ) ;
#1162 = PERSON ( 'UNSPECIFIED', 'UNSPECIFIED', 'UNSPECIFIED', ('UNSPECIFIED'), ('UNSPECIFIED'), ('UNSPECIFIED') ) ;
#1163 = VERTEX_POINT ( 'NONE', #242 ) ;
#1164 = DIRECTION ( 'NONE',  ( -0.4999999999999997224, 0.000000000000000000, -0.8660254037844388186 ) ) ;
#1165 = CARTESIAN_POINT ( 'NONE',  ( -42.54848918843766370, 7.000000000000002665, -25.97538430348295790 ) ) ;
#1166 = ORIENTED_EDGE ( 'NONE', *, *, #1612, .F. ) ;
#1167 = CARTESIAN_POINT ( 'NONE',  ( 15.22396782321563968, 0.000000000000000000, -23.92441391759263780 ) ) ;
#1168 = VECTOR ( 'NONE', #931, 1000.000000000000227 ) ;
#1169 = VERTEX_POINT ( 'NONE', #1018 ) ;
#1170 = APPLICATION_CONTEXT ( 'configuration controlled 3d designs of mechanical parts and assemblies' ) ;
#1171 = AXIS2_PLACEMENT_3D ( 'NONE', #221, #850, #629 ) ;
#1172 = ORIENTED_EDGE ( 'NONE', *, *, #114, .F. ) ;
#1173 = LINE ( 'NONE', #517, #1000 ) ;
#1174 = FACE_OUTER_BOUND ( 'NONE', #1077, .T. ) ;
#1175 = ADVANCED_FACE ( 'NONE', ( #917 ), #1588, .F. ) ;
#1176 = EDGE_LOOP ( 'NONE', ( #1289, #1613, #103, #1556 ) ) ;
#1177 = CARTESIAN_POINT ( 'NONE',  ( -29.35397947961891063, 7.000000000000002665, -10.89036334524031169 ) ) ;
#1178 = ORIENTED_EDGE ( 'NONE', *, *, #595, .F. ) ;
#1179 = CARTESIAN_POINT ( 'NONE',  ( 13.09426229508196826, 21.00000000000000000, -20.23565573770490289 ) ) ;
#1180 = CARTESIAN_POINT ( 'NONE',  ( -138.2900345713180457, 7.000000000000002665, -11.23565573770491000 ) ) ;
#1181 = VERTEX_POINT ( 'NONE', #1167 ) ;
#1182 = DIRECTION ( 'NONE',  ( 1.000000000000000000, 0.000000000000000000, -2.271463352233598737E-16 ) ) ;
#1183 = PRODUCT_DEFINITION ( 'UNKNOWN', '', #634, #1312 ) ;
#1184 = DIRECTION ( 'NONE',  ( -0.000000000000000000, -1.000000000000000000, -0.000000000000000000 ) ) ;
#1185 = ADVANCED_FACE ( 'NONE', ( #661 ), #1432, .F. ) ;
#1186 = VECTOR ( 'NONE', #497, 1000.000000000000000 ) ;
#1187 = VERTEX_POINT ( 'NONE', #780 ) ;
#1188 = DIRECTION ( 'NONE',  ( 0.000000000000000000, 0.000000000000000000, 1.000000000000000000 ) ) ;
#1189 = VERTEX_POINT ( 'NONE', #540 ) ;
#1190 = CARTESIAN_POINT ( 'NONE',  ( 4.700209353450793159, 25.00000000000000000, -25.84396832039348979 ) ) ;
#1191 = PLANE ( 'NONE',  #364 ) ;
#1192 = CARTESIAN_POINT ( 'NONE',  ( -138.2900345713180457, 7.000000000000002665, -11.23565573770491000 ) ) ;
#1193 = EDGE_CURVE ( 'NONE', #1302, #1342, #1563, .T. ) ;
#1194 = ORIENTED_EDGE ( 'NONE', *, *, #110, .F. ) ;
#1195 = AXIS2_PLACEMENT_3D ( 'NONE', #1307, #142, #650 ) ;
#1196 = CARTESIAN_POINT ( 'NONE',  ( -64.89152194272590179, 7.000000000000002665, -11.23565573770491177 ) ) ;
#1197 = AXIS2_PLACEMENT_3D ( 'NONE', #115, #621, #1405 ) ;
#1198 = ORIENTED_EDGE ( 'NONE', *, *, #1288, .F. ) ;
#1199 = AXIS2_PLACEMENT_3D ( 'NONE', #963, #1359, #1229 ) ;
#1200 = DIRECTION ( 'NONE',  ( 0.000000000000000000, 1.000000000000000000, 0.000000000000000000 ) ) ;
#1201 = DATE_AND_TIME ( #667, #777 ) ;
#1202 = CARTESIAN_POINT ( 'NONE',  ( -28.09370804539696564, 7.000000000000002665, -11.33739331588228794 ) ) ;
#1203 = ORIENTED_EDGE ( 'NONE', *, *, #253, .T. ) ;
#1204 = CARTESIAN_POINT ( 'NONE',  ( -65.61567340862694664, 7.000000000000002665, -27.23565573770491000 ) ) ;
#1205 = EDGE_LOOP ( 'NONE', ( #979, #934, #781, #1080 ) ) ;
#1206 = CARTESIAN_POINT ( 'NONE',  ( 3.434707866034868218, 25.00000000000000000, -12.42172733244817628 ) ) ;
#1207 = CARTESIAN_POINT ( 'NONE',  ( -65.61567340862694664, 7.000000000000002665, -27.23565573770491000 ) ) ;
#1208 = CIRCLE ( 'NONE', #91, 2.000000000000001776 ) ;
#1209 = EDGE_LOOP ( 'NONE', ( #1119, #1413, #459, #677 ) ) ;
#1210 = AXIS2_PLACEMENT_3D ( 'NONE', #260, #771, #284 ) ;
#1211 = LINE ( 'NONE', #686, #1027 ) ;
#1212 = ORIENTED_EDGE ( 'NONE', *, *, #183, .F. ) ;
#1213 = CARTESIAN_POINT ( 'NONE',  ( 1.448768545498869909, 7.000000000000002665, -27.58467360248725697 ) ) ;
#1214 = EDGE_CURVE ( 'NONE', #708, #365, #648, .T. ) ;
#1215 = PLANE ( 'NONE',  #1458 ) ;
#1216 = EDGE_LOOP ( 'NONE', ( #392, #1166, #1117, #556 ) ) ;
#1217 = DIRECTION ( 'NONE',  ( 0.5000000000000072164, 0.000000000000000000, -0.8660254037844344888 ) ) ;
#1218 = AXIS2_PLACEMENT_3D ( 'NONE', #1060, #412, #66 ) ;
#1219 = CIRCLE ( 'NONE', #377, 1.999999999999994893 ) ;
#1220 = DIRECTION ( 'NONE',  ( 1.000000000000000000, 0.000000000000000000, 0.000000000000000000 ) ) ;
#1221 = DATE_AND_TIME ( #170, #1074 ) ;
#1222 = ADVANCED_FACE ( 'NONE', ( #1327 ), #1438, .F. ) ;
#1223 = FACE_OUTER_BOUND ( 'NONE', #656, .T. ) ;
#1224 = EDGE_LOOP ( 'NONE', ( #533, #1511 ) ) ;
#1225 = DIRECTION ( 'NONE',  ( -0.000000000000000000, 1.000000000000000000, -0.000000000000000000 ) ) ;
#1226 = DIRECTION ( 'NONE',  ( 0.000000000000000000, 0.000000000000000000, 1.000000000000000000 ) ) ;
#1227 = DATE_TIME_ROLE ( 'classification_date' ) ;
#1228 = DIRECTION ( 'NONE',  ( 0.09386762636788500980, 0.000000000000000000, -0.9955846868649893544 ) ) ;
#1229 = DIRECTION ( 'NONE',  ( 0.5000000000000003331, 0.000000000000000000, 0.8660254037844383745 ) ) ;
#1230 = EDGE_CURVE ( 'NONE', #211, #886, #1051, .T. ) ;
#1231 = CARTESIAN_POINT ( 'NONE',  ( -64.14219653159936740, 25.00000000000000000, -25.88330005488140273 ) ) ;
#1232 = AXIS2_PLACEMENT_3D ( 'NONE', #872, #1135, #1664 ) ;
#1233 = DIRECTION ( 'NONE',  ( -1.000000000000000000, 0.000000000000000000, 0.000000000000000000 ) ) ;
#1234 = CC_DESIGN_SECURITY_CLASSIFICATION ( #851, ( #634 ) ) ;
#1235 = FACE_OUTER_BOUND ( 'NONE', #499, .T. ) ;
#1236 = ORIENTED_EDGE ( 'NONE', *, *, #672, .T. ) ;
#1237 = EDGE_CURVE ( 'NONE', #1069, #704, #1037, .T. ) ;
#1238 = CARTESIAN_POINT ( 'NONE',  ( -141.9057377049180388, 25.00000000000000000, -35.23565573770491000 ) ) ;
#1239 = ORIENTED_EDGE ( 'NONE', *, *, #62, .F. ) ;
#1240 = ORIENTED_EDGE ( 'NONE', *, *, #225, .F. ) ;
#1241 = ORIENTED_EDGE ( 'NONE', *, *, #542, .F. ) ;
#1242 = DIRECTION ( 'NONE',  ( -0.000000000000000000, 1.000000000000000000, -0.000000000000000000 ) ) ;
#1243 = VECTOR ( 'NONE', #1072, 1000.000000000000000 ) ;
#1244 = AXIS2_PLACEMENT_3D ( 'NONE', #1421, #534, #1452 ) ;
#1245 = LINE ( 'NONE', #739, #1331 ) ;
#1246 = CARTESIAN_POINT ( 'NONE',  ( 15.40366337184045697, 21.00000000000000000, -16.23565573770491000 ) ) ;
#1247 = VECTOR ( 'NONE', #88, 999.9999999999998863 ) ;
#1248 = DIRECTION ( 'NONE',  ( 0.000000000000000000, 0.000000000000000000, 1.000000000000000000 ) ) ;
#1249 = ORIENTED_EDGE ( 'NONE', *, *, #1600, .F. ) ;
#1250 = LINE ( 'NONE', #460, #378 ) ;
#1251 = ORIENTED_EDGE ( 'NONE', *, *, #890, .T. ) ;
#1252 = PRODUCT_RELATED_PRODUCT_CATEGORY ( 'detail', '', ( #973 ) ) ;
#1253 = ORIENTED_EDGE ( 'NONE', *, *, #213, .T. ) ;
#1254 = DIRECTION ( 'NONE',  ( -0.000000000000000000, 1.000000000000000000, -0.000000000000000000 ) ) ;
#1255 = DIRECTION ( 'NONE',  ( -1.000000000000000000, 0.000000000000000000, -1.058897809570010527E-14 ) ) ;
#1256 = FACE_OUTER_BOUND ( 'NONE', #400, .T. ) ;
#1257 = CARTESIAN_POINT ( 'NONE',  ( -42.54848918843766370, 25.00000000000000000, -25.97538430348295790 ) ) ;
#1258 = ORIENTED_EDGE ( 'NONE', *, *, #1148, .T. ) ;
#1259 = DIRECTION ( 'NONE',  ( 0.000000000000000000, 0.000000000000000000, 1.000000000000000000 ) ) ;
#1260 = ORIENTED_EDGE ( 'NONE', *, *, #173, .T. ) ;
#1261 = ORIENTED_EDGE ( 'NONE', *, *, #1056, .F. ) ;
#1262 = EDGE_CURVE ( 'NONE', #1659, #714, #25, .T. ) ;
#1263 = DIRECTION ( 'NONE',  ( 0.000000000000000000, -1.000000000000000000, 0.000000000000000000 ) ) ;
#1264 = ORIENTED_EDGE ( 'NONE', *, *, #522, .T. ) ;
#1265 = CYLINDRICAL_SURFACE ( 'NONE', #511, 2.999999999999999112 ) ;
#1266 = ADVANCED_FACE ( 'NONE', ( #1062 ), #790, .F. ) ;
#1267 = DIRECTION ( 'NONE',  ( 0.8660254037844339337, -0.000000000000000000, 0.5000000000000083267 ) ) ;
#1268 = CC_DESIGN_APPROVAL ( #773, ( #1183 ) ) ;
#1269 = DIRECTION ( 'NONE',  ( 0.000000000000000000, 1.000000000000000000, -0.000000000000000000 ) ) ;
#1270 = DIRECTION ( 'NONE',  ( -0.000000000000000000, 1.000000000000000000, -0.000000000000000000 ) ) ;
#1271 = ORIENTED_EDGE ( 'NONE', *, *, #1385, .F. ) ;
#1272 = CYLINDRICAL_SURFACE ( 'NONE', #559, 1.999999999999998224 ) ;
#1273 = VECTOR ( 'NONE', #476, 1000.000000000000114 ) ;
#1274 = CARTESIAN_POINT ( 'NONE',  ( -11.67698661686429062, 7.000000000000002665, -29.23565573770491000 ) ) ;
#1275 = CARTESIAN_POINT ( 'NONE',  ( 17.35367335134922939, 4.000000000000000000, -20.23565573770486736 ) ) ;
#1276 = EDGE_CURVE ( 'NONE', #1094, #1477, #414, .T. ) ;
#1277 = VECTOR ( 'NONE', #1145, 1000.000000000000000 ) ;
#1278 = DIRECTION ( 'NONE',  ( 0.000000000000000000, 0.000000000000000000, 1.000000000000000000 ) ) ;
#1279 = AXIS2_PLACEMENT_3D ( 'NONE', #387, #1325, #127 ) ;
#1280 = DIRECTION ( 'NONE',  ( -0.000000000000000000, -1.000000000000000000, -0.000000000000000000 ) ) ;
#1281 = ORIENTED_EDGE ( 'NONE', *, *, #509, .F. ) ;
#1282 = ORIENTED_EDGE ( 'NONE', *, *, #811, .T. ) ;
#1283 = DIRECTION ( 'NONE',  ( 0.4999999999999994449, 0.000000000000000000, -0.8660254037844389297 ) ) ;
#1284 = LINE ( 'NONE', #626, #646 ) ;
#1285 = PLANE ( 'NONE',  #741 ) ;
#1286 = ORIENTED_EDGE ( 'NONE', *, *, #74, .F. ) ;
#1287 = FACE_OUTER_BOUND ( 'NONE', #1640, .T. ) ;
#1288 = EDGE_CURVE ( 'NONE', #708, #406, #933, .T. ) ;
#1289 = ORIENTED_EDGE ( 'NONE', *, *, #308, .T. ) ;
#1290 = DIRECTION ( 'NONE',  ( -0.000000000000000000, -1.000000000000000000, -0.000000000000000000 ) ) ;
#1291 = ORIENTED_EDGE ( 'NONE', *, *, #1262, .T. ) ;
#1292 = CYLINDRICAL_SURFACE ( 'NONE', #1500, 2.000000000000001776 ) ;
#1293 = FACE_OUTER_BOUND ( 'NONE', #1545, .T. ) ;
#1294 = AXIS2_PLACEMENT_3D ( 'NONE', #40, #947, #318 ) ;
#1295 = DIRECTION ( 'NONE',  ( -1.000000000000000000, 0.000000000000000000, 0.000000000000000000 ) ) ;
#1296 = ORIENTED_EDGE ( 'NONE', *, *, #187, .F. ) ;
#1297 = EDGE_LOOP ( 'NONE', ( #591, #722, #194, #518 ) ) ;
#1298 = EDGE_CURVE ( 'NONE', #1696, #623, #1457, .T. ) ;
#1299 = CARTESIAN_POINT ( 'NONE',  ( 10.78486121832345290, 21.00000000000000000, -24.23565573770490644 ) ) ;
#1300 = DIRECTION ( 'NONE',  ( 0.000000000000000000, -1.000000000000000000, 0.000000000000000000 ) ) ;
#1301 = DIRECTION ( 'NONE',  ( 1.000000000000000000, 0.000000000000000000, 0.000000000000000000 ) ) ;
#1302 = VERTEX_POINT ( 'NONE', #1177 ) ;
#1303 = DIRECTION ( 'NONE',  ( -0.8660254037844390407, 0.000000000000000000, -0.4999999999999995004 ) ) ;
#1304 = CIRCLE ( 'NONE', #1523, 2.999999999999999112 ) ;
#1305 = VECTOR ( 'NONE', #1428, 1000.000000000000000 ) ;
#1306 = ORIENTED_EDGE ( 'NONE', *, *, #316, .F. ) ;
#1307 = CARTESIAN_POINT ( 'NONE',  ( -13.83052238365862507, 7.000000000000002665, -12.60946258518394458 ) ) ;
#1308 = CC_DESIGN_PERSON_AND_ORGANIZATION_ASSIGNMENT ( #1473, #1326, ( #1183 ) ) ;
#1309 = EDGE_LOOP ( 'NONE', ( #971, #285, #1241, #1155 ) ) ;
#1310 = DIRECTION ( 'NONE',  ( -0.000000000000000000, 1.000000000000000000, -0.000000000000000000 ) ) ;
#1311 = DIRECTION ( 'NONE',  ( -0.000000000000000000, 1.000000000000000000, -0.000000000000000000 ) ) ;
#1312 = DESIGN_CONTEXT ( 'detailed design', #1170, 'design' ) ;
#1313 = PLANE ( 'NONE',  #601 ) ;
#1314 = VERTEX_POINT ( 'NONE', #277 ) ;
#1315 = CARTESIAN_POINT ( 'NONE',  ( -15.09079381788057006, 7.000000000000002665, -14.16243261454193814 ) ) ;
#1316 = FACE_OUTER_BOUND ( 'NONE', #798, .T. ) ;
#1317 = DIRECTION ( 'NONE',  ( -0.6761778414117567415, 0.000000000000000000, 0.7367384385137898395 ) ) ;
#1318 = ORIENTED_EDGE ( 'NONE', *, *, #502, .T. ) ;
#1319 = ADVANCED_FACE ( 'NONE', ( #8, #382 ), #803, .T. ) ;
#1320 = DIRECTION ( 'NONE',  ( -0.000000000000000000, 0.000000000000000000, 1.000000000000000000 ) ) ;
#1321 =( GEOMETRIC_REPRESENTATION_CONTEXT ( 3 ) GLOBAL_UNCERTAINTY_ASSIGNED_CONTEXT ( ( #353 ) ) GLOBAL_UNIT_ASSIGNED_CONTEXT ( ( #538, #398, #250 ) ) REPRESENTATION_CONTEXT ( 'NONE', 'WORKASPACE' ) );
#1322 = ORIENTED_EDGE ( 'NONE', *, *, #782, .T. ) ;
#1323 = CARTESIAN_POINT ( 'NONE',  ( 18.09426229508196471, 25.00000000000000000, -35.23565573770491000 ) ) ;
#1324 = ORIENTED_EDGE ( 'NONE', *, *, #1499, .T. ) ;
#1325 = DIRECTION ( 'NONE',  ( -0.000000000000000000, 1.000000000000000000, -0.000000000000000000 ) ) ;
#1326 = PERSON_AND_ORGANIZATION_ROLE ( 'creator' ) ;
#1327 = FACE_OUTER_BOUND ( 'NONE', #1309, .T. ) ;
#1328 = ORIENTED_EDGE ( 'NONE', *, *, #1010, .F. ) ;
#1329 = AXIS2_PLACEMENT_3D ( 'NONE', #1330, #547, #423 ) ;
#1330 = CARTESIAN_POINT ( 'NONE',  ( -40.99551915907969146, 25.00000000000000000, -27.23565573770490644 ) ) ;
#1331 = VECTOR ( 'NONE', #379, 1000.000000000000000 ) ;
#1332 = ORIENTED_EDGE ( 'NONE', *, *, #784, .F. ) ;
#1333 = DIRECTION ( 'NONE',  ( 0.000000000000000000, 1.000000000000000000, 0.000000000000000000 ) ) ;
#1334 = DIRECTION ( 'NONE',  ( -0.000000000000000000, 1.000000000000000000, -0.000000000000000000 ) ) ;
#1335 = VERTEX_POINT ( 'NONE', #1450 ) ;
#1336 = ADVANCED_FACE ( 'NONE', ( #163 ), #523, .F. ) ;
#1337 = CARTESIAN_POINT ( 'NONE',  ( -40.99551915907967015, 7.000000000000002665, -29.23565573770490289 ) ) ;
#1338 = CARTESIAN_POINT ( 'NONE',  ( -42.54848918843766370, 25.00000000000000000, -25.97538430348295790 ) ) ;
#1339 = SHAPE_DEFINITION_REPRESENTATION ( #179, #1406 ) ;
#1340 = DIRECTION ( 'NONE',  ( 0.000000000000000000, 1.000000000000000000, 0.000000000000000000 ) ) ;
#1341 = VECTOR ( 'NONE', #1587, 1000.000000000000000 ) ;
#1342 = VERTEX_POINT ( 'NONE', #1025 ) ;
#1343 = ADVANCED_FACE ( 'NONE', ( #797 ), #1313, .F. ) ;
#1344 = AXIS2_PLACEMENT_3D ( 'NONE', #940, #684, #55 ) ;
#1345 = DIRECTION ( 'NONE',  ( -0.000000000000000000, 1.000000000000000000, -0.000000000000000000 ) ) ;
#1346 = EDGE_CURVE ( 'NONE', #9, #1509, #953, .T. ) ;
#1347 = VERTEX_POINT ( 'NONE', #1350 ) ;
#1348 = LINE ( 'NONE', #1488, #1243 ) ;
#1349 = MECHANICAL_CONTEXT ( 'NONE', #1606, 'mechanical' ) ;
#1350 = CARTESIAN_POINT ( 'NONE',  ( 15.22396782321556330, 4.000000000000000000, -16.54689755781712890 ) ) ;
#1351 = ORIENTED_EDGE ( 'NONE', *, *, #954, .F. ) ;
#1352 = CARTESIAN_POINT ( 'NONE',  ( -11.67698661686429062, 7.000000000000002665, -29.23565573770491000 ) ) ;
#1353 = CIRCLE ( 'NONE', #69, 1.999999999999998224 ) ;
#1354 = CARTESIAN_POINT ( 'NONE',  ( -30.90694950897686510, 7.000000000000002665, -11.63009191101833828 ) ) ;
#1355 = APPROVAL_ROLE ( '' ) ;
#1356 = VECTOR ( 'NONE', #980, 1000.000000000000114 ) ;
#1357 = ADVANCED_FACE ( 'NONE', ( #1223 ), #433, .F. ) ;
#1358 = DIRECTION ( 'NONE',  ( 0.000000000000000000, 0.000000000000000000, 1.000000000000000000 ) ) ;
#1359 = DIRECTION ( 'NONE',  ( -0.8660254037844384856, 0.000000000000000000, 0.5000000000000004441 ) ) ;
#1360 = FACE_OUTER_BOUND ( 'NONE', #224, .T. ) ;
#1361 = DIRECTION ( 'NONE',  ( -1.000000000000000000, 0.000000000000000000, -9.774441319107797612E-15 ) ) ;
#1362 = LINE ( 'NONE', #1202, #548 ) ;
#1363 = EDGE_CURVE ( 'NONE', #1335, #895, #1594, .T. ) ;
#1364 = ORIENTED_EDGE ( 'NONE', *, *, #290, .T. ) ;
#1365 = DIRECTION ( 'NONE',  ( -0.000000000000000000, -1.000000000000000000, -0.000000000000000000 ) ) ;
#1366 = AXIS2_PLACEMENT_3D ( 'NONE', #202, #1126, #849 ) ;
#1367 = ORIENTED_EDGE ( 'NONE', *, *, #645, .F. ) ;
#1368 = CARTESIAN_POINT ( 'NONE',  ( -78.46486015509451306, 7.000000000000002665, -13.23565573770491000 ) ) ;
#1369 = CC_DESIGN_APPROVAL ( #444, ( #634 ) ) ;
#1370 = FACE_OUTER_BOUND ( 'NONE', #1012, .T. ) ;
#1371 = PLANE ( 'NONE',  #882 ) ;
#1372 = EDGE_CURVE ( 'NONE', #594, #736, #1490, .T. ) ;
#1373 = DIRECTION ( 'NONE',  ( -0.6301357171109722710, 0.000000000000000000, -0.7764850146789961105 ) ) ;
#1374 = VERTEX_POINT ( 'NONE', #1627 ) ;
#1375 = DIRECTION ( 'NONE',  ( -0.000000000000000000, 1.000000000000000000, -0.000000000000000000 ) ) ;
#1376 = EDGE_LOOP ( 'NONE', ( #1558, #1194, #157, #752 ) ) ;
#1377 = ORIENTED_EDGE ( 'NONE', *, *, #632, .F. ) ;
#1378 = CARTESIAN_POINT ( 'NONE',  ( -40.95977088954332856, 25.00000000000000000, -14.49592717192685498 ) ) ;
#1379 = AXIS2_PLACEMENT_3D ( 'NONE', #697, #424, #1233 ) ;
#1380 = FACE_OUTER_BOUND ( 'NONE', #1671, .T. ) ;
#1381 = DIRECTION ( 'NONE',  ( 0.000000000000000000, -1.000000000000000000, 0.000000000000000000 ) ) ;
#1382 = CIRCLE ( 'NONE', #1607, 2.000000000000001776 ) ;
#1383 = PLANE ( 'NONE',  #217 ) ;
#1384 = ORIENTED_EDGE ( 'NONE', *, *, #911, .F. ) ;
#1385 = EDGE_CURVE ( 'NONE', #1374, #57, #1076, .T. ) ;
#1386 = DIRECTION ( 'NONE',  ( 1.000000000000000000, 0.000000000000000000, 0.000000000000000000 ) ) ;
#1387 = VERTEX_POINT ( 'NONE', #1092 ) ;
#1388 = ORIENTED_EDGE ( 'NONE', *, *, #213, .F. ) ;
#1389 = ADVANCED_FACE ( 'NONE', ( #1085 ), #1475, .F. ) ;
#1390 = LINE ( 'NONE', #1652, #1273 ) ;
#1391 = FACE_OUTER_BOUND ( 'NONE', #507, .T. ) ;
#1392 = DIRECTION ( 'NONE',  ( -0.000000000000000000, 1.000000000000000000, -0.000000000000000000 ) ) ;
#1393 = DIRECTION ( 'NONE',  ( 0.000000000000000000, 0.000000000000000000, 1.000000000000000000 ) ) ;
#1394 = CARTESIAN_POINT ( 'NONE',  ( 15.40366337184045697, 21.00000000000000000, -24.23565573770490644 ) ) ;
#1395 = VERTEX_POINT ( 'NONE', #545 ) ;
#1396 = VERTEX_POINT ( 'NONE', #969 ) ;
#1397 = CARTESIAN_POINT ( 'NONE',  ( -138.2900345713180457, 25.00000000000000000, -11.23565573770491000 ) ) ;
#1398 = VECTOR ( 'NONE', #761, 1000.000000000000000 ) ;
#1399 = EDGE_CURVE ( 'NONE', #116, #1069, #126, .T. ) ;
#1400 = AXIS2_PLACEMENT_3D ( 'NONE', #990, #1516, #344 ) ;
#1401 = CARTESIAN_POINT ( 'NONE',  ( 10.96455676694829506, 0.000000000000000000, -16.54689755781716798 ) ) ;
#1402 = DIRECTION ( 'NONE',  ( -7.751644176374085761E-17, 0.000000000000000000, 1.000000000000000000 ) ) ;
#1403 = APPROVAL_PERSON_ORGANIZATION ( #295, #1538, #1355 ) ;
#1404 = CARTESIAN_POINT ( 'NONE',  ( -65.61567340862694664, 25.00000000000000000, -29.23565573770491000 ) ) ;
#1405 = DIRECTION ( 'NONE',  ( 0.7764850146789968877, 0.000000000000000000, -0.6301357171109711608 ) ) ;
#1406 = ADVANCED_BREP_SHAPE_REPRESENTATION ( 'UPPER-ARME_Default_sldprt', ( #709, #799 ), #1321 ) ;
#1407 = ORIENTED_EDGE ( 'NONE', *, *, #622, .F. ) ;
#1408 = ORIENTED_EDGE ( 'NONE', *, *, #701, .T. ) ;
#1409 = CYLINDRICAL_SURFACE ( 'NONE', #1411, 1.999999999999994893 ) ;
#1410 = ADVANCED_FACE ( 'NONE', ( #327 ), #171, .F. ) ;
#1411 = AXIS2_PLACEMENT_3D ( 'NONE', #737, #331, #877 ) ;
#1412 = CARTESIAN_POINT ( 'NONE',  ( 17.71306444859895635, 25.00000000000000000, -20.23565573770491000 ) ) ;
#1413 = ORIENTED_EDGE ( 'NONE', *, *, #1494, .F. ) ;
#1414 = VECTOR ( 'NONE', #633, 1000.000000000000227 ) ;
#1415 = EDGE_CURVE ( 'NONE', #805, #1189, #984, .T. ) ;
#1416 = VECTOR ( 'NONE', #858, 1000.000000000000000 ) ;
#1417 = CARTESIAN_POINT ( 'NONE',  ( -28.09370804539696564, 25.00000000000000000, -11.33739331588228794 ) ) ;
#1418 = VECTOR ( 'NONE', #135, 999.9999999999998863 ) ;
#1419 = ORIENTED_EDGE ( 'NONE', *, *, #1036, .T. ) ;
#1420 = ORIENTED_EDGE ( 'NONE', *, *, #1104, .T. ) ;
#1421 = CARTESIAN_POINT ( 'NONE',  ( -29.35397947961891063, 7.000000000000002665, -12.89036334524028327 ) ) ;
#1422 = CARTESIAN_POINT ( 'NONE',  ( 10.96455676694829506, 0.000000000000000000, -16.54689755781716798 ) ) ;
#1423 = FACE_BOUND ( 'NONE', #847, .T. ) ;
#1424 = CARTESIAN_POINT ( 'NONE',  ( 8.834851238814701802, 4.000000000000000000, -20.23565573770493842 ) ) ;
#1425 = ADVANCED_FACE ( 'NONE', ( #1611 ), #844, .F. ) ;
#1426 = ORIENTED_EDGE ( 'NONE', *, *, #1113, .T. ) ;
#1427 = VERTEX_POINT ( 'NONE', #817 ) ;
#1428 = DIRECTION ( 'NONE',  ( -0.000000000000000000, 1.000000000000000000, -0.000000000000000000 ) ) ;
#1429 = VECTOR ( 'NONE', #467, 1000.000000000000114 ) ;
#1430 = DIRECTION ( 'NONE',  ( 0.000000000000000000, 0.000000000000000000, 1.000000000000000000 ) ) ;
#1431 = DIRECTION ( 'NONE',  ( 0.000000000000000000, -0.000000000000000000, 1.000000000000000000 ) ) ;
#1432 = PLANE ( 'NONE',  #313 ) ;
#1433 = ORIENTED_EDGE ( 'NONE', *, *, #1569, .T. ) ;
#1434 = DIRECTION ( 'NONE',  ( -0.000000000000000000, 1.000000000000000000, -0.000000000000000000 ) ) ;
#1435 = ORIENTED_EDGE ( 'NONE', *, *, #1148, .F. ) ;
#1436 = DIRECTION ( 'NONE',  ( -0.000000000000000000, 1.000000000000000000, -0.000000000000000000 ) ) ;
#1437 = CARTESIAN_POINT ( 'NONE',  ( -13.83052238365862685, 25.00000000000000000, -10.60946258518394281 ) ) ;
#1438 = PLANE ( 'NONE',  #742 ) ;
#1439 = VECTOR ( 'NONE', #447, 1000.000000000000000 ) ;
#1440 = VECTOR ( 'NONE', #1444, 1000.000000000000000 ) ;
#1441 = EDGE_LOOP ( 'NONE', ( #993, #375, #1670, #454 ) ) ;
#1442 = EDGE_CURVE ( 'NONE', #386, #903, #1208, .T. ) ;
#1443 = CIRCLE ( 'NONE', #112, 1.999999999999998224 ) ;
#1444 = DIRECTION ( 'NONE',  ( 1.000000000000000000, 0.000000000000000000, 1.058897809570010527E-14 ) ) ;
#1445 = EDGE_CURVE ( 'NONE', #564, #386, #1362, .T. ) ;
#1446 = EDGE_LOOP ( 'NONE', ( #15, #6 ) ) ;
#1447 = CARTESIAN_POINT ( 'NONE',  ( 18.09426229508196471, 0.000000000000000000, -35.23565573770491000 ) ) ;
#1448 = CARTESIAN_POINT ( 'NONE',  ( -141.9057377049180388, 25.00000000000000000, -20.23565573770491000 ) ) ;
#1449 = VERTEX_POINT ( 'NONE', #297 ) ;
#1450 = CARTESIAN_POINT ( 'NONE',  ( 13.09426229508196826, 21.00000000000000000, -23.23565573770490289 ) ) ;
#1451 = ORIENTED_EDGE ( 'NONE', *, *, #1139, .F. ) ;
#1452 = DIRECTION ( 'NONE',  ( 0.000000000000000000, 0.000000000000000000, 1.000000000000000000 ) ) ;
#1453 = ORIENTED_EDGE ( 'NONE', *, *, #1494, .T. ) ;
#1454 = CARTESIAN_POINT ( 'NONE',  ( 2.709039979720813118, 7.000000000000002665, -26.03170357312926342 ) ) ;
#1455 = ADVANCED_FACE ( 'NONE', ( #177 ), #1215, .F. ) ;
#1456 = PERSON_AND_ORGANIZATION ( #1162, #61 ) ;
#1457 = LINE ( 'NONE', #399, #266 ) ;
#1458 = AXIS2_PLACEMENT_3D ( 'NONE', #46, #700, #1228 ) ;
#1459 = LINE ( 'NONE', #1033, #1418 ) ;
#1460 = FACE_OUTER_BOUND ( 'NONE', #245, .T. ) ;
#1461 = ORIENTED_EDGE ( 'NONE', *, *, #1547, .F. ) ;
#1462 = CARTESIAN_POINT ( 'NONE',  ( 8.834851238814701802, 4.000000000000000000, -20.23565573770493842 ) ) ;
#1463 = DATE_AND_TIME ( #675, #181 ) ;
#1464 = DIRECTION ( 'NONE',  ( -0.000000000000000000, -1.000000000000000000, -0.000000000000000000 ) ) ;
#1465 = ADVANCED_FACE ( 'NONE', ( #60 ), #561, .F. ) ;
#1466 = VECTOR ( 'NONE', #944, 1000.000000000000000 ) ;
#1467 = ORIENTED_EDGE ( 'NONE', *, *, #428, .F. ) ;
#1468 = VECTOR ( 'NONE', #1217, 1000.000000000000000 ) ;
#1469 = CARTESIAN_POINT ( 'NONE',  ( 8.475460141564953531, 25.00000000000000000, -20.23565573770490644 ) ) ;
#1470 = AXIS2_PLACEMENT_3D ( 'NONE', #854, #1375, #1259 ) ;
#1471 = VERTEX_POINT ( 'NONE', #750 ) ;
#1472 = LINE ( 'NONE', #1661, #212 ) ;
#1473 = PERSON_AND_ORGANIZATION ( #1162, #61 ) ;
#1474 = EDGE_CURVE ( 'NONE', #1169, #80, #418, .T. ) ;
#1475 = CYLINDRICAL_SURFACE ( 'NONE', #334, 1.999999999999998224 ) ;
#1476 = EDGE_CURVE ( 'NONE', #564, #1686, #220, .T. ) ;
#1477 = VERTEX_POINT ( 'NONE', #457 ) ;
#1478 = DIRECTION ( 'NONE',  ( -1.000000000000000000, 0.000000000000000000, 9.547925558469792101E-17 ) ) ;
#1479 = FACE_OUTER_BOUND ( 'NONE', #141, .T. ) ;
#1480 = PERSON_AND_ORGANIZATION ( #1162, #61 ) ;
#1481 = CARTESIAN_POINT ( 'NONE',  ( -141.9057377049180388, 25.00000000000000000, -5.235655737704909996 ) ) ;
#1482 = VECTOR ( 'NONE', #1392, 1000.000000000000000 ) ;
#1483 = ORIENTED_EDGE ( 'NONE', *, *, #598, .T. ) ;
#1484 = VECTOR ( 'NONE', #655, 1000.000000000000000 ) ;
#1485 = EDGE_CURVE ( 'NONE', #1449, #9, #581, .T. ) ;
#1486 = DIRECTION ( 'NONE',  ( 0.5000000000000004441, 0.000000000000000000, 0.8660254037844384856 ) ) ;
#1487 = ADVANCED_FACE ( 'NONE', ( #1235 ), #362, .F. ) ;
#1488 = CARTESIAN_POINT ( 'NONE',  ( 17.71306444859895635, 21.00000000000000000, -20.23565573770491000 ) ) ;
#1489 = DATE_AND_TIME ( #1099, #1625 ) ;
#1490 = LINE ( 'NONE', #448, #203 ) ;
#1491 = ORIENTED_EDGE ( 'NONE', *, *, #183, .T. ) ;
#1492 = VECTOR ( 'NONE', #907, 1000.000000000000000 ) ;
#1493 = DIRECTION ( 'NONE',  ( 0.000000000000000000, 1.000000000000000000, 0.000000000000000000 ) ) ;
#1494 = EDGE_CURVE ( 'NONE', #607, #116, #730, .T. ) ;
#1495 = AXIS2_PLACEMENT_3D ( 'NONE', #673, #1071, #565 ) ;
#1496 = ORIENTED_EDGE ( 'NONE', *, *, #560, .T. ) ;
#1497 = VECTOR ( 'NONE', #1365, 1000.000000000000000 ) ;
#1498 = FACE_OUTER_BOUND ( 'NONE', #422, .T. ) ;
#1499 = EDGE_CURVE ( 'NONE', #1374, #330, #977, .T. ) ;
#1500 = AXIS2_PLACEMENT_3D ( 'NONE', #1454, #1049, #801 ) ;
#1501 = DIRECTION ( 'NONE',  ( 0.000000000000000000, 1.000000000000000000, 0.000000000000000000 ) ) ;
#1502 = EDGE_LOOP ( 'NONE', ( #1433, #897, #1212, #1318 ) ) ;
#1503 = CARTESIAN_POINT ( 'NONE',  ( 10.78486121832345646, 25.00000000000000000, -16.23565573770491000 ) ) ;
#1504 = ORIENTED_EDGE ( 'NONE', *, *, #571, .T. ) ;
#1505 = CARTESIAN_POINT ( 'NONE',  ( -29.35397947961891063, 7.000000000000002665, -12.89036334524028327 ) ) ;
#1506 = ADVANCED_FACE ( 'NONE', ( #1256 ), #740, .F. ) ;
#1507 = DIRECTION ( 'NONE',  ( 1.000000000000000000, 0.000000000000000000, -2.271463352233598737E-16 ) ) ;
#1508 = DIRECTION ( 'NONE',  ( 0.000000000000000000, 0.000000000000000000, -1.000000000000000000 ) ) ;
#1509 = VERTEX_POINT ( 'NONE', #1515 ) ;
#1510 = FACE_OUTER_BOUND ( 'NONE', #1132, .T. ) ;
#1511 = ORIENTED_EDGE ( 'NONE', *, *, #577, .T. ) ;
#1512 = CIRCLE ( 'NONE', #153, 1.999999999999998224 ) ;
#1513 = FACE_OUTER_BOUND ( 'NONE', #358, .T. ) ;
#1514 = LINE ( 'NONE', #729, #1247 ) ;
#1515 = CARTESIAN_POINT ( 'NONE',  ( 15.22396782321556330, 0.000000000000000000, -16.54689755781712890 ) ) ;
#1516 = DIRECTION ( 'NONE',  ( 0.000000000000000000, -1.000000000000000000, 0.000000000000000000 ) ) ;
#1517 = ORIENTED_EDGE ( 'NONE', *, *, #1445, .T. ) ;
#1518 = ADVANCED_FACE ( 'NONE', ( #111 ), #618, .F. ) ;
#1519 = CARTESIAN_POINT ( 'NONE',  ( -66.36499881975349524, 25.00000000000000000, -14.58801142052842081 ) ) ;
#1520 = VERTEX_POINT ( 'NONE', #99 ) ;
#1521 = ORIENTED_EDGE ( 'NONE', *, *, #87, .F. ) ;
#1522 = DIRECTION ( 'NONE',  ( 0.000000000000000000, 0.000000000000000000, 1.000000000000000000 ) ) ;
#1523 = AXIS2_PLACEMENT_3D ( 'NONE', #279, #273, #792 ) ;
#1524 = CARTESIAN_POINT ( 'NONE',  ( 18.09426229508196471, 0.000000000000000000, -20.23565573770490644 ) ) ;
#1525 = PLANE ( 'NONE',  #1232 ) ;
#1526 = VECTOR ( 'NONE', #997, 999.9999999999998863 ) ;
#1527 = LINE ( 'NONE', #863, #658 ) ;
#1528 = EDGE_CURVE ( 'NONE', #211, #1004, #241, .T. ) ;
#1529 = PLANE ( 'NONE',  #1197 ) ;
#1530 = ORIENTED_EDGE ( 'NONE', *, *, #381, .T. ) ;
#1531 = ORIENTED_EDGE ( 'NONE', *, *, #843, .F. ) ;
#1532 = DIRECTION ( 'NONE',  ( -0.000000000000000000, 1.000000000000000000, -0.000000000000000000 ) ) ;
#1533 = CARTESIAN_POINT ( 'NONE',  ( 13.09426229508196826, 36.99999999999999289, -20.23565573770490289 ) ) ;
#1534 = DIRECTION ( 'NONE',  ( 0.000000000000000000, 1.000000000000000000, 0.000000000000000000 ) ) ;
#1535 = CARTESIAN_POINT ( 'NONE',  ( 1.448768545498869909, 25.00000000000000000, -27.58467360248725697 ) ) ;
#1536 = LINE ( 'NONE', #703, #970 ) ;
#1537 = ORIENTED_EDGE ( 'NONE', *, *, #956, .F. ) ;
#1538 = APPROVAL ( #45, 'UNSPECIFIED' ) ;
#1539 = CARTESIAN_POINT ( 'NONE',  ( 13.09426229508196826, 4.000000000000000000, -20.23565573770490289 ) ) ;
#1540 = VECTOR ( 'NONE', #568, 1000.000000000000000 ) ;
#1541 = ADVANCED_FACE ( 'NONE', ( #859, #332 ), #1675, .T. ) ;
#1542 = CARTESIAN_POINT ( 'NONE',  ( 10.96455676694836789, 4.000000000000000000, -23.92441391759268399 ) ) ;
#1543 = DIRECTION ( 'NONE',  ( -0.000000000000000000, 1.000000000000000000, -0.000000000000000000 ) ) ;
#1544 = DIRECTION ( 'NONE',  ( 0.000000000000000000, 1.000000000000000000, 0.000000000000000000 ) ) ;
#1545 = EDGE_LOOP ( 'NONE', ( #1419, #1322, #875, #852 ) ) ;
#1546 = EDGE_LOOP ( 'NONE', ( #856, #554, #830, #631, #1603, #328 ) ) ;
#1547 = EDGE_CURVE ( 'NONE', #383, #1520, #891, .T. ) ;
#1548 = FACE_OUTER_BOUND ( 'NONE', #159, .T. ) ;
#1549 = VECTOR ( 'NONE', #267, 1000.000000000000000 ) ;
#1550 = DIRECTION ( 'NONE',  ( 0.000000000000000000, 0.000000000000000000, 1.000000000000000000 ) ) ;
#1551 = ADVANCED_FACE ( 'NONE', ( #1016 ), #1371, .F. ) ;
#1552 = FACE_OUTER_BOUND ( 'NONE', #528, .T. ) ;
#1553 = CIRCLE ( 'NONE', #668, 1.999999999999970468 ) ;
#1554 = CARTESIAN_POINT ( 'NONE',  ( -54.48796302352070597, 7.000000000000002665, -27.52879159815107357 ) ) ;
#1555 = ORIENTED_EDGE ( 'NONE', *, *, #557, .F. ) ;
#1556 = ORIENTED_EDGE ( 'NONE', *, *, #861, .T. ) ;
#1557 = DIRECTION ( 'NONE',  ( 0.000000000000000000, 1.000000000000000000, 0.000000000000000000 ) ) ;
#1558 = ORIENTED_EDGE ( 'NONE', *, *, #1139, .T. ) ;
#1559 = FACE_OUTER_BOUND ( 'NONE', #474, .T. ) ;
#1560 = LINE ( 'NONE', #789, #525 ) ;
#1561 = ORIENTED_EDGE ( 'NONE', *, *, #1161, .F. ) ;
#1562 = CC_DESIGN_PERSON_AND_ORGANIZATION_ASSIGNMENT ( #945, #833, ( #851 ) ) ;
#1563 = LINE ( 'NONE', #1695, #1484 ) ;
#1564 = VERTEX_POINT ( 'NONE', #717 ) ;
#1565 = CARTESIAN_POINT ( 'NONE',  ( -53.01448614649312674, 7.000000000000002665, -26.17643591532756631 ) ) ;
#1566 = VECTOR ( 'NONE', #1182, 1000.000000000000000 ) ;
#1567 = LINE ( 'NONE', #659, #296 ) ;
#1568 = AXIS2_PLACEMENT_3D ( 'NONE', #719, #1544, #1248 ) ;
#1569 = EDGE_CURVE ( 'NONE', #1035, #1631, #679, .T. ) ;
#1570 = CARTESIAN_POINT ( 'NONE',  ( 15.40366337184045697, 25.00000000000000000, -24.23565573770490644 ) ) ;
#1571 = ADVANCED_FACE ( 'NONE', ( #352, #1008, #1644 ), #1525, .F. ) ;
#1572 = ORIENTED_EDGE ( 'NONE', *, *, #1262, .F. ) ;
#1573 = FACE_OUTER_BOUND ( 'NONE', #1441, .T. ) ;
#1574 = ORIENTED_EDGE ( 'NONE', *, *, #1298, .T. ) ;
#1575 = DIRECTION ( 'NONE',  ( 0.000000000000000000, -1.000000000000000000, 0.000000000000000000 ) ) ;
#1576 = CARTESIAN_POINT ( 'NONE',  ( 10.78486121832345646, 21.00000000000000000, -16.23565573770491000 ) ) ;
#1577 = ORIENTED_EDGE ( 'NONE', *, *, #428, .T. ) ;
#1578 = VECTOR ( 'NONE', #666, 1000.000000000000000 ) ;
#1579 = DIRECTION ( 'NONE',  ( -0.7764850146789963325, 0.000000000000000000, 0.6301357171109720490 ) ) ;
#1580 = AXIS2_PLACEMENT_3D ( 'NONE', #596, #929, #385 ) ;
#1581 = VECTOR ( 'NONE', #1434, 1000.000000000000000 ) ;
#1582 = ORIENTED_EDGE ( 'NONE', *, *, #1415, .F. ) ;
#1583 = AXIS2_PLACEMENT_3D ( 'NONE', #1605, #664, #50 ) ;
#1584 = EDGE_CURVE ( 'NONE', #1520, #244, #150, .T. ) ;
#1585 = PLANE ( 'NONE',  #862 ) ;
#1586 = LINE ( 'NONE', #1066, #1492 ) ;
#1587 = DIRECTION ( 'NONE',  ( -0.000000000000000000, 1.000000000000000000, -0.000000000000000000 ) ) ;
#1588 = CYLINDRICAL_SURFACE ( 'NONE', #1097, 2.000000000000001776 ) ;
#1589 = ORIENTED_EDGE ( 'NONE', *, *, #225, .T. ) ;
#1590 = LINE ( 'NONE', #942, #320 ) ;
#1591 = CARTESIAN_POINT ( 'NONE',  ( -51.46151611713514029, 7.000000000000002665, -27.43670734954950774 ) ) ;
#1592 = PERSON_AND_ORGANIZATION_ROLE ( 'design_owner' ) ;
#1593 = EDGE_CURVE ( 'NONE', #292, #736, #1061, .T. ) ;
#1594 = LINE ( 'NONE', #553, #822 ) ;
#1595 = AXIS2_PLACEMENT_3D ( 'NONE', #479, #1267, #342 ) ;
#1596 = ORIENTED_EDGE ( 'NONE', *, *, #1276, .F. ) ;
#1597 = LINE ( 'NONE', #840, #191 ) ;
#1598 = CARTESIAN_POINT ( 'NONE',  ( 10.78486121832345646, 25.00000000000000000, -16.23565573770491000 ) ) ;
#1599 = APPROVAL_DATE_TIME ( #1221, #444 ) ;
#1600 = EDGE_CURVE ( 'NONE', #21, #914, #1050, .T. ) ;
#1601 = CARTESIAN_POINT ( 'NONE',  ( -64.89152194272590179, 25.00000000000000000, -13.23565573770491000 ) ) ;
#1602 = AXIS2_PLACEMENT_3D ( 'NONE', #1121, #118, #96 ) ;
#1603 = ORIENTED_EDGE ( 'NONE', *, *, #1073, .T. ) ;
#1604 = VECTOR ( 'NONE', #132, 1000.000000000000000 ) ;
#1605 = CARTESIAN_POINT ( 'NONE',  ( -40.99551915907969146, 7.000000000000002665, -27.23565573770490644 ) ) ;
#1606 = APPLICATION_CONTEXT ( 'configuration controlled 3d designs of mechanical parts and assemblies' ) ;
#1607 = AXIS2_PLACEMENT_3D ( 'NONE', #470, #373, #1278 ) ;
#1608 = ORIENTED_EDGE ( 'NONE', *, *, #764, .T. ) ;
#1609 = LINE ( 'NONE', #951, #893 ) ;
#1610 = DIRECTION ( 'NONE',  ( 1.000000000000000000, 0.000000000000000000, 0.000000000000000000 ) ) ;
#1611 = FACE_OUTER_BOUND ( 'NONE', #1176, .T. ) ;
#1612 = EDGE_CURVE ( 'NONE', #1347, #1509, #405, .T. ) ;
#1613 = ORIENTED_EDGE ( 'NONE', *, *, #1485, .F. ) ;
#1614 = DIRECTION ( 'NONE',  ( 0.000000000000000000, -0.000000000000000000, 1.000000000000000000 ) ) ;
#1615 = ORIENTED_EDGE ( 'NONE', *, *, #976, .T. ) ;
#1616 = DIRECTION ( 'NONE',  ( 0.000000000000000000, -0.000000000000000000, 1.000000000000000000 ) ) ;
#1617 = COORDINATED_UNIVERSAL_TIME_OFFSET ( 1, 0, .AHEAD. ) ;
#1618 = CARTESIAN_POINT ( 'NONE',  ( 2.709039979720813118, 25.00000000000000000, -26.03170357312926342 ) ) ;
#1619 = EDGE_CURVE ( 'NONE', #1189, #124, #268, .T. ) ;
#1620 = VECTOR ( 'NONE', #1543, 1000.000000000000000 ) ;
#1621 = FACE_OUTER_BOUND ( 'NONE', #437, .T. ) ;
#1622 = AXIS2_PLACEMENT_3D ( 'NONE', #363, #79, #1645 ) ;
#1623 = EDGE_CURVE ( 'NONE', #585, #1046, #1023, .T. ) ;
#1624 = DIRECTION ( 'NONE',  ( 0.000000000000000000, 0.000000000000000000, 1.000000000000000000 ) ) ;
#1625 = LOCAL_TIME ( 14, 41, 30.00000000000000000, #961 ) ;
#1626 = LINE ( 'NONE', #807, #1439 ) ;
#1627 = CARTESIAN_POINT ( 'NONE',  ( -13.83052238365862507, 7.000000000000002665, -10.60946258518394281 ) ) ;
#1628 = ORIENTED_EDGE ( 'NONE', *, *, #1547, .T. ) ;
#1629 = CARTESIAN_POINT ( 'NONE',  ( -136.8905813314196109, 0.000000000000000000, -22.23565573770490289 ) ) ;
#1630 = CIRCLE ( 'NONE', #1137, 1.999999999999994893 ) ;
#1631 = VERTEX_POINT ( 'NONE', #281 ) ;
#1632 = VECTOR ( 'NONE', #1270, 1000.000000000000000 ) ;
#1633 = FACE_OUTER_BOUND ( 'NONE', #1038, .T. ) ;
#1634 = AXIS2_PLACEMENT_3D ( 'NONE', #397, #1200, #1430 ) ;
#1635 = DIRECTION ( 'NONE',  ( -0.000000000000000000, 1.000000000000000000, -0.000000000000000000 ) ) ;
#1636 = CARTESIAN_POINT ( 'NONE',  ( 1.443538492304889065, 25.00000000000000000, -10.60946258518394636 ) ) ;
#1637 = ORIENTED_EDGE ( 'NONE', *, *, #911, .T. ) ;
#1638 = DIRECTION ( 'NONE',  ( 0.000000000000000000, 0.000000000000000000, -1.000000000000000000 ) ) ;
#1639 = ORIENTED_EDGE ( 'NONE', *, *, #1415, .T. ) ;
#1640 = EDGE_LOOP ( 'NONE', ( #435, #1271, #793, #638 ) ) ;
#1641 = CARTESIAN_POINT ( 'NONE',  ( -40.99551915907969146, 7.000000000000002665, -27.23565573770490644 ) ) ;
#1642 = CARTESIAN_POINT ( 'NONE',  ( -66.36499881975349524, 7.000000000000002665, -14.58801142052842081 ) ) ;
#1643 = EDGE_CURVE ( 'NONE', #244, #805, #1560, .T. ) ;
#1644 = FACE_OUTER_BOUND ( 'NONE', #521, .T. ) ;
#1645 = DIRECTION ( 'NONE',  ( 0.000000000000000000, 0.000000000000000000, -1.000000000000000000 ) ) ;
#1646 = ORIENTED_EDGE ( 'NONE', *, *, #114, .T. ) ;
#1647 = AXIS2_PLACEMENT_3D ( 'NONE', #609, #78, #1115 ) ;
#1648 = CARTESIAN_POINT ( 'NONE',  ( -65.61567340862694664, 7.000000000000002665, -29.23565573770490644 ) ) ;
#1649 = VERTEX_POINT ( 'NONE', #1154 ) ;
#1650 = VECTOR ( 'NONE', #1579, 999.9999999999998863 ) ;
#1651 = ORIENTED_EDGE ( 'NONE', *, *, #726, .T. ) ;
#1652 = CARTESIAN_POINT ( 'NONE',  ( 15.22396782321563968, 0.000000000000000000, -23.92441391759263780 ) ) ;
#1653 = EDGE_CURVE ( 'NONE', #57, #1028, #796, .T. ) ;
#1654 = CARTESIAN_POINT ( 'NONE',  ( -64.89152194272590179, 7.000000000000002665, -11.23565573770491177 ) ) ;
#1655 = DIRECTION ( 'NONE',  ( -0.8660254037844431485, 0.000000000000000000, 0.4999999999999923395 ) ) ;
#1656 = EDGE_CURVE ( 'NONE', #396, #594, #779, .T. ) ;
#1657 = DIRECTION ( 'NONE',  ( 0.000000000000000000, 1.000000000000000000, -0.000000000000000000 ) ) ;
#1658 = LINE ( 'NONE', #64, #896 ) ;
#1659 = VERTEX_POINT ( 'NONE', #5 ) ;
#1660 = ORIENTED_EDGE ( 'NONE', *, *, #299, .T. ) ;
#1661 = CARTESIAN_POINT ( 'NONE',  ( 15.40366337184045697, 25.00000000000000000, -16.23565573770491000 ) ) ;
#1662 = VECTOR ( 'NONE', #857, 1000.000000000000000 ) ;
#1663 = LINE ( 'NONE', #1401, #1526 ) ;
#1664 = DIRECTION ( 'NONE',  ( 0.000000000000000000, -0.000000000000000000, 1.000000000000000000 ) ) ;
#1665 = VECTOR ( 'NONE', #1118, 1000.000000000000000 ) ;
#1666 = CC_DESIGN_DATE_AND_TIME_ASSIGNMENT ( #1489, #952, ( #1183 ) ) ;
#1667 = CARTESIAN_POINT ( 'NONE',  ( -13.83052238365862507, 25.00000000000000000, -12.60946258518394458 ) ) ;
#1668 = CARTESIAN_POINT ( 'NONE',  ( -42.54848918843766370, 7.000000000000002665, -25.97538430348295790 ) ) ;
#1669 = EDGE_CURVE ( 'NONE', #386, #841, #1034, .T. ) ;
#1670 = ORIENTED_EDGE ( 'NONE', *, *, #1093, .T. ) ;
#1671 = EDGE_LOOP ( 'NONE', ( #1030, #765, #1377, #570 ) ) ;
#1672 = DIRECTION ( 'NONE',  ( 0.000000000000000000, 0.000000000000000000, -1.000000000000000000 ) ) ;
#1673 = ORIENTED_EDGE ( 'NONE', *, *, #738, .T. ) ;
#1674 = CYLINDRICAL_SURFACE ( 'NONE', #300, 2.999999999999999112 ) ;
#1675 = PLANE ( 'NONE',  #468 ) ;
#1676 = DIRECTION ( 'NONE',  ( 0.6301357171109720490, 0.000000000000000000, 0.7764850146789962215 ) ) ;
#1677 = ADVANCED_FACE ( 'NONE', ( #1552 ), #380, .T. ) ;
#1678 = ORIENTED_EDGE ( 'NONE', *, *, #1445, .F. ) ;
#1679 = ORIENTED_EDGE ( 'NONE', *, *, #804, .F. ) ;
#1680 = ADVANCED_FACE ( 'NONE', ( #900, #660, #14, #1423, #137, #1293 ), #1285, .T. ) ;
#1681 = CARTESIAN_POINT ( 'NONE',  ( -136.8905813314196109, 0.000000000000000000, -20.23565573770491000 ) ) ;
#1682 = AXIS2_PLACEMENT_3D ( 'NONE', #589, #1402, #1106 ) ;
#1683 = ORIENTED_EDGE ( 'NONE', *, *, #187, .T. ) ;
#1684 = FACE_OUTER_BOUND ( 'NONE', #1150, .T. ) ;
#1685 = CARTESIAN_POINT ( 'NONE',  ( -64.89152194272590179, 25.00000000000000000, -11.23565573770491177 ) ) ;
#1686 = VERTEX_POINT ( 'NONE', #908 ) ;
#1687 = DIRECTION ( 'NONE',  ( 0.000000000000000000, 0.000000000000000000, 1.000000000000000000 ) ) ;
#1688 = ORIENTED_EDGE ( 'NONE', *, *, #1584, .T. ) ;
#1689 = VERTEX_POINT ( 'NONE', #1165 ) ;
#1690 = CYLINDRICAL_SURFACE ( 'NONE', #1244, 1.999999999999970468 ) ;
#1691 = ADVANCED_FACE ( 'NONE', ( #653 ), #1191, .F. ) ;
#1692 = AXIS2_PLACEMENT_3D ( 'NONE', #360, #1242, #486 ) ;
#1693 = LINE ( 'NONE', #778, #1168 ) ;
#1694 = CIRCLE ( 'NONE', #946, 15.00000000000000000 ) ;
#1695 = CARTESIAN_POINT ( 'NONE',  ( -29.35397947961891063, 7.000000000000002665, -10.89036334524031169 ) ) ;
#1696 = VERTEX_POINT ( 'NONE', #520 ) ;
ENDSEC;
END-ISO-10303-21;
